Entry_ID,Country,Sector,Model_1_Prob,Kalshi_Market_Prob,Surprise_Gap,Move_SP500_%,Move_Nasdaq_%,Move_Dow_%,Move_Sector_Top50_%
TRX-26965E-000,Afghanistan,Metals,0.7906,0.1898,0.6008,-0.0991,-0.0324,-0.1082,-8.7123
TRX-92D009-001,Albania,Minerals,0.5967,0.1629,0.4338,-0.0425,-0.0073,-0.0,-5.6392
TRX-68CA9D-002,Algeria,Automotive,0.108,0.4601,-0.3521,0.2931,0.5862,0.0521,6.1615
TRX-F3BF94-003,Argentina,Lumber,0.5991,0.7039,-0.1048,0.0055,0.0016,0.0,1.2578
TRX-B49E99-004,Australia,Maritime,0.0653,0.7176,-0.6523,0.0496,0.0149,0.0,5.5443
TRX-A61C79-005,Brazil,Maritime,0.0108,0.9824,-0.9716,0.0738,0.0222,0.0,8.2586
TRX-ABBE01-006,Canada,Aerospace,0.3082,0.5243,-0.2161,0.0545,0.14,0.1245,2.2691
TRX-93FC83-007,Chad,Pharmaceuticals,0.2954,0.6096,-0.3142,0.2388,0.181,0.2212,2.1995
TRX-C5CCE2-008,China,Steel_Aluminum,0.0557,0.9643,-0.9085,0.1526,0.0305,0.1018,14.0825
TRX-976E9D-009,Colombia,Automotive,0.3848,0.9736,-0.5888,0.4901,0.9803,0.0871,10.3032
TRX-50D2AA-010,Egypt,Pharmaceuticals,0.0555,0.6054,-0.5499,0.4179,0.3167,0.3871,3.8491
TRX-4DC3DE-011,European Union,Lumber,0.4515,0.023,0.4285,-0.0223,-0.0067,-0.0,-5.1419
TRX-DDEB8C-012,India,Pharmaceuticals,0.9563,0.8022,0.1541,-0.1171,-0.0888,-0.1085,-1.0786
TRX-7CF50A-013,Japan,Pharmaceuticals,0.0256,0.2363,-0.2106,0.1601,0.1213,0.1483,1.4744
TRX-BEDAD7-014,Mexico,Metals,0.6078,0.8265,-0.2187,0.0361,0.0118,0.0394,3.1716
TRX-B82112-015,Nigeria,Automotive,0.9011,0.2636,0.6375,-0.5307,-1.0615,-0.0944,-11.1568
TRX-B8F166-016,South Korea,Minerals,0.7503,0.4267,0.3236,-0.0317,-0.0054,-0.0,-4.2068
TRX-9F0D30-017,United Kingdom,Maritime,0.5458,0.1912,0.3546,-0.027,-0.0081,-0.0,-3.0143
TRX-62D780-018,Vietnam,Agriculture,0.7696,0.9307,-0.1611,0.021,0.0056,0.0187,2.2551
TRX-7FDA85-019,South Africa,Energy,0.5959,0.9134,-0.3175,0.1118,0.021,0.1257,3.0162
TRX-03A741-020,Indonesia,Minerals,0.569,0.5204,0.0486,-0.0048,-0.0008,-0.0,-0.632
TRX-CF00BA-021,Turkey,Minerals,0.8376,0.7424,0.0953,-0.0093,-0.0016,-0.0,-1.2385
TRX-566BE6-022,Afghanistan,Lumber,0.585,0.956,-0.3709,0.0193,0.0058,0.0,4.4512
TRX-21E533-023,Albania,Pharmaceuticals,0.3003,0.172,0.1284,-0.0976,-0.074,-0.0904,-0.8987
TRX-EFF28A-024,Algeria,Pharmaceuticals,0.9771,0.7668,0.2103,-0.1599,-0.1212,-0.1481,-1.4724
TRX-DBC4D3-025,Argentina,Minerals,0.0154,0.8092,-0.7937,0.0778,0.0133,0.0,10.3186
TRX-C1484D-026,Australia,Aerospace,0.7071,0.7844,-0.0773,0.0195,0.0501,0.0445,0.8112
TRX-3C53F1-027,Brazil,Lumber,0.9178,0.6481,0.2697,-0.014,-0.0042,-0.0,-3.2366
TRX-FCA9D1-028,Canada,Metals,0.843,0.4505,0.3926,-0.0648,-0.0212,-0.0707,-5.6924
TRX-61BB5B-029,Chad,Aerospace,0.0723,0.3148,-0.2425,0.0611,0.1571,0.1397,2.546
TRX-206C4D-030,China,Minerals,0.6626,0.5895,0.0731,-0.0072,-0.0012,-0.0,-0.9507
TRX-1770D6-031,Colombia,Maritime,0.8795,0.4728,0.4067,-0.0309,-0.0093,-0.0,-3.4569
TRX-3FE1DE-032,Egypt,Lumber,0.9623,0.8419,0.1203,-0.0063,-0.0019,-0.0,-1.4441
TRX-26B6CA-033,European Union,Lumber,0.5601,0.7655,-0.2055,0.0107,0.0032,0.0,2.466
TRX-41A530-034,India,Metals,0.0496,0.7064,-0.6568,0.1084,0.0355,0.1182,9.524
TRX-DBE2A1-035,Japan,Steel_Aluminum,0.0349,0.1157,-0.0808,0.0136,0.0027,0.0091,1.2528
TRX-F13FF4-036,Mexico,Metals,0.4759,0.562,-0.0861,0.0142,0.0047,0.0155,1.2491
TRX-BB9072-037,Nigeria,Energy,0.8994,0.2543,0.6451,-0.2271,-0.0426,-0.2555,-6.1285
TRX-53400E-038,South Korea,Energy,0.934,0.5969,0.3371,-0.1187,-0.0222,-0.1335,-3.2025
TRX-CCAF43-039,United Kingdom,Automotive,0.168,0.9211,-0.7531,0.627,1.2539,0.1115,13.1794
TRX-5B7EC1-040,Vietnam,Pharmaceuticals,0.1134,0.4574,-0.344,0.2615,0.1982,0.2422,2.4081
TRX-B0CE31-041,South Africa,Energy,0.8847,0.5386,0.3462,-0.1218,-0.0228,-0.1371,-3.2884
TRX-605AEA-042,Indonesia,Steel_Aluminum,0.1296,0.3592,-0.2295,0.0386,0.0077,0.0257,3.5576
TRX-C1911D-043,Turkey,Aerospace,0.2767,0.6447,-0.368,0.0927,0.2385,0.212,3.8645
TRX-C07C17-044,Afghanistan,Pharmaceuticals,0.8117,0.8535,-0.0419,0.0318,0.0241,0.0295,0.293
TRX-F45870-045,Albania,Metals,0.1714,0.5334,-0.362,0.0597,0.0196,0.0652,5.2497
TRX-6A8841-046,Algeria,Lumber,0.6886,0.274,0.4146,-0.0216,-0.0065,-0.0,-4.9748
TRX-7C8F5F-047,Argentina,Minerals,0.9341,0.3267,0.6073,-0.0595,-0.0102,-0.0,-7.8951
TRX-033767-048,Australia,Minerals,0.699,0.3664,0.3326,-0.0326,-0.0056,-0.0,-4.3238
TRX-BE9A28-049,Brazil,Aerospace,0.2588,0.2519,0.0069,-0.0017,-0.0045,-0.004,-0.0724
TRX-7B7927-050,Canada,Metals,0.4973,0.3049,0.1924,-0.0318,-0.0104,-0.0346,-2.7904
TRX-8C6FFD-051,Chad,Aerospace,0.9878,0.2714,0.7163,-0.1805,-0.4642,-0.4126,-7.5216
TRX-FB2819-052,China,Agriculture,0.5026,0.0604,0.4422,-0.0577,-0.0154,-0.0513,-6.1905
TRX-BE2E9D-053,Colombia,Lumber,0.3482,0.6317,-0.2835,0.0147,0.0044,0.0,3.4019
TRX-E9E222-054,Egypt,Agriculture,0.5303,0.4488,0.0815,-0.0106,-0.0028,-0.0095,-1.1408
TRX-67F3A1-055,European Union,Maritime,0.2472,0.6687,-0.4215,0.032,0.0096,0.0,3.5826
TRX-05F29E-056,India,Minerals,0.2429,0.7237,-0.4808,0.0471,0.0081,0.0,6.25
TRX-3C931F-057,Japan,Minerals,0.4709,0.9738,-0.5029,0.0493,0.0084,0.0,6.5372
TRX-732CEA-058,Mexico,Maritime,0.5351,0.0985,0.4366,-0.0332,-0.01,-0.0,-3.7109
TRX-8AFF40-059,Nigeria,Aerospace,0.1577,0.508,-0.3503,0.0883,0.227,0.2018,3.6785
TRX-C434D6-060,South Korea,Automotive,0.5891,0.674,-0.0849,0.0707,0.1414,0.0126,1.4864
TRX-162078-061,United Kingdom,Automotive,0.7069,0.8033,-0.0964,0.0802,0.1605,0.0143,1.6867
TRX-261846-062,Vietnam,Energy,0.6423,0.1809,0.4614,-0.1624,-0.0305,-0.1827,-4.3832
TRX-B70165-063,South Africa,Aerospace,0.3996,0.5174,-0.1178,0.0297,0.0763,0.0678,1.2366
TRX-22EAFC-064,Indonesia,Minerals,0.1448,0.3442,-0.1995,0.0195,0.0034,0.0,2.5932
TRX-E62983-065,Turkey,Pharmaceuticals,0.2149,0.5406,-0.3257,0.2476,0.1876,0.2293,2.2801
TRX-BE5DBC-066,Afghanistan,Steel_Aluminum,0.2628,0.6568,-0.394,0.0662,0.0132,0.0441,6.107
TRX-785933-067,Albania,Steel_Aluminum,0.9725,0.5163,0.4562,-0.0766,-0.0153,-0.0511,-7.0714
TRX-02B069-068,Algeria,Aerospace,0.247,0.1012,0.1458,-0.0367,-0.0945,-0.084,-1.5306
TRX-A012FC-069,Argentina,Lumber,0.8924,0.6304,0.262,-0.0136,-0.0041,-0.0,-3.1436
TRX-491A55-070,Australia,Pharmaceuticals,0.2833,0.6964,-0.4131,0.3139,0.2379,0.2908,2.8914
TRX-0DDD6A-071,Brazil,Automotive,0.8492,0.4064,0.4428,-0.3686,-0.7372,-0.0655,-7.7486
TRX-7AC473-072,Canada,Aerospace,0.6392,0.0925,0.5467,-0.1378,-0.3543,-0.3149,-5.7407
TRX-121F79-073,Chad,Minerals,0.7796,0.6656,0.114,-0.0112,-0.0019,-0.0,-1.4823
TRX-6CCCC3-074,China,Automotive,0.3748,0.9313,-0.5565,0.4633,0.9266,0.0824,9.7386
TRX-F963EA-075,Colombia,Pharmaceuticals,0.015,0.1676,-0.1526,0.116,0.0879,0.1075,1.0684
TRX-5EB1C4-076,Egypt,Agriculture,0.4859,0.4495,0.0364,-0.0048,-0.0013,-0.0042,-0.5102
TRX-DDEE1A-077,European Union,Pharmaceuticals,0.1824,0.0277,0.1547,-0.1176,-0.0891,-0.1089,-1.0829
TRX-83B6C3-078,India,Lumber,0.1852,0.3691,-0.1839,0.0096,0.0029,0.0,2.2067
TRX-CDD8EB-079,Japan,Minerals,0.8422,0.6545,0.1878,-0.0184,-0.0032,-0.0,-2.4411
TRX-D7F778-080,Mexico,Aerospace,0.5417,0.5086,0.0331,-0.0083,-0.0214,-0.019,-0.347
TRX-C7CC86-081,Nigeria,Maritime,0.2699,0.2491,0.0208,-0.0016,-0.0005,-0.0,-0.1767
TRX-41468A-082,South Korea,Maritime,0.9693,0.487,0.4823,-0.0367,-0.011,-0.0,-4.0996
TRX-E0448E-083,United Kingdom,Minerals,0.6285,0.7889,-0.1604,0.0157,0.0027,0.0,2.0852
TRX-F2BE9B-084,Vietnam,Aerospace,0.5754,0.4927,0.0827,-0.0208,-0.0536,-0.0476,-0.8683
TRX-EFE632-085,South Africa,Lumber,0.2356,0.4992,-0.2636,0.0137,0.0041,0.0,3.1635
TRX-003FBA-086,Indonesia,Energy,0.0338,0.6426,-0.6087,0.2143,0.0402,0.2411,5.783
TRX-CF4309-087,Turkey,Aerospace,0.9847,0.4705,0.5141,-0.1296,-0.3331,-0.2961,-5.3982
TRX-861113-088,Afghanistan,Lumber,0.8758,0.7428,0.1331,-0.0069,-0.0021,-0.0,-1.5967
TRX-197D67-089,Albania,Lumber,0.9198,0.4296,0.4901,-0.0255,-0.0076,-0.0,-5.8816
TRX-30ACD5-090,Algeria,Lumber,0.5708,0.9707,-0.3999,0.0208,0.0062,0.0,4.7985
TRX-D57670-091,Argentina,Energy,0.2986,0.3874,-0.0888,0.0313,0.0059,0.0352,0.8439
TRX-A4381C-092,Australia,Metals,0.2731,0.4856,-0.2125,0.0351,0.0115,0.0382,3.0808
TRX-EDE2D4-093,Brazil,Agriculture,0.5557,0.9274,-0.3718,0.0485,0.0129,0.0431,5.2047
TRX-B5E3E5-094,Canada,Steel_Aluminum,0.9214,0.079,0.8424,-0.1415,-0.0283,-0.0943,-13.0573
TRX-E2818E-095,Chad,Agriculture,0.6127,0.9803,-0.3675,0.048,0.0128,0.0426,5.1456
TRX-5A97FA-096,China,Agriculture,0.2591,0.2994,-0.0403,0.0053,0.0014,0.0047,0.5643
TRX-347663-097,Colombia,Steel_Aluminum,0.736,0.6931,0.0429,-0.0072,-0.0014,-0.0048,-0.6646
TRX-BCDFF6-098,Egypt,Maritime,0.3623,0.2977,0.0646,-0.0049,-0.0015,-0.0,-0.5489
TRX-F912BA-099,European Union,Metals,0.4214,0.2611,0.1603,-0.0264,-0.0087,-0.0289,-2.3244
TRX-D42395-100,India,Minerals,0.905,0.5111,0.3939,-0.0386,-0.0066,-0.0,-5.1202
TRX-384548-101,Japan,Pharmaceuticals,0.6253,0.2004,0.4249,-0.323,-0.2448,-0.2992,-2.9746
TRX-B01A14-102,Mexico,Minerals,0.6979,0.7899,-0.0919,0.009,0.0015,0.0,1.1953
TRX-07096A-103,Nigeria,Automotive,0.3412,0.3781,-0.0368,0.0307,0.0613,0.0055,0.6446
TRX-163A88-104,South Korea,Agriculture,0.4397,0.6686,-0.2289,0.0299,0.008,0.0266,3.2043
TRX-6A6A0B-105,United Kingdom,Automotive,0.4663,0.5418,-0.0755,0.0629,0.1257,0.0112,1.3213
TRX-E8791E-106,Vietnam,Maritime,0.589,0.0399,0.5491,-0.0417,-0.0125,-0.0,-4.6676
TRX-C82FCD-107,South Africa,Energy,0.0481,0.3072,-0.2591,0.0912,0.0171,0.1026,2.4619
TRX-1DD90C-108,Indonesia,Lumber,0.5218,0.7646,-0.2428,0.0126,0.0038,0.0,2.9135
TRX-EB2AE4-109,Turkey,Lumber,0.4581,0.8352,-0.3771,0.0196,0.0059,0.0,4.5248
TRX-2AA8AC-110,Afghanistan,Energy,0.4131,0.6955,-0.2824,0.0994,0.0186,0.1118,2.6828
TRX-331775-111,Albania,Minerals,0.7216,0.9663,-0.2448,0.024,0.0041,0.0,3.182
TRX-84B3F6-112,Algeria,Steel_Aluminum,0.3265,0.7893,-0.4628,0.0777,0.0155,0.0518,7.1732
TRX-3E5F22-113,Argentina,Automotive,0.4402,0.0869,0.3533,-0.2941,-0.5883,-0.0523,-6.1828
TRX-9C2D7C-114,Australia,Lumber,0.1906,0.0893,0.1014,-0.0053,-0.0016,-0.0,-1.2167
TRX-C964F4-115,Brazil,Pharmaceuticals,0.6847,0.067,0.6177,-0.4695,-0.3558,-0.4349,-4.3239
TRX-75081A-116,Canada,Steel_Aluminum,0.1633,0.2552,-0.0919,0.0154,0.0031,0.0103,1.4249
TRX-4211A8-117,Chad,Maritime,0.7103,0.657,0.0533,-0.0041,-0.0012,-0.0,-0.4531
TRX-F316CD-118,China,Lumber,0.6355,0.5164,0.1191,-0.0062,-0.0019,-0.0,-1.4297
TRX-BF47DA-119,Colombia,Lumber,0.6095,0.4212,0.1883,-0.0098,-0.0029,-0.0,-2.2593
TRX-A5A6D1-120,Egypt,Steel_Aluminum,0.3589,0.7527,-0.3938,0.0662,0.0132,0.0441,6.1045
TRX-292AE6-121,European Union,Pharmaceuticals,0.345,0.1,0.2451,-0.1863,-0.1412,-0.1725,-1.7156
TRX-1A33CD-122,India,Aerospace,0.3152,0.9699,-0.6547,0.165,0.4243,0.3771,6.8747
TRX-BD0A2B-123,Japan,Lumber,0.4747,0.1059,0.3688,-0.0192,-0.0058,-0.0,-4.4258
TRX-7E659A-124,Mexico,Lumber,0.474,0.1797,0.2943,-0.0153,-0.0046,-0.0,-3.5312
TRX-E88C67-125,Nigeria,Lumber,0.4005,0.6135,-0.213,0.0111,0.0033,0.0,2.556
TRX-60681A-126,South Korea,Lumber,0.8789,0.2657,0.6133,-0.0319,-0.0096,-0.0,-7.3593
TRX-A59796-127,United Kingdom,Steel_Aluminum,0.6233,0.5031,0.1203,-0.0202,-0.004,-0.0135,-1.8642
TRX-0CC3E3-128,Vietnam,Aerospace,0.5386,0.6803,-0.1417,0.0357,0.0918,0.0816,1.4878
TRX-A2B47D-129,South Africa,Minerals,0.935,0.9354,-0.0004,0.0,0.0,0.0,0.0046
TRX-F647A2-130,Indonesia,Energy,0.574,0.3904,0.1836,-0.0646,-0.0121,-0.0727,-1.7438
TRX-9A078B-131,Turkey,Aerospace,0.4591,0.5447,-0.0856,0.0216,0.0555,0.0493,0.899
TRX-F6CE18-132,Afghanistan,Lumber,0.6234,0.814,-0.1906,0.0099,0.003,0.0,2.2872
TRX-F30D6B-133,Albania,Minerals,0.8972,0.2019,0.6954,-0.0681,-0.0117,-0.0,-9.0398
TRX-D0C033-134,Algeria,Agriculture,0.0482,0.6159,-0.5677,0.0741,0.0198,0.0659,7.9479
TRX-5ABBCE-135,Argentina,Metals,0.0798,0.3226,-0.2428,0.0401,0.0131,0.0437,3.5211
TRX-D55765-136,Australia,Steel_Aluminum,0.678,0.3438,0.3342,-0.0561,-0.0112,-0.0374,-5.1796
TRX-52ABF0-137,Brazil,Automotive,0.2862,0.1258,0.1604,-0.1335,-0.2671,-0.0237,-2.8073
TRX-7D6DD5-138,Canada,Lumber,0.3514,0.9279,-0.5765,0.03,0.009,0.0,6.9185
TRX-C129AF-139,Chad,Minerals,0.7304,0.7974,-0.067,0.0066,0.0011,0.0,0.8715
TRX-D1543E-140,China,Pharmaceuticals,0.547,0.425,0.122,-0.0927,-0.0703,-0.0859,-0.8541
TRX-9BF210-141,Colombia,Minerals,0.8007,0.9807,-0.18,0.0176,0.003,0.0,2.34
TRX-22AB38-142,Egypt,Energy,0.3746,0.7709,-0.3963,0.1395,0.0262,0.1569,3.7649
TRX-AE18AF-143,European Union,Minerals,0.8598,0.5606,0.2991,-0.0293,-0.005,-0.0,-3.8889
TRX-D5CFEF-144,India,Aerospace,0.6762,0.7351,-0.0589,0.0148,0.0381,0.0339,0.6181
TRX-717C30-145,Japan,Automotive,0.1111,0.8945,-0.7834,0.6522,1.3044,0.1159,13.7102
TRX-C1089E-146,Mexico,Energy,0.8199,0.3236,0.4963,-0.1747,-0.0328,-0.1965,-4.7147
TRX-6CAE65-147,Nigeria,Automotive,0.3914,0.0206,0.3708,-0.3087,-0.6174,-0.0549,-6.4889
TRX-DA7BAD-148,South Korea,Pharmaceuticals,0.8402,0.3578,0.4824,-0.3666,-0.2779,-0.3396,-3.3768
TRX-19365F-149,United Kingdom,Energy,0.572,0.6292,-0.0572,0.0201,0.0038,0.0227,0.5437
TRX-AE77BA-150,Vietnam,Lumber,0.0999,0.6004,-0.5005,0.026,0.0078,0.0,6.0063
TRX-0E77E2-151,South Africa,Energy,0.6691,0.7473,-0.0783,0.0275,0.0052,0.031,0.7435
TRX-6D86B4-152,Indonesia,Metals,0.7757,0.1212,0.6545,-0.108,-0.0353,-0.1178,-9.4899
TRX-37EF35-153,Turkey,Lumber,0.4945,0.0664,0.4281,-0.0223,-0.0067,-0.0,-5.1375
TRX-876C94-154,Afghanistan,Steel_Aluminum,0.4427,0.88,-0.4373,0.0735,0.0147,0.049,6.7774
TRX-9CE08C-155,Albania,Agriculture,0.9593,0.6843,0.275,-0.0359,-0.0096,-0.0319,-3.8501
TRX-A0AC21-156,Algeria,Steel_Aluminum,0.6159,0.1091,0.5068,-0.0851,-0.017,-0.0568,-7.8547
TRX-74EB0A-157,Argentina,Metals,0.4276,0.2281,0.1994,-0.0329,-0.0108,-0.0359,-2.8919
TRX-24FFCC-158,Australia,Pharmaceuticals,0.8154,0.7021,0.1133,-0.0861,-0.0653,-0.0798,-0.7931
TRX-2894F4-159,Brazil,Lumber,0.5131,0.2386,0.2745,-0.0143,-0.0043,-0.0,-3.294
TRX-B3EDC6-160,Canada,Minerals,0.3768,0.3732,0.0036,-0.0003,-0.0001,-0.0,-0.0462
TRX-CCD676-161,Chad,Energy,0.242,0.8995,-0.6576,0.2315,0.0434,0.2604,6.2471
TRX-D75B05-162,China,Energy,0.3532,0.704,-0.3508,0.1235,0.0232,0.1389,3.3326
TRX-FA36FE-163,Colombia,Automotive,0.7716,0.5572,0.2144,-0.1785,-0.3569,-0.0317,-3.7514
TRX-CF7B91-164,Egypt,Steel_Aluminum,0.8982,0.119,0.7793,-0.1309,-0.0262,-0.0873,-12.0784
TRX-B340FD-165,European Union,Automotive,0.2586,0.4071,-0.1485,0.1236,0.2472,0.022,2.5986
TRX-3F2C20-166,India,Steel_Aluminum,0.7362,0.7619,-0.0257,0.0043,0.0009,0.0029,0.3983
TRX-B0DF26-167,Japan,Pharmaceuticals,0.7393,0.6774,0.0619,-0.0471,-0.0357,-0.0436,-0.4334
TRX-FC657B-168,Mexico,Pharmaceuticals,0.3774,0.29,0.0874,-0.0664,-0.0503,-0.0615,-0.6116
TRX-A71057-169,Nigeria,Minerals,0.5278,0.4376,0.0902,-0.0088,-0.0015,-0.0,-1.1725
TRX-DA84F0-170,South Korea,Steel_Aluminum,0.0219,0.9605,-0.9386,0.1577,0.0315,0.1051,14.5478
TRX-59E7CC-171,United Kingdom,Lumber,0.0525,0.9162,-0.8636,0.0449,0.0135,0.0,10.3634
TRX-DB31AB-172,Vietnam,Lumber,0.2579,0.6915,-0.4336,0.0225,0.0068,0.0,5.2029
TRX-7CC886-173,South Africa,Pharmaceuticals,0.5226,0.6268,-0.1042,0.0792,0.06,0.0733,0.7292
TRX-1D203A-174,Indonesia,Aerospace,0.625,0.5826,0.0424,-0.0107,-0.0275,-0.0244,-0.445
TRX-F1E5FF-175,Turkey,Metals,0.0545,0.2853,-0.2308,0.0381,0.0125,0.0415,3.3467
TRX-E2E5DF-176,Afghanistan,Minerals,0.3966,0.1146,0.282,-0.0276,-0.0047,-0.0,-3.6661
TRX-AF6C3C-177,Albania,Lumber,0.2818,0.1944,0.0875,-0.0045,-0.0014,-0.0,-1.0497
TRX-C04EFB-178,Algeria,Steel_Aluminum,0.3905,0.2348,0.1557,-0.0262,-0.0052,-0.0174,-2.4133
TRX-6C787B-179,Argentina,Lumber,0.9649,0.9765,-0.0116,0.0006,0.0002,0.0,0.139
TRX-0610E8-180,Australia,Maritime,0.0417,0.2842,-0.2425,0.0184,0.0055,0.0,2.0612
TRX-59DECE-181,Brazil,Lumber,0.8075,0.681,0.1265,-0.0066,-0.002,-0.0,-1.5178
TRX-35F1D0-182,Canada,Automotive,0.8161,0.9408,-0.1247,0.1038,0.2077,0.0185,2.1826
TRX-1FE84F-183,Chad,Lumber,0.6111,0.4199,0.1913,-0.0099,-0.003,-0.0,-2.2952
TRX-756056-184,China,Minerals,0.8691,0.5506,0.3186,-0.0312,-0.0054,-0.0,-4.1414
TRX-2F7719-185,Colombia,Lumber,0.0358,0.3789,-0.3431,0.0178,0.0054,0.0,4.1171
TRX-0CAC4B-186,Egypt,Aerospace,0.4808,0.9756,-0.4948,0.1247,0.3206,0.285,5.1956
TRX-48DA3E-187,European Union,Lumber,0.7446,0.3951,0.3495,-0.0182,-0.0055,-0.0,-4.1935
TRX-DE4411-188,India,Aerospace,0.8316,0.4693,0.3622,-0.0913,-0.2347,-0.2087,-3.8035
TRX-D2A114-189,Japan,Automotive,0.1412,0.0234,0.1178,-0.098,-0.1961,-0.0174,-2.0611
TRX-F39359-190,Mexico,Metals,0.8574,0.8066,0.0508,-0.0084,-0.0027,-0.0091,-0.7364
TRX-6B28EC-191,Nigeria,Lumber,0.9867,0.5543,0.4324,-0.0225,-0.0067,-0.0,-5.1886
TRX-4B0410-192,South Korea,Lumber,0.7216,0.7519,-0.0303,0.0016,0.0005,0.0,0.3641
TRX-A8269C-193,United Kingdom,Automotive,0.2524,0.4515,-0.1991,0.1658,0.3316,0.0295,3.4848
TRX-C8EE40-194,Vietnam,Aerospace,0.945,0.6041,0.3409,-0.0859,-0.2209,-0.1964,-3.5796
TRX-64F4E2-195,South Africa,Aerospace,0.6683,0.6158,0.0525,-0.0132,-0.034,-0.0302,-0.5513
TRX-42930D-196,Indonesia,Minerals,0.0317,0.4982,-0.4665,0.0457,0.0078,0.0,6.064
TRX-26B2AC-197,Turkey,Maritime,0.7669,0.5198,0.2471,-0.0188,-0.0056,-0.0,-2.1005
TRX-3E98CD-198,Afghanistan,Aerospace,0.5509,0.5597,-0.0089,0.0022,0.0057,0.0051,0.0929
TRX-EF5353-199,Albania,Pharmaceuticals,0.5882,0.4804,0.1077,-0.0819,-0.062,-0.0758,-0.754
TRX-770131-200,Algeria,Metals,0.75,0.6179,0.1321,-0.0218,-0.0071,-0.0238,-1.9159
TRX-45823A-201,Argentina,Agriculture,0.7989,0.8951,-0.0961,0.0125,0.0033,0.0112,1.346
TRX-20036C-202,Australia,Agriculture,0.3536,0.5881,-0.2345,0.0306,0.0082,0.0272,3.2836
TRX-8B5C3A-203,Brazil,Automotive,0.8961,0.3513,0.5448,-0.4535,-0.9071,-0.0806,-9.5337
TRX-B42A7E-204,Canada,Maritime,0.4519,0.9023,-0.4504,0.0342,0.0103,0.0,3.8281
TRX-E9C867-205,Chad,Metals,0.5231,0.6937,-0.1706,0.0281,0.0092,0.0307,2.4731
TRX-411BFE-206,China,Energy,0.4602,0.8352,-0.3751,0.132,0.0248,0.1485,3.5634
TRX-A1C613-207,Colombia,Aerospace,0.2631,0.46,-0.1969,0.0496,0.1276,0.1134,2.0672
TRX-6EA04E-208,Egypt,Agriculture,0.6184,0.3505,0.2679,-0.035,-0.0093,-0.0311,-3.7509
TRX-9295E2-209,European Union,Automotive,0.5365,0.4609,0.0756,-0.0629,-0.1259,-0.0112,-1.323
TRX-9FF92B-210,India,Maritime,0.6937,0.1865,0.5072,-0.0386,-0.0116,-0.0,-4.3116
TRX-466414-211,Japan,Energy,0.3488,0.8889,-0.5401,0.1901,0.0356,0.2139,5.1309
TRX-8F7583-212,Mexico,Automotive,0.5149,0.9636,-0.4487,0.3736,0.7471,0.0664,7.8525
TRX-8C67E4-213,Nigeria,Steel_Aluminum,0.2294,0.8154,-0.586,0.0984,0.0197,0.0656,9.0827
TRX-114770-214,South Korea,Agriculture,0.283,0.1835,0.0995,-0.013,-0.0035,-0.0115,-1.3937
TRX-42ACD7-215,United Kingdom,Lumber,0.5477,0.5337,0.014,-0.0007,-0.0002,-0.0,-0.1681
TRX-F7D6DB-216,Vietnam,Steel_Aluminum,0.8863,0.1362,0.7502,-0.126,-0.0252,-0.084,-11.6275
TRX-65F4EF-217,South Africa,Steel_Aluminum,0.6866,0.0485,0.6381,-0.1072,-0.0214,-0.0715,-9.8899
TRX-93EB2C-218,Indonesia,Pharmaceuticals,0.4815,0.684,-0.2025,0.1539,0.1166,0.1426,1.4175
TRX-2C4E63-219,Turkey,Minerals,0.8661,0.9125,-0.0463,0.0045,0.0008,0.0,0.6025
TRX-716B15-220,Afghanistan,Aerospace,0.2813,0.8001,-0.5187,0.1307,0.3361,0.2988,5.4467
TRX-68862C-221,Albania,Aerospace,0.5953,0.9765,-0.3812,0.0961,0.247,0.2196,4.0026
TRX-C86894-222,Algeria,Minerals,0.4848,0.6159,-0.1311,0.0128,0.0022,0.0,1.7037
TRX-9D3B30-223,Argentina,Metals,0.5306,0.7161,-0.1855,0.0306,0.01,0.0334,2.6892
TRX-7D9FAF-224,Australia,Steel_Aluminum,0.0459,0.2574,-0.2114,0.0355,0.0071,0.0237,3.2773
TRX-902CE3-225,Brazil,Metals,0.6834,0.8376,-0.1541,0.0254,0.0083,0.0277,2.2349
TRX-25EC0C-226,Canada,Agriculture,0.4485,0.532,-0.0835,0.0109,0.0029,0.0097,1.169
TRX-DBEC66-227,Chad,Pharmaceuticals,0.7327,0.1886,0.544,-0.4135,-0.3134,-0.383,-3.8081
TRX-7E7F89-228,China,Metals,0.3256,0.2172,0.1084,-0.0179,-0.0059,-0.0195,-1.5721
TRX-94D6DA-229,Colombia,Steel_Aluminum,0.5346,0.2386,0.2961,-0.0497,-0.0099,-0.0332,-4.5892
TRX-8C430D-230,Egypt,Energy,0.4745,0.358,0.1165,-0.041,-0.0077,-0.0461,-1.1066
TRX-6833B6-231,European Union,Pharmaceuticals,0.4985,0.0952,0.4033,-0.3065,-0.2323,-0.2839,-2.823
TRX-2F4198-232,India,Maritime,0.5851,0.7405,-0.1554,0.0118,0.0035,0.0,1.3211
TRX-65F345-233,Japan,Aerospace,0.5632,0.3812,0.182,-0.0459,-0.1179,-0.1048,-1.9107
TRX-7D75FD-234,Mexico,Lumber,0.3658,0.643,-0.2772,0.0144,0.0043,0.0,3.3261
TRX-FC2CEC-235,Nigeria,Agriculture,0.2495,0.4983,-0.2488,0.0325,0.0087,0.0289,3.4834
TRX-43833F-236,South Korea,Maritime,0.6037,0.2425,0.3612,-0.0274,-0.0082,-0.0,-3.07
TRX-CBC7E2-237,United Kingdom,Maritime,0.2308,0.368,-0.1372,0.0104,0.0031,0.0,1.1664
TRX-9BA9FA-238,Vietnam,Energy,0.8438,0.0961,0.7477,-0.2632,-0.0493,-0.2961,-7.1029
TRX-E20CF4-239,South Africa,Minerals,0.8888,0.0886,0.8002,-0.0784,-0.0134,-0.0,-10.4026
TRX-6059A5-240,Indonesia,Automotive,0.0279,0.693,-0.6651,0.5537,1.1075,0.0984,11.64
TRX-E1B6DB-241,Turkey,Minerals,0.1198,0.3999,-0.2801,0.0274,0.0047,0.0,3.6413
TRX-30B5A2-242,Afghanistan,Energy,0.0152,0.9656,-0.9504,0.3345,0.0627,0.3763,9.0285
TRX-F43CA5-243,Albania,Minerals,0.7184,0.8144,-0.096,0.0094,0.0016,0.0,1.2481
TRX-D76DCC-244,Algeria,Agriculture,0.5556,0.5702,-0.0146,0.0019,0.0005,0.0017,0.2037
TRX-30B476-245,Argentina,Automotive,0.8318,0.211,0.6208,-0.5168,-1.0337,-0.0919,-10.8646
TRX-CD4CCD-246,Australia,Steel_Aluminum,0.3272,0.4269,-0.0997,0.0168,0.0034,0.0112,1.5457
TRX-0C054E-247,Brazil,Aerospace,0.7315,0.5292,0.2023,-0.051,-0.1311,-0.1165,-2.1239
TRX-0CB302-248,Canada,Aerospace,0.6084,0.2929,0.3155,-0.0795,-0.2045,-0.1818,-3.3133
TRX-851323-249,Chad,Lumber,0.506,0.9234,-0.4174,0.0217,0.0065,0.0,5.0087
TRX-C9D388-250,China,Automotive,0.0608,0.3399,-0.2791,0.2323,0.4647,0.0413,4.884
TRX-B789E0-251,Colombia,Steel_Aluminum,0.5476,0.5479,-0.0003,0.0001,0.0,0.0,0.0048
TRX-BDAB8D-252,Egypt,Agriculture,0.3259,0.8037,-0.4778,0.0623,0.0166,0.0554,6.6888
TRX-7AA195-253,European Union,Aerospace,0.146,0.0127,0.1334,-0.0336,-0.0864,-0.0768,-1.4006
TRX-92F9C7-254,India,Pharmaceuticals,0.5937,0.4721,0.1216,-0.0924,-0.07,-0.0856,-0.8511
TRX-61FC76-255,Japan,Metals,0.7884,0.1146,0.6738,-0.1112,-0.0364,-0.1213,-9.7707
TRX-14014E-256,Mexico,Lumber,0.824,0.9557,-0.1317,0.0068,0.0021,0.0,1.5806
TRX-3E1D3F-257,Nigeria,Lumber,0.7263,0.9296,-0.2033,0.0106,0.0032,0.0,2.4399
TRX-6327D8-258,South Korea,Automotive,0.0752,0.7363,-0.6611,0.5504,1.1008,0.0978,11.5698
TRX-4A73D3-259,United Kingdom,Maritime,0.0571,0.7759,-0.7188,0.0546,0.0164,0.0,6.1094
TRX-7F4CE4-260,Vietnam,Pharmaceuticals,0.7455,0.7935,-0.0481,0.0365,0.0277,0.0338,0.3364
TRX-2BD5DB-261,South Africa,Automotive,0.171,0.8083,-0.6373,0.5306,1.0611,0.0943,11.1528
TRX-79502E-262,Indonesia,Steel_Aluminum,0.8997,0.3199,0.5798,-0.0974,-0.0195,-0.0649,-8.9875
TRX-E8B33A-263,Turkey,Steel_Aluminum,0.3946,0.8103,-0.4157,0.0698,0.014,0.0466,6.4429
TRX-AA08F3-264,Afghanistan,Metals,0.7095,0.8917,-0.1822,0.0301,0.0098,0.0328,2.6414
TRX-B37C6B-265,Albania,Maritime,0.539,0.44,0.099,-0.0075,-0.0023,-0.0,-0.8416
TRX-2A8690-266,Algeria,Aerospace,0.2376,0.8916,-0.654,0.1648,0.4238,0.3767,6.8672
TRX-7CB22B-267,Argentina,Metals,0.5312,0.0753,0.4559,-0.0752,-0.0246,-0.0821,-6.611
TRX-8FEA2E-268,Australia,Minerals,0.6218,0.1246,0.4972,-0.0487,-0.0084,-0.0,-6.4635
TRX-EB71EB-269,Brazil,Maritime,0.3362,0.7259,-0.3898,0.0296,0.0089,0.0,3.3131
TRX-0D7B36-270,Canada,Steel_Aluminum,0.1465,0.7881,-0.6417,0.1078,0.0216,0.0719,9.9457
TRX-4F5111-271,Chad,Aerospace,0.5328,0.886,-0.3532,0.089,0.2289,0.2035,3.7088
TRX-63F98A-272,China,Energy,0.9877,0.7474,0.2404,-0.0846,-0.0159,-0.0952,-2.2836
TRX-464928-273,Colombia,Lumber,0.773,0.1503,0.6227,-0.0324,-0.0097,-0.0,-7.4728
TRX-2EFEE5-274,Egypt,Energy,0.5685,0.7572,-0.1887,0.0664,0.0125,0.0747,1.7928
TRX-5A04B9-275,European Union,Steel_Aluminum,0.3452,0.8148,-0.4696,0.0789,0.0158,0.0526,7.2787
TRX-3C32D7-276,India,Energy,0.4579,0.6019,-0.144,0.0507,0.0095,0.057,1.3682
TRX-2A3BBD-277,Japan,Minerals,0.1569,0.2347,-0.0777,0.0076,0.0013,0.0,1.0107
TRX-4E730E-278,Mexico,Agriculture,0.022,0.5965,-0.5745,0.075,0.02,0.0666,8.0432
TRX-37E357-279,Nigeria,Energy,0.5419,0.2568,0.2851,-0.1004,-0.0188,-0.1129,-2.7085
TRX-2D60FA-280,South Korea,Lumber,0.8203,0.9499,-0.1296,0.0067,0.002,0.0,1.5556
TRX-D20B70-281,United Kingdom,Minerals,0.5817,0.4028,0.1789,-0.0175,-0.003,-0.0,-2.3256
TRX-DC2866-282,Vietnam,Steel_Aluminum,0.9383,0.1603,0.7781,-0.1307,-0.0261,-0.0871,-12.0598
TRX-17CF9B-283,South Africa,Minerals,0.5058,0.6092,-0.1035,0.0101,0.0017,0.0,1.3449
TRX-C6B0EE-284,Indonesia,Minerals,0.8647,0.9235,-0.0588,0.0058,0.001,0.0,0.7643
TRX-9A08C9-285,Turkey,Energy,0.9104,0.7843,0.1261,-0.0444,-0.0083,-0.0499,-1.1979
TRX-152F61-286,Afghanistan,Lumber,0.7031,0.1595,0.5436,-0.0283,-0.0085,-0.0,-6.5233
TRX-F0C595-287,Albania,Steel_Aluminum,0.0775,0.0858,-0.0082,0.0014,0.0003,0.0009,0.1276
TRX-93E56D-288,Algeria,Minerals,0.8336,0.9025,-0.0688,0.0067,0.0012,0.0,0.8949
TRX-A51137-289,Argentina,Aerospace,0.121,0.9751,-0.8542,0.2153,0.5535,0.492,8.9688
TRX-40881C-290,Australia,Energy,0.1322,0.9124,-0.7803,0.2746,0.0515,0.309,7.4124
TRX-872828-291,Brazil,Maritime,0.5185,0.5894,-0.071,0.0054,0.0016,0.0,0.6034
TRX-FAFF2D-292,Canada,Lumber,0.3817,0.7394,-0.3576,0.0186,0.0056,0.0,4.2917
TRX-B587B5-293,Chad,Steel_Aluminum,0.7968,0.0145,0.7823,-0.1314,-0.0263,-0.0876,-12.125
TRX-A58FED-294,China,Pharmaceuticals,0.122,0.4162,-0.2942,0.2236,0.1695,0.2071,2.0596
TRX-AC22D6-295,Colombia,Steel_Aluminum,0.9115,0.3494,0.562,-0.0944,-0.0189,-0.0629,-8.7116
TRX-ABC1C5-296,Egypt,Agriculture,0.4812,0.9101,-0.4289,0.056,0.0149,0.0497,6.0041
TRX-994D78-297,European Union,Automotive,0.2533,0.5761,-0.3228,0.2687,0.5375,0.0478,5.6493
TRX-8493FC-298,India,Energy,0.4205,0.9065,-0.486,0.1711,0.0321,0.1925,4.617
TRX-B4D053-299,Japan,Aerospace,0.7749,0.282,0.4929,-0.1242,-0.3194,-0.2839,-5.1749
TRX-7C92A8-300,Mexico,Steel_Aluminum,0.0228,0.6603,-0.6374,0.1071,0.0214,0.0714,9.8802
TRX-C45CBC-301,Nigeria,Metals,0.966,0.4598,0.5062,-0.0835,-0.0273,-0.0911,-7.3402
TRX-B50247-302,South Korea,Energy,0.4163,0.0936,0.3227,-0.1136,-0.0213,-0.1278,-3.0655
TRX-C1AB79-303,United Kingdom,Minerals,0.5022,0.5935,-0.0913,0.0089,0.0015,0.0,1.1872
TRX-5BB069-304,Vietnam,Metals,0.4283,0.7938,-0.3655,0.0603,0.0197,0.0658,5.3002
TRX-2FB074-305,South Africa,Aerospace,0.0458,0.4726,-0.4268,0.1076,0.2766,0.2458,4.4815
TRX-86278E-306,Indonesia,Minerals,0.5857,0.2982,0.2875,-0.0282,-0.0048,-0.0,-3.738
TRX-24FA60-307,Turkey,Automotive,0.4542,0.5239,-0.0697,0.058,0.116,0.0103,1.2194
TRX-15AC28-308,Afghanistan,Aerospace,0.4027,0.5584,-0.1557,0.0392,0.1009,0.0897,1.6348
TRX-70B128-309,Albania,Energy,0.1883,0.8545,-0.6663,0.2345,0.044,0.2638,6.3295
TRX-2436B5-310,Algeria,Metals,0.7482,0.2769,0.4713,-0.0778,-0.0255,-0.0848,-6.8342
TRX-648CC8-311,Argentina,Automotive,0.6411,0.4106,0.2306,-0.1919,-0.3839,-0.0341,-4.0348
TRX-30E439-312,Australia,Metals,0.9694,0.833,0.1364,-0.0225,-0.0074,-0.0245,-1.9772
TRX-3FF087-313,Brazil,Metals,0.6557,0.0366,0.6192,-0.1022,-0.0334,-0.1115,-8.9783
TRX-A7A905-314,Canada,Metals,0.2588,0.2022,0.0566,-0.0093,-0.0031,-0.0102,-0.821
TRX-885B93-315,Chad,Minerals,0.112,0.7939,-0.6819,0.0668,0.0115,0.0,8.8646
TRX-1BE320-316,China,Automotive,0.8797,0.5556,0.3241,-0.2698,-0.5397,-0.048,-5.6722
TRX-71D363-317,Colombia,Minerals,0.1075,0.2483,-0.1409,0.0138,0.0024,0.0,1.8311
TRX-B9BDB1-318,Egypt,Minerals,0.8007,0.9534,-0.1527,0.015,0.0026,0.0,1.9849
TRX-6733AF-319,European Union,Energy,0.6647,0.2109,0.4538,-0.1598,-0.03,-0.1797,-4.3115
TRX-8F6C3C-320,India,Metals,0.8884,0.0227,0.8657,-0.1428,-0.0467,-0.1558,-12.5522
TRX-991A0D-321,Japan,Metals,0.7312,0.8412,-0.11,0.0181,0.0059,0.0198,1.5947
TRX-392115-322,Mexico,Automotive,0.5814,0.423,0.1584,-0.1319,-0.2637,-0.0234,-2.7717
TRX-060791-323,Nigeria,Agriculture,0.9024,0.6223,0.2801,-0.0366,-0.0097,-0.0325,-3.922
TRX-A0BC64-324,South Korea,Steel_Aluminum,0.8186,0.3658,0.4528,-0.0761,-0.0152,-0.0507,-7.0185
TRX-58FB9D-325,United Kingdom,Metals,0.2727,0.6217,-0.349,0.0576,0.0188,0.0628,5.06
TRX-3D8EAF-326,Vietnam,Maritime,0.7684,0.3655,0.4029,-0.0306,-0.0092,-0.0,-3.4243
TRX-D0758E-327,South Africa,Lumber,0.2986,0.9395,-0.6409,0.0333,0.01,0.0,7.6909
TRX-D5CED4-328,Indonesia,Maritime,0.7742,0.122,0.6522,-0.0496,-0.0149,-0.0,-5.5438
TRX-4E69DC-329,Turkey,Minerals,0.9757,0.4716,0.504,-0.0494,-0.0085,-0.0,-6.5522
TRX-645C25-330,Afghanistan,Aerospace,0.4851,0.5122,-0.0271,0.0068,0.0176,0.0156,0.2848
TRX-BF564B-331,Albania,Pharmaceuticals,0.5408,0.6308,-0.09,0.0684,0.0518,0.0634,0.63
TRX-CA0167-332,Algeria,Metals,0.2237,0.6422,-0.4185,0.0691,0.0226,0.0753,6.0681
TRX-DFA3A3-333,Argentina,Energy,0.1396,0.8926,-0.7529,0.265,0.0497,0.2982,7.1528
TRX-616008-334,Australia,Agriculture,0.2769,0.028,0.2488,-0.0325,-0.0087,-0.0289,-3.4837
TRX-B0C618-335,Brazil,Agriculture,0.5291,0.8088,-0.2797,0.0365,0.0097,0.0324,3.9156
TRX-84D760-336,Canada,Pharmaceuticals,0.2786,0.5531,-0.2745,0.2086,0.1581,0.1933,1.9216
TRX-5EE0C3-337,Chad,Pharmaceuticals,0.4975,0.7158,-0.2183,0.1659,0.1257,0.1537,1.528
TRX-FB4462-338,China,Lumber,0.0208,0.1441,-0.1234,0.0064,0.0019,0.0,1.4805
TRX-E18402-339,Colombia,Pharmaceuticals,0.2712,0.7275,-0.4564,0.3468,0.2629,0.3213,3.1946
TRX-FB859F-340,Egypt,Agriculture,0.5985,0.6617,-0.0632,0.0083,0.0022,0.0073,0.8852
TRX-749060-341,European Union,Metals,0.5718,0.8313,-0.2595,0.0428,0.014,0.0467,3.763
TRX-C785C3-342,India,Lumber,0.3855,0.5185,-0.1331,0.0069,0.0021,0.0,1.5968
TRX-84934D-343,Japan,Agriculture,0.173,0.7333,-0.5603,0.0731,0.0195,0.065,7.8444
TRX-46844D-344,Mexico,Automotive,0.0985,0.7656,-0.667,0.5553,1.1106,0.0987,11.6731
TRX-BFBFCB-345,Nigeria,Lumber,0.8303,0.4384,0.3919,-0.0204,-0.0061,-0.0,-4.7027
TRX-A889EC-346,South Korea,Energy,0.7147,0.3012,0.4135,-0.1455,-0.0273,-0.1637,-3.9281
TRX-96F22E-347,United Kingdom,Automotive,0.9403,0.3987,0.5416,-0.4509,-0.9018,-0.0802,-9.4781
TRX-078823-348,Vietnam,Minerals,0.9281,0.7279,0.2002,-0.0196,-0.0034,-0.0,-2.6022
TRX-665D02-349,South Africa,Aerospace,0.2745,0.539,-0.2645,0.0667,0.1714,0.1524,2.7776
TRX-C39E5F-350,Indonesia,Automotive,0.5932,0.0604,0.5328,-0.4435,-0.8871,-0.0789,-9.3236
TRX-2A2463-351,Turkey,Agriculture,0.6209,0.4748,0.1461,-0.0191,-0.0051,-0.0169,-2.0456
TRX-FB88F4-352,Afghanistan,Pharmaceuticals,0.0836,0.7236,-0.64,0.4864,0.3686,0.4506,4.4799
TRX-60ED69-353,Albania,Pharmaceuticals,0.7008,0.5963,0.1045,-0.0794,-0.0602,-0.0736,-0.7315
TRX-2D9B90-354,Algeria,Pharmaceuticals,0.2515,0.8127,-0.5612,0.4265,0.3233,0.3951,3.9287
TRX-B67648-355,Argentina,Lumber,0.0123,0.9583,-0.9461,0.0492,0.0148,0.0,11.3526
TRX-61402A-356,Australia,Maritime,0.5884,0.3638,0.2247,-0.0171,-0.0051,-0.0,-1.9097
TRX-7A7BF4-357,Brazil,Aerospace,0.1441,0.9412,-0.7972,0.2009,0.5166,0.4592,8.3701
TRX-28D434-358,Canada,Metals,0.5209,0.095,0.4259,-0.0703,-0.023,-0.0767,-6.1756
TRX-932604-359,Chad,Minerals,0.7532,0.6362,0.1171,-0.0115,-0.002,-0.0,-1.5217
TRX-68ACC1-360,China,Aerospace,0.6556,0.6884,-0.0328,0.0083,0.0213,0.0189,0.3446
TRX-F5BA4F-361,Colombia,Maritime,0.971,0.8953,0.0757,-0.0058,-0.0017,-0.0,-0.6432
TRX-21E021-362,Egypt,Steel_Aluminum,0.0606,0.6665,-0.606,0.1018,0.0204,0.0679,9.3923
TRX-732C59-363,European Union,Steel_Aluminum,0.5865,0.9894,-0.4029,0.0677,0.0135,0.0451,6.2445
TRX-E5F65D-364,India,Steel_Aluminum,0.5666,0.9072,-0.3406,0.0572,0.0114,0.0381,5.2792
TRX-48017C-365,Japan,Lumber,0.7264,0.1987,0.5277,-0.0274,-0.0082,-0.0,-6.3319
TRX-4CF9CD-366,Mexico,Minerals,0.9616,0.9354,0.0263,-0.0026,-0.0004,-0.0,-0.3413
TRX-DAAF0D-367,Nigeria,Agriculture,0.7402,0.0638,0.6764,-0.0883,-0.0235,-0.0785,-9.4693
TRX-02F4D6-368,South Korea,Automotive,0.3227,0.8223,-0.4996,0.4159,0.8319,0.0739,8.7433
TRX-7E2106-369,United Kingdom,Aerospace,0.6472,0.3674,0.2798,-0.0705,-0.1813,-0.1611,-2.9375
TRX-98E5CE-370,Vietnam,Agriculture,0.8773,0.5297,0.3476,-0.0454,-0.0121,-0.0403,-4.8669
TRX-5E1713-371,South Africa,Steel_Aluminum,0.7203,0.074,0.6462,-0.1086,-0.0217,-0.0724,-10.0164
TRX-A4320C-372,Indonesia,Minerals,0.5387,0.7849,-0.2462,0.0241,0.0041,0.0,3.2007
TRX-C85607-373,Turkey,Pharmaceuticals,0.7331,0.5198,0.2133,-0.1621,-0.1229,-0.1502,-1.4933
TRX-4BDF61-374,Afghanistan,Steel_Aluminum,0.8691,0.4192,0.45,-0.0756,-0.0151,-0.0504,-6.9746
TRX-41622E-375,Albania,Automotive,0.8627,0.0308,0.8319,-0.6925,-1.385,-0.1231,-14.5574
TRX-904E47-376,Algeria,Metals,0.1918,0.3863,-0.1945,0.0321,0.0105,0.035,2.8206
TRX-688289-377,Argentina,Automotive,0.0786,0.0193,0.0593,-0.0494,-0.0988,-0.0088,-1.0383
TRX-50ACAD-378,Australia,Aerospace,0.4039,0.4803,-0.0764,0.0192,0.0495,0.044,0.8021
TRX-C7CCE1-379,Brazil,Pharmaceuticals,0.5791,0.2763,0.3029,-0.2302,-0.1745,-0.2132,-2.1202
TRX-0259B9-380,Canada,Pharmaceuticals,0.7629,0.4194,0.3435,-0.2611,-0.1979,-0.2418,-2.4045
TRX-9D9349-381,Chad,Metals,0.5221,0.7276,-0.2056,0.0339,0.0111,0.037,2.9806
TRX-6EB833-382,China,Aerospace,0.1183,0.3575,-0.2393,0.0603,0.155,0.1378,2.5123
TRX-3B0ADC-383,Colombia,Agriculture,0.3004,0.2389,0.0614,-0.008,-0.0021,-0.0071,-0.8602
TRX-3998AF-384,Egypt,Pharmaceuticals,0.2817,0.9021,-0.6204,0.4715,0.3574,0.4368,4.3429
TRX-84639C-385,European Union,Pharmaceuticals,0.1173,0.3938,-0.2765,0.2102,0.1593,0.1947,1.9356
TRX-20B20B-386,India,Energy,0.2239,0.941,-0.7171,0.2524,0.0473,0.284,6.8122
TRX-97FFA5-387,Japan,Lumber,0.0976,0.4192,-0.3216,0.0167,0.005,0.0,3.8593
TRX-56616D-388,Mexico,Minerals,0.8765,0.5988,0.2777,-0.0272,-0.0047,-0.0,-3.6105
TRX-1E776F-389,Nigeria,Agriculture,0.1737,0.9813,-0.8077,0.1054,0.0281,0.0937,11.3071
TRX-0B282D-390,South Korea,Minerals,0.9339,0.6467,0.2872,-0.0281,-0.0048,-0.0,-3.7339
TRX-25C294-391,United Kingdom,Lumber,0.824,0.1279,0.6961,-0.0362,-0.0109,-0.0,-8.3532
TRX-B12100-392,Vietnam,Agriculture,0.3864,0.046,0.3404,-0.0444,-0.0118,-0.0395,-4.7658
TRX-1908A5-393,South Africa,Steel_Aluminum,0.774,0.3531,0.4209,-0.0707,-0.0141,-0.0471,-6.5235
TRX-C41AE1-394,Indonesia,Lumber,0.6272,0.222,0.4052,-0.0211,-0.0063,-0.0,-4.8622
TRX-951D9F-395,Turkey,Pharmaceuticals,0.9192,0.985,-0.0658,0.05,0.0379,0.0463,0.4607
TRX-44ADD5-396,Afghanistan,Steel_Aluminum,0.5149,0.4914,0.0236,-0.004,-0.0008,-0.0026,-0.3655
TRX-BC9F95-397,Albania,Aerospace,0.1608,0.8095,-0.6487,0.1635,0.4204,0.3737,6.8113
TRX-940BB5-398,Algeria,Maritime,0.6205,0.7429,-0.1224,0.0093,0.0028,0.0,1.0407
TRX-C19545-399,Argentina,Pharmaceuticals,0.5911,0.5785,0.0126,-0.0096,-0.0073,-0.0089,-0.0882
TRX-5D26F4-400,Australia,Agriculture,0.4583,0.3933,0.0649,-0.0085,-0.0023,-0.0075,-0.9091
TRX-877053-401,Brazil,Pharmaceuticals,0.0535,0.8451,-0.7917,0.6017,0.456,0.5573,5.5416
TRX-BF270D-402,Canada,Steel_Aluminum,0.8033,0.6521,0.1512,-0.0254,-0.0051,-0.0169,-2.3434
TRX-8FFAE5-403,Chad,Lumber,0.7305,0.2858,0.4447,-0.0231,-0.0069,-0.0,-5.3369
TRX-5B898A-404,China,Maritime,0.2646,0.719,-0.4544,0.0345,0.0104,0.0,3.8623
TRX-433DA2-405,Colombia,Steel_Aluminum,0.532,0.9529,-0.4209,0.0707,0.0141,0.0471,6.5244
TRX-E676A3-406,Egypt,Lumber,0.9816,0.0703,0.9114,-0.0474,-0.0142,-0.0,-10.9363
TRX-C164C4-407,European Union,Automotive,0.8182,0.3509,0.4673,-0.3891,-0.7781,-0.0692,-8.1784
TRX-3D84D8-408,India,Agriculture,0.5429,0.8572,-0.3143,0.041,0.0109,0.0365,4.4002
TRX-96C4E5-409,Japan,Aerospace,0.8711,0.7915,0.0796,-0.0201,-0.0516,-0.0458,-0.8356
TRX-139C37-410,Mexico,Minerals,0.2504,0.1642,0.0862,-0.0084,-0.0014,-0.0,-1.1204
TRX-FD9661-411,Nigeria,Pharmaceuticals,0.3373,0.2439,0.0934,-0.071,-0.0538,-0.0658,-0.6539
TRX-FDB13D-412,South Korea,Lumber,0.6765,0.6162,0.0603,-0.0031,-0.0009,-0.0,-0.7236
TRX-4702BF-413,United Kingdom,Maritime,0.1954,0.874,-0.6786,0.0516,0.0155,0.0,5.7678
TRX-87CE0A-414,Vietnam,Steel_Aluminum,0.4662,0.8715,-0.4053,0.0681,0.0136,0.0454,6.2826
TRX-FB97DC-415,South Africa,Steel_Aluminum,0.1363,0.3384,-0.2021,0.034,0.0068,0.0226,3.1329
TRX-DAA2F3-416,Indonesia,Metals,0.1675,0.8116,-0.6441,0.1063,0.0348,0.1159,9.3389
TRX-E0871B-417,Turkey,Metals,0.1993,0.0924,0.1069,-0.0176,-0.0058,-0.0192,-1.5494
TRX-6ECB58-418,Afghanistan,Aerospace,0.5586,0.1235,0.4351,-0.1097,-0.282,-0.2506,-4.5688
TRX-28DCEC-419,Albania,Agriculture,0.6313,0.5392,0.0921,-0.012,-0.0032,-0.0107,-1.29
TRX-997D2E-420,Algeria,Automotive,0.1359,0.2877,-0.1518,0.1264,0.2527,0.0225,2.6564
TRX-490064-421,Argentina,Metals,0.5404,0.9537,-0.4133,0.0682,0.0223,0.0744,5.9927
TRX-B7BD8C-422,Australia,Lumber,0.1105,0.9285,-0.818,0.0425,0.0128,0.0,9.8163
TRX-9D6B5C-423,Brazil,Energy,0.0765,0.3049,-0.2285,0.0804,0.0151,0.0905,2.1704
TRX-4365D6-424,Canada,Aerospace,0.7656,0.7044,0.0612,-0.0154,-0.0396,-0.0352,-0.6422
TRX-9132BD-425,Chad,Maritime,0.349,0.6185,-0.2695,0.0205,0.0061,0.0,2.291
TRX-8DE11C-426,China,Agriculture,0.8641,0.964,-0.0999,0.013,0.0035,0.0116,1.3988
TRX-46B23F-427,Colombia,Energy,0.6446,0.5925,0.0521,-0.0183,-0.0034,-0.0206,-0.4951
TRX-A43FA7-428,Egypt,Metals,0.0743,0.8151,-0.7408,0.1222,0.04,0.1333,10.7412
TRX-1151C4-429,European Union,Automotive,0.2575,0.011,0.2464,-0.2052,-0.4103,-0.0365,-4.3129
TRX-B53BC9-430,India,Agriculture,0.2782,0.9872,-0.709,0.0925,0.0247,0.0822,9.9264
TRX-93D88E-431,Japan,Aerospace,0.1101,0.8471,-0.737,0.1857,0.4776,0.4245,7.7382
TRX-7CCCA1-432,Mexico,Metals,0.8194,0.3024,0.517,-0.0853,-0.0279,-0.0931,-7.4964
TRX-48DF91-433,Nigeria,Agriculture,0.7674,0.2355,0.5319,-0.0694,-0.0185,-0.0617,-7.4468
TRX-5B0C10-434,South Korea,Automotive,0.9418,0.158,0.7838,-0.6525,-1.305,-0.116,-13.7167
TRX-1E21D2-435,United Kingdom,Lumber,0.9013,0.8502,0.0511,-0.0027,-0.0008,-0.0,-0.6135
TRX-021953-436,Vietnam,Energy,0.3996,0.2787,0.1209,-0.0426,-0.008,-0.0479,-1.1487
TRX-E02B5B-437,South Africa,Automotive,0.3157,0.3243,-0.0086,0.0072,0.0143,0.0013,0.1508
TRX-2059CE-438,Indonesia,Maritime,0.2354,0.2188,0.0165,-0.0013,-0.0004,-0.0,-0.1404
TRX-973F04-439,Turkey,Aerospace,0.6486,0.3712,0.2775,-0.0699,-0.1798,-0.1598,-2.9135
TRX-AA2754-440,Afghanistan,Minerals,0.1661,0.2096,-0.0436,0.0043,0.0007,0.0,0.5664
TRX-4F574E-441,Albania,Lumber,0.1606,0.4546,-0.294,0.0153,0.0046,0.0,3.5284
TRX-D41020-442,Algeria,Agriculture,0.7558,0.6237,0.1321,-0.0172,-0.0046,-0.0153,-1.8495
TRX-E4E93D-443,Argentina,Lumber,0.9036,0.9582,-0.0546,0.0028,0.0009,0.0,0.6547
TRX-CC8E33-444,Australia,Energy,0.7906,0.4819,0.3087,-0.1087,-0.0204,-0.1223,-2.9328
TRX-486093-445,Brazil,Metals,0.1327,0.6819,-0.5492,0.0906,0.0297,0.0989,7.963
TRX-2617A9-446,Canada,Energy,0.5572,0.231,0.3262,-0.1148,-0.0215,-0.1292,-3.099
TRX-E3E33D-447,Chad,Maritime,0.5803,0.2736,0.3067,-0.0233,-0.007,-0.0,-2.6071
TRX-84A782-448,China,Minerals,0.4346,0.9747,-0.5401,0.0529,0.0091,0.0,7.0211
TRX-8026F2-449,Colombia,Aerospace,0.0214,0.081,-0.0596,0.015,0.0386,0.0343,0.6259
TRX-F6631C-450,Egypt,Agriculture,0.4803,0.598,-0.1177,0.0154,0.0041,0.0137,1.6475
TRX-34AB11-451,European Union,Pharmaceuticals,0.8529,0.7743,0.0787,-0.0598,-0.0453,-0.0554,-0.5507
TRX-27A729-452,India,Minerals,0.7198,0.7442,-0.0244,0.0024,0.0004,0.0,0.3169
TRX-321817-453,Japan,Pharmaceuticals,0.2472,0.9769,-0.7297,0.5546,0.4203,0.5137,5.1081
TRX-B4ED47-454,Mexico,Maritime,0.6158,0.6984,-0.0826,0.0063,0.0019,0.0,0.7023
TRX-A85493-455,Nigeria,Steel_Aluminum,0.7703,0.9324,-0.1621,0.0272,0.0054,0.0182,2.5129
TRX-536F2D-456,South Korea,Aerospace,0.5174,0.0961,0.4212,-0.1062,-0.273,-0.2426,-4.4231
TRX-7D05AF-457,United Kingdom,Aerospace,0.818,0.3606,0.4574,-0.1153,-0.2964,-0.2634,-4.8025
TRX-B8F6BE-458,Vietnam,Metals,0.1401,0.5662,-0.4261,0.0703,0.023,0.0767,6.1789
TRX-CF34CB-459,South Africa,Steel_Aluminum,0.7946,0.2061,0.5884,-0.0989,-0.0198,-0.0659,-9.1206
TRX-DE0938-460,Indonesia,Metals,0.667,0.9425,-0.2755,0.0455,0.0149,0.0496,3.9953
TRX-562060-461,Turkey,Automotive,0.8883,0.5929,0.2954,-0.2459,-0.4919,-0.0437,-5.1698
TRX-95ED74-462,Afghanistan,Pharmaceuticals,0.0609,0.5405,-0.4795,0.3644,0.2762,0.3376,3.3568
TRX-82170A-463,Albania,Agriculture,0.9265,0.9384,-0.0119,0.0016,0.0004,0.0014,0.1667
TRX-E6A734-464,Algeria,Energy,0.3427,0.8085,-0.4659,0.164,0.0307,0.1845,4.4257
TRX-3616BD-465,Argentina,Metals,0.6576,0.5519,0.1057,-0.0174,-0.0057,-0.019,-1.5321
TRX-14807D-466,Australia,Maritime,0.811,0.4533,0.3577,-0.0272,-0.0082,-0.0,-3.0403
TRX-864AB0-467,Brazil,Automotive,0.0499,0.1707,-0.1208,0.1005,0.2011,0.0179,2.1137
TRX-861C1D-468,Canada,Agriculture,0.0691,0.2522,-0.183,0.0239,0.0064,0.0212,2.5622
TRX-98762F-469,Chad,Pharmaceuticals,0.8643,0.2248,0.6395,-0.486,-0.3684,-0.4502,-4.4766
TRX-D5C05F-470,China,Metals,0.4708,0.7394,-0.2686,0.0443,0.0145,0.0484,3.8949
TRX-706B35-471,Colombia,Metals,0.435,0.0528,0.3822,-0.0631,-0.0206,-0.0688,-5.5418
TRX-8D6056-472,Egypt,Agriculture,0.0304,0.6502,-0.6198,0.0809,0.0216,0.0719,8.6766
TRX-8F9597-473,European Union,Lumber,0.9864,0.9653,0.0211,-0.0011,-0.0003,-0.0,-0.2533
TRX-74037A-474,India,Automotive,0.0899,0.4052,-0.3153,0.2625,0.525,0.0467,5.5178
TRX-D4D93E-475,Japan,Maritime,0.04,0.2625,-0.2225,0.0169,0.0051,0.0,1.8912
TRX-C869DF-476,Mexico,Aerospace,0.8609,0.7226,0.1383,-0.0348,-0.0896,-0.0797,-1.452
TRX-EA2946-477,Nigeria,Minerals,0.427,0.349,0.078,-0.0076,-0.0013,-0.0,-1.0136
TRX-1F0948-478,South Korea,Energy,0.5047,0.5424,-0.0377,0.0133,0.0025,0.0149,0.358
TRX-B053B9-479,United Kingdom,Automotive,0.5771,0.4398,0.1373,-0.1143,-0.2285,-0.0203,-2.402
TRX-CAE4AE-480,Vietnam,Lumber,0.3976,0.6041,-0.2065,0.0107,0.0032,0.0,2.4775
TRX-72A63B-481,South Africa,Agriculture,0.7871,0.6519,0.1352,-0.0176,-0.0047,-0.0157,-1.8926
TRX-632B9E-482,Indonesia,Automotive,0.5905,0.9041,-0.3136,0.2611,0.5222,0.0464,5.4882
TRX-151364-483,Turkey,Automotive,0.6205,0.6289,-0.0084,0.007,0.014,0.0012,0.1474
TRX-A12847-484,Afghanistan,Aerospace,0.1389,0.7115,-0.5726,0.1443,0.371,0.3298,6.012
TRX-F72431-485,Albania,Metals,0.6299,0.3754,0.2545,-0.042,-0.0137,-0.0458,-3.6902
TRX-BBD6FD-486,Algeria,Agriculture,0.1874,0.8473,-0.6599,0.0861,0.023,0.0766,9.2392
TRX-BF7701-487,Argentina,Pharmaceuticals,0.2523,0.8633,-0.611,0.4644,0.352,0.4302,4.2773
TRX-FFE553-488,Australia,Minerals,0.5778,0.6594,-0.0815,0.008,0.0014,0.0,1.06
TRX-361536-489,Brazil,Metals,0.1703,0.3933,-0.223,0.0368,0.012,0.0401,3.2336
TRX-CCC7ED-490,Canada,Pharmaceuticals,0.4011,0.8508,-0.4498,0.3418,0.2591,0.3166,3.1483
TRX-DAA12E-491,Chad,Lumber,0.3287,0.768,-0.4393,0.0228,0.0069,0.0,5.2718
TRX-3A6CAB-492,China,Minerals,0.3987,0.2423,0.1564,-0.0153,-0.0026,-0.0,-2.0337
TRX-F2761A-493,Colombia,Steel_Aluminum,0.082,0.1764,-0.0943,0.0158,0.0032,0.0106,1.4622
TRX-813BCA-494,Egypt,Steel_Aluminum,0.4498,0.666,-0.2162,0.0363,0.0073,0.0242,3.3511
TRX-BD4F48-495,European Union,Pharmaceuticals,0.4323,0.2537,0.1785,-0.1357,-0.1028,-0.1257,-1.2497
TRX-2B314A-496,India,Aerospace,0.2575,0.3621,-0.1046,0.0264,0.0678,0.0602,1.0982
TRX-2A4157-497,Japan,Pharmaceuticals,0.6034,0.3596,0.2438,-0.1853,-0.1404,-0.1717,-1.7068
TRX-BEF0DD-498,Mexico,Lumber,0.7762,0.7013,0.0749,-0.0039,-0.0012,-0.0,-0.8985
TRX-FB6FCA-499,Nigeria,Minerals,0.5836,0.8609,-0.2773,0.0272,0.0047,0.0,3.6044
TRX-E92411-500,South Korea,Energy,0.2744,0.0659,0.2084,-0.0734,-0.0138,-0.0825,-1.9799
TRX-8C5F3E-501,United Kingdom,Lumber,0.9279,0.0486,0.8793,-0.0457,-0.0137,-0.0,-10.5518
TRX-F8B4DD-502,Vietnam,Metals,0.2302,0.1864,0.0438,-0.0072,-0.0024,-0.0079,-0.6351
TRX-049E7A-503,South Africa,Lumber,0.1112,0.583,-0.4717,0.0245,0.0074,0.0,5.6608
TRX-AA55A3-504,Indonesia,Steel_Aluminum,0.3994,0.4803,-0.0809,0.0136,0.0027,0.0091,1.2534
TRX-2DE502-505,Turkey,Agriculture,0.3267,0.9636,-0.637,0.0831,0.0222,0.0739,8.9175
TRX-C6C56D-506,Afghanistan,Metals,0.4556,0.5153,-0.0596,0.0098,0.0032,0.0107,0.8648
TRX-8EEE0F-507,Albania,Agriculture,0.3458,0.5316,-0.1858,0.0242,0.0065,0.0216,2.6012
TRX-B44506-508,Algeria,Metals,0.0394,0.3118,-0.2724,0.0449,0.0147,0.049,3.9498
TRX-3843F0-509,Argentina,Agriculture,0.2078,0.67,-0.4621,0.0603,0.0161,0.0536,6.4701
TRX-18F9BE-510,Australia,Agriculture,0.1946,0.7262,-0.5316,0.0694,0.0185,0.0617,7.4428
TRX-F7E8C3-511,Brazil,Maritime,0.8608,0.1836,0.6772,-0.0515,-0.0154,-0.0,-5.756
TRX-7A0585-512,Canada,Agriculture,0.6584,0.9691,-0.3107,0.0405,0.0108,0.036,4.3492
TRX-4823B2-513,Chad,Steel_Aluminum,0.0272,0.2493,-0.2221,0.0373,0.0075,0.0249,3.4425
TRX-58E187-514,China,Steel_Aluminum,0.8615,0.5692,0.2923,-0.0491,-0.0098,-0.0327,-4.5311
TRX-6EF4E0-515,Colombia,Minerals,0.7896,0.9103,-0.1207,0.0118,0.002,0.0,1.5692
TRX-173E74-516,Egypt,Aerospace,0.2214,0.6557,-0.4343,0.1095,0.2815,0.2502,4.5606
TRX-9FB3CD-517,European Union,Lumber,0.6636,0.5756,0.088,-0.0046,-0.0014,-0.0,-1.0559
TRX-AB25C3-518,India,Agriculture,0.9894,0.0572,0.9322,-0.1216,-0.0324,-0.1081,-13.0505
TRX-7B7583-519,Japan,Pharmaceuticals,0.8591,0.9835,-0.1244,0.0945,0.0716,0.0875,0.8705
TRX-F2421E-520,Mexico,Pharmaceuticals,0.0987,0.2929,-0.1942,0.1476,0.1119,0.1367,1.3597
TRX-90E658-521,Nigeria,Energy,0.6475,0.7599,-0.1124,0.0396,0.0074,0.0445,1.0677
TRX-D40645-522,South Korea,Energy,0.6642,0.8017,-0.1374,0.0484,0.0091,0.0544,1.3058
TRX-E2E00C-523,United Kingdom,Agriculture,0.8703,0.3209,0.5495,-0.0717,-0.0191,-0.0637,-7.6927
TRX-EED188-524,Vietnam,Aerospace,0.1278,0.5436,-0.4158,0.1048,0.2694,0.2395,4.3658
TRX-112D35-525,South Africa,Pharmaceuticals,0.3318,0.6276,-0.2958,0.2248,0.1704,0.2082,2.0705
TRX-6199A7-526,Indonesia,Steel_Aluminum,0.3982,0.6916,-0.2933,0.0493,0.0099,0.0329,4.5463
TRX-61773E-527,Turkey,Pharmaceuticals,0.5946,0.5448,0.0498,-0.0378,-0.0287,-0.035,-0.3485
TRX-2BC65F-528,Afghanistan,Automotive,0.2327,0.0817,0.151,-0.1257,-0.2514,-0.0223,-2.6424
TRX-54DE89-529,Albania,Automotive,0.1751,0.6397,-0.4646,0.3868,0.7736,0.0688,8.1314
TRX-A6699E-530,Algeria,Agriculture,0.4642,0.3822,0.082,-0.0107,-0.0029,-0.0095,-1.1485
TRX-6972B3-531,Argentina,Steel_Aluminum,0.9424,0.8402,0.1022,-0.0172,-0.0034,-0.0114,-1.5845
TRX-B43DC8-532,Australia,Lumber,0.8075,0.1167,0.6908,-0.0359,-0.0108,-0.0,-8.289
TRX-F72670-533,Brazil,Lumber,0.4008,0.5786,-0.1777,0.0092,0.0028,0.0,2.1327
TRX-4FECF9-534,Canada,Energy,0.6057,0.7596,-0.1538,0.0542,0.0102,0.0609,1.4615
TRX-5BB3C1-535,Chad,Maritime,0.7419,0.7112,0.0308,-0.0023,-0.0007,-0.0,-0.2614
TRX-9D0A57-536,China,Lumber,0.2019,0.0174,0.1845,-0.0096,-0.0029,-0.0,-2.2134
TRX-1CDC7E-537,Colombia,Lumber,0.8901,0.2486,0.6415,-0.0334,-0.01,-0.0,-7.6975
TRX-889178-538,Egypt,Automotive,0.0691,0.9257,-0.8567,0.7132,1.4264,0.1268,14.992
TRX-A98AB5-539,European Union,Maritime,0.2007,0.173,0.0277,-0.0021,-0.0006,-0.0,-0.2351
TRX-48DE23-540,India,Energy,0.2616,0.2892,-0.0275,0.0097,0.0018,0.0109,0.2616
TRX-78CF70-541,Japan,Automotive,0.5793,0.0978,0.4815,-0.4008,-0.8017,-0.0713,-8.4259
TRX-B13CF0-542,Mexico,Agriculture,0.4019,0.9672,-0.5653,0.0738,0.0197,0.0656,7.914
TRX-DCE691-543,Nigeria,Steel_Aluminum,0.1294,0.1875,-0.0581,0.0098,0.002,0.0065,0.9002
TRX-47486F-544,South Korea,Steel_Aluminum,0.7938,0.1909,0.6029,-0.1013,-0.0203,-0.0675,-9.3448
TRX-4A7523-545,United Kingdom,Minerals,0.7875,0.1915,0.596,-0.0584,-0.01,-0.0,-7.7482
TRX-09E39C-546,Vietnam,Minerals,0.9537,0.4839,0.4698,-0.046,-0.0079,-0.0,-6.1073
TRX-D90B30-547,South Africa,Metals,0.8094,0.376,0.4334,-0.0715,-0.0234,-0.078,-6.2842
TRX-3D74C7-548,Indonesia,Steel_Aluminum,0.1201,0.0125,0.1075,-0.0181,-0.0036,-0.012,-1.6667
TRX-F6D444-549,Turkey,Maritime,0.8128,0.8765,-0.0637,0.0048,0.0015,0.0,0.5416
TRX-91384F-550,Afghanistan,Pharmaceuticals,0.7879,0.6437,0.1442,-0.1096,-0.0831,-0.1015,-1.0094
TRX-35E3AE-551,Albania,Minerals,0.4128,0.8331,-0.4203,0.0412,0.0071,0.0,5.4633
TRX-3D7FCA-552,Algeria,Minerals,0.7645,0.5555,0.209,-0.0205,-0.0035,-0.0,-2.7175
TRX-F2AC97-553,Argentina,Lumber,0.306,0.7273,-0.4213,0.0219,0.0066,0.0,5.0556
TRX-619D75-554,Australia,Energy,0.4253,0.6642,-0.2389,0.0841,0.0158,0.0946,2.2699
TRX-61655C-555,Brazil,Agriculture,0.7613,0.1567,0.6046,-0.0789,-0.021,-0.0701,-8.4646
TRX-9C0EFE-556,Canada,Metals,0.5849,0.1747,0.4102,-0.0677,-0.0222,-0.0738,-5.9482
TRX-F2FE1C-557,Chad,Automotive,0.8619,0.4734,0.3884,-0.3234,-0.6468,-0.0575,-6.7977
TRX-DE0B53-558,China,Lumber,0.1038,0.0332,0.0706,-0.0037,-0.0011,-0.0,-0.8476
TRX-8447CD-559,Colombia,Automotive,0.605,0.5458,0.0592,-0.0493,-0.0985,-0.0088,-1.0358
TRX-EDAAC5-560,Egypt,Steel_Aluminum,0.2617,0.6294,-0.3676,0.0618,0.0124,0.0412,5.6982
TRX-1BB677-561,European Union,Pharmaceuticals,0.4968,0.978,-0.4812,0.3657,0.2772,0.3388,3.3684
TRX-9528EA-562,India,Automotive,0.5951,0.6723,-0.0772,0.0643,0.1286,0.0114,1.3513
TRX-D34471-563,Japan,Steel_Aluminum,0.4296,0.7132,-0.2836,0.0476,0.0095,0.0318,4.396
TRX-033612-564,Mexico,Aerospace,0.0255,0.3443,-0.3188,0.0803,0.2066,0.1836,3.347
TRX-5347C0-565,Nigeria,Automotive,0.6012,0.3405,0.2607,-0.217,-0.434,-0.0386,-4.5618
TRX-D8A055-566,South Korea,Metals,0.7672,0.2696,0.4976,-0.0821,-0.0269,-0.0896,-7.2148
TRX-FFD12D-567,United Kingdom,Lumber,0.8863,0.198,0.6883,-0.0358,-0.0107,-0.0,-8.2593
TRX-10E28B-568,Vietnam,Minerals,0.3696,0.3467,0.0229,-0.0022,-0.0004,-0.0,-0.2981
TRX-261C3D-569,South Africa,Metals,0.078,0.5187,-0.4406,0.0727,0.0238,0.0793,6.3893
TRX-20139E-570,Indonesia,Agriculture,0.6662,0.0785,0.5877,-0.0767,-0.0205,-0.0682,-8.2275
TRX-08F076-571,Turkey,Lumber,0.2757,0.591,-0.3152,0.0164,0.0049,0.0,3.7828
TRX-82C8DD-572,Afghanistan,Automotive,0.5323,0.3278,0.2045,-0.1702,-0.3404,-0.0303,-3.5779
TRX-C92FE8-573,Albania,Automotive,0.1965,0.0613,0.1352,-0.1126,-0.2252,-0.02,-2.3665
TRX-592BE9-574,Algeria,Agriculture,0.3657,0.9856,-0.6199,0.0809,0.0216,0.0719,8.6784
TRX-41D927-575,Argentina,Metals,0.4659,0.0689,0.397,-0.0655,-0.0214,-0.0715,-5.7559
TRX-C5DBB9-576,Australia,Steel_Aluminum,0.9485,0.1818,0.7667,-0.1288,-0.0258,-0.0859,-11.8835
TRX-A7FDDD-577,Brazil,Pharmaceuticals,0.1771,0.4113,-0.2342,0.178,0.1349,0.1649,1.6395
TRX-243EDF-578,Canada,Pharmaceuticals,0.8154,0.0112,0.8042,-0.6112,-0.4632,-0.5661,-5.6291
TRX-2D8BD4-579,Chad,Minerals,0.7895,0.9186,-0.1291,0.0127,0.0022,0.0,1.6782
TRX-EDCB10-580,China,Metals,0.4013,0.1594,0.242,-0.0399,-0.0131,-0.0436,-3.5084
TRX-D55213-581,Colombia,Lumber,0.7324,0.7632,-0.0308,0.0016,0.0005,0.0,0.3695
TRX-8E3C62-582,Egypt,Aerospace,0.8352,0.5205,0.3147,-0.0793,-0.2039,-0.1812,-3.3039
TRX-B3997D-583,European Union,Maritime,0.2619,0.7821,-0.5202,0.0395,0.0119,0.0,4.422
TRX-6BF0D4-584,India,Aerospace,0.6063,0.5067,0.0996,-0.0251,-0.0646,-0.0574,-1.046
TRX-56E3F4-585,Japan,Energy,0.7046,0.0454,0.6591,-0.232,-0.0435,-0.261,-6.2618
TRX-91ACB7-586,Mexico,Aerospace,0.2328,0.3448,-0.112,0.0282,0.0726,0.0645,1.1763
TRX-1BE487-587,Nigeria,Pharmaceuticals,0.0959,0.9282,-0.8323,0.6326,0.4794,0.586,5.8263
TRX-6AF85D-588,South Korea,Pharmaceuticals,0.5095,0.8188,-0.3093,0.235,0.1781,0.2177,2.1648
TRX-3CF3D1-589,United Kingdom,Metals,0.9335,0.8659,0.0677,-0.0112,-0.0037,-0.0122,-0.9812
TRX-511E38-590,Vietnam,Maritime,0.911,0.497,0.414,-0.0315,-0.0094,-0.0,-3.5188
TRX-C01967-591,South Africa,Maritime,0.5652,0.3932,0.172,-0.0131,-0.0039,-0.0,-1.4622
TRX-467ACC-592,Indonesia,Aerospace,0.124,0.8111,-0.6871,0.1731,0.4452,0.3957,7.2141
TRX-F695E3-593,Turkey,Automotive,0.6708,0.5318,0.139,-0.1157,-0.2314,-0.0206,-2.4323
TRX-7D1C73-594,Afghanistan,Maritime,0.1485,0.2177,-0.0693,0.0053,0.0016,0.0,0.589
TRX-C68A4F-595,Albania,Pharmaceuticals,0.3261,0.0324,0.2936,-0.2232,-0.1691,-0.2067,-2.0555
TRX-688708-596,Algeria,Agriculture,0.2291,0.9482,-0.719,0.0938,0.025,0.0834,10.0665
TRX-6766A1-597,Argentina,Agriculture,0.6382,0.816,-0.1779,0.0232,0.0062,0.0206,2.4903
TRX-88104E-598,Australia,Pharmaceuticals,0.4798,0.3175,0.1623,-0.1234,-0.0935,-0.1143,-1.1362
TRX-6CB08B-599,Brazil,Aerospace,0.6041,0.7595,-0.1554,0.0392,0.1007,0.0895,1.6316
TRX-0FFFB6-600,Canada,Energy,0.5025,0.4007,0.1018,-0.0358,-0.0067,-0.0403,-0.9673
TRX-EDF3E6-601,Chad,Pharmaceuticals,0.663,0.1293,0.5337,-0.4056,-0.3074,-0.3757,-3.7356
TRX-8D505E-602,China,Lumber,0.0353,0.1425,-0.1072,0.0056,0.0017,0.0,1.286
TRX-E0BC01-603,Colombia,Energy,0.0884,0.7712,-0.6828,0.2404,0.0451,0.2704,6.4868
TRX-CF027E-604,Egypt,Energy,0.4407,0.1136,0.3272,-0.1152,-0.0216,-0.1296,-3.1081
TRX-2A781C-605,European Union,Maritime,0.0103,0.0273,-0.017,0.0013,0.0004,0.0,0.1446
TRX-60C847-606,India,Agriculture,0.6472,0.159,0.4882,-0.0637,-0.017,-0.0566,-6.835
TRX-92C299-607,Japan,Automotive,0.5632,0.1979,0.3652,-0.304,-0.6081,-0.0541,-6.3911
TRX-2BC712-608,Mexico,Pharmaceuticals,0.067,0.985,-0.918,0.6977,0.5287,0.6462,6.4258
TRX-8FCB02-609,Nigeria,Minerals,0.3014,0.4317,-0.1303,0.0128,0.0022,0.0,1.6942
TRX-69CFCE-610,South Korea,Pharmaceuticals,0.1494,0.129,0.0204,-0.0155,-0.0118,-0.0144,-0.1431
TRX-140575-611,United Kingdom,Automotive,0.1842,0.6878,-0.5036,0.4192,0.8385,0.0745,8.8126
TRX-D0E848-612,Vietnam,Aerospace,0.5092,0.9868,-0.4775,0.1203,0.3094,0.2751,5.0141
TRX-277E47-613,South Africa,Aerospace,0.238,0.2264,0.0116,-0.0029,-0.0075,-0.0067,-0.1219
TRX-2D9491-614,Indonesia,Energy,0.6526,0.8411,-0.1884,0.0663,0.0124,0.0746,1.7902
TRX-F8982B-615,Turkey,Agriculture,0.1381,0.8789,-0.7408,0.0967,0.0258,0.0859,10.3709
TRX-8845AB-616,Afghanistan,Automotive,0.3704,0.4158,-0.0454,0.0378,0.0757,0.0067,0.7953
TRX-572CFA-617,Albania,Metals,0.7289,0.7639,-0.035,0.0058,0.0019,0.0063,0.5072
TRX-147EEC-618,Algeria,Metals,0.4178,0.4817,-0.0639,0.0105,0.0034,0.0115,0.9264
TRX-B6E968-619,Argentina,Maritime,0.7845,0.5805,0.204,-0.0155,-0.0047,-0.0,-1.7342
TRX-B31E1B-620,Australia,Metals,0.1444,0.5346,-0.3902,0.0644,0.0211,0.0702,5.6584
TRX-4E40F0-621,Brazil,Aerospace,0.327,0.8276,-0.5006,0.1261,0.3244,0.2883,5.2562
TRX-C13062-622,Canada,Lumber,0.2049,0.0733,0.1316,-0.0068,-0.0021,-0.0,-1.5787
TRX-EADA34-623,Chad,Energy,0.374,0.2705,0.1034,-0.0364,-0.0068,-0.041,-0.9827
TRX-C521D9-624,China,Lumber,0.8375,0.1061,0.7313,-0.038,-0.0114,-0.0,-8.7762
TRX-BC5C46-625,Colombia,Steel_Aluminum,0.1347,0.8574,-0.7227,0.1214,0.0243,0.0809,11.202
TRX-41559A-626,Egypt,Agriculture,0.4765,0.3784,0.0981,-0.0128,-0.0034,-0.0114,-1.3738
TRX-396490-627,European Union,Energy,0.8524,0.3945,0.4578,-0.1612,-0.0302,-0.1813,-4.3494
TRX-932E46-628,India,Steel_Aluminum,0.8842,0.9462,-0.062,0.0104,0.0021,0.0069,0.9608
TRX-09CEFE-629,Japan,Aerospace,0.6555,0.934,-0.2785,0.0702,0.1804,0.1604,2.9238
TRX-6C1C7B-630,Mexico,Agriculture,0.4389,0.2596,0.1793,-0.0234,-0.0062,-0.0208,-2.5098
TRX-6D5C59-631,Nigeria,Steel_Aluminum,0.9217,0.258,0.6637,-0.1115,-0.0223,-0.0743,-10.2876
TRX-CBAEB3-632,South Korea,Minerals,0.4622,0.6345,-0.1722,0.0169,0.0029,0.0,2.2387
TRX-BECAD6-633,United Kingdom,Agriculture,0.3886,0.4511,-0.0625,0.0082,0.0022,0.0073,0.875
TRX-FD8C3D-634,Vietnam,Aerospace,0.6117,0.0753,0.5363,-0.1352,-0.3475,-0.3089,-5.6315
TRX-491EB6-635,South Africa,Minerals,0.8748,0.1136,0.7612,-0.0746,-0.0128,-0.0,-9.896
TRX-29143A-636,Indonesia,Aerospace,0.4444,0.0569,0.3875,-0.0977,-0.2511,-0.2232,-4.0691
TRX-EB2962-637,Turkey,Minerals,0.0931,0.712,-0.6189,0.0607,0.0104,0.0,8.0457
TRX-CD0E07-638,Afghanistan,Automotive,0.0798,0.0219,0.058,-0.0483,-0.0965,-0.0086,-1.0144
TRX-715AFB-639,Albania,Lumber,0.5084,0.3898,0.1186,-0.0062,-0.0018,-0.0,-1.4228
TRX-C334F9-640,Algeria,Energy,0.3527,0.7692,-0.4165,0.1466,0.0275,0.1649,3.9563
TRX-B32B3A-641,Argentina,Metals,0.7782,0.3577,0.4204,-0.0694,-0.0227,-0.0757,-6.0961
TRX-2B680C-642,Australia,Steel_Aluminum,0.1064,0.6571,-0.5507,0.0925,0.0185,0.0617,8.5354
TRX-5777B5-643,Brazil,Minerals,0.2697,0.0305,0.2392,-0.0234,-0.004,-0.0,-3.1099
TRX-4BB772-644,Canada,Aerospace,0.2995,0.7638,-0.4643,0.117,0.3009,0.2674,4.8752
TRX-814420-645,Chad,Pharmaceuticals,0.9665,0.664,0.3025,-0.2299,-0.1742,-0.2129,-2.1173
TRX-6E1BD0-646,China,Automotive,0.129,0.6127,-0.4838,0.4027,0.8055,0.0716,8.4657
TRX-EFEC87-647,Colombia,Pharmaceuticals,0.641,0.5297,0.1113,-0.0846,-0.0641,-0.0784,-0.7793
TRX-BA0AFD-648,Egypt,Agriculture,0.3258,0.1327,0.193,-0.0252,-0.0067,-0.0224,-2.7026
TRX-E2C9E8-649,European Union,Minerals,0.1217,0.4863,-0.3646,0.0357,0.0061,0.0,4.74
TRX-D97AA5-650,India,Agriculture,0.1355,0.3415,-0.206,0.0269,0.0072,0.0239,2.8836
TRX-D8CFE0-651,Japan,Minerals,0.5966,0.1031,0.4934,-0.0484,-0.0083,-0.0,-6.4148
TRX-581356-652,Mexico,Minerals,0.4334,0.4406,-0.0072,0.0007,0.0001,0.0,0.0934
TRX-542BDC-653,Nigeria,Pharmaceuticals,0.1704,0.2783,-0.1079,0.082,0.0622,0.076,0.7553
TRX-363F52-654,South Korea,Energy,0.1291,0.2035,-0.0744,0.0262,0.0049,0.0295,0.7073
TRX-D0E0EA-655,United Kingdom,Aerospace,0.6429,0.2902,0.3527,-0.0889,-0.2286,-0.2032,-3.7034
TRX-C360DC-656,Vietnam,Metals,0.8717,0.2633,0.6084,-0.1004,-0.0329,-0.1095,-8.8221
TRX-77233D-657,South Africa,Agriculture,0.6333,0.2266,0.4067,-0.0531,-0.0142,-0.0472,-5.6939
TRX-C22FE6-658,Indonesia,Minerals,0.7432,0.5567,0.1866,-0.0183,-0.0031,-0.0,-2.4254
TRX-A0FFDC-659,Turkey,Metals,0.653,0.1839,0.4692,-0.0774,-0.0253,-0.0844,-6.8028
TRX-A9A65F-660,Afghanistan,Maritime,0.7481,0.2739,0.4742,-0.036,-0.0108,-0.0,-4.0305
TRX-E598D8-661,Albania,Agriculture,0.1158,0.6816,-0.5658,0.0738,0.0197,0.0656,7.9213
TRX-886EEF-662,Algeria,Energy,0.8114,0.2192,0.5922,-0.2085,-0.0391,-0.2345,-5.6258
TRX-B052BD-663,Argentina,Automotive,0.1577,0.3455,-0.1879,0.1564,0.3128,0.0278,3.2878
TRX-64B3C0-664,Australia,Maritime,0.5414,0.5885,-0.0471,0.0036,0.0011,0.0,0.4008
TRX-13A50F-665,Brazil,Minerals,0.6097,0.1138,0.4959,-0.0486,-0.0083,-0.0,-6.4466
TRX-20640A-666,Canada,Metals,0.6851,0.8659,-0.1807,0.0298,0.0098,0.0325,2.6209
TRX-9CC707-667,Chad,Pharmaceuticals,0.7559,0.1669,0.589,-0.4477,-0.3393,-0.4147,-4.1232
TRX-665E12-668,China,Steel_Aluminum,0.5569,0.8055,-0.2486,0.0418,0.0084,0.0278,3.8539
TRX-D4E73C-669,Colombia,Lumber,0.8738,0.2823,0.5915,-0.0308,-0.0092,-0.0,-7.0977
TRX-168076-670,Egypt,Automotive,0.4035,0.7941,-0.3906,0.3252,0.6504,0.0578,6.8356
TRX-63601D-671,European Union,Pharmaceuticals,0.554,0.7284,-0.1744,0.1326,0.1005,0.1228,1.221
TRX-B58534-672,India,Metals,0.6127,0.6841,-0.0714,0.0118,0.0039,0.0129,1.036
TRX-C2DDC9-673,Japan,Pharmaceuticals,0.5531,0.0151,0.538,-0.4089,-0.3099,-0.3788,-3.7661
TRX-EB9730-674,Mexico,Steel_Aluminum,0.8332,0.826,0.0071,-0.0012,-0.0002,-0.0008,-0.1106
TRX-29C760-675,Nigeria,Pharmaceuticals,0.9489,0.3706,0.5783,-0.4395,-0.3331,-0.4071,-4.0483
TRX-12943A-676,South Korea,Automotive,0.8351,0.4709,0.3642,-0.3032,-0.6064,-0.0539,-6.3738
TRX-D0D3CF-677,United Kingdom,Automotive,0.9864,0.3709,0.6155,-0.5124,-1.0247,-0.0911,-10.7706
TRX-9461A6-678,Vietnam,Energy,0.7176,0.8785,-0.1608,0.0566,0.0106,0.0637,1.528
TRX-D6F324-679,South Africa,Automotive,0.1451,0.6598,-0.5147,0.4285,0.857,0.0762,9.0075
TRX-2AF676-680,Indonesia,Maritime,0.6917,0.0132,0.6786,-0.0516,-0.0155,-0.0,-5.7677
TRX-561E77-681,Turkey,Maritime,0.1735,0.1877,-0.0141,0.0011,0.0003,0.0,0.1202
TRX-F95475-682,Afghanistan,Energy,0.4043,0.8668,-0.4625,0.1628,0.0305,0.1831,4.3937
TRX-7A5587-683,Albania,Automotive,0.0736,0.5784,-0.5048,0.4203,0.8405,0.0747,8.8345
TRX-E62D5F-684,Algeria,Metals,0.6989,0.0617,0.6371,-0.1051,-0.0344,-0.1147,-9.2385
TRX-322265-685,Argentina,Minerals,0.6729,0.7989,-0.126,0.0123,0.0021,0.0,1.6374
TRX-79E0F4-686,Australia,Automotive,0.4983,0.0855,0.4128,-0.3436,-0.6873,-0.0611,-7.2235
TRX-F555FC-687,Brazil,Maritime,0.6915,0.741,-0.0495,0.0038,0.0011,0.0,0.4207
TRX-38482E-688,Canada,Steel_Aluminum,0.7035,0.7828,-0.0793,0.0133,0.0027,0.0089,1.2294
TRX-DF7DBC-689,Chad,Automotive,0.4414,0.1545,0.2869,-0.2388,-0.4777,-0.0425,-5.0206
TRX-319F46-690,China,Metals,0.7308,0.2411,0.4897,-0.0808,-0.0264,-0.0881,-7.1
TRX-0A8F31-691,Colombia,Energy,0.0713,0.7953,-0.724,0.2549,0.0478,0.2867,6.8785
TRX-2D8210-692,Egypt,Pharmaceuticals,0.9245,0.6397,0.2847,-0.2164,-0.164,-0.2005,-1.9932
TRX-DAF20E-693,European Union,Aerospace,0.6348,0.4962,0.1386,-0.0349,-0.0898,-0.0798,-1.4549
TRX-7357DF-694,India,Maritime,0.9813,0.7423,0.239,-0.0182,-0.0054,-0.0,-2.0317
TRX-CBD12D-695,Japan,Metals,0.5704,0.586,-0.0156,0.0026,0.0008,0.0028,0.2259
TRX-2551A3-696,Mexico,Pharmaceuticals,0.5642,0.9701,-0.4058,0.3084,0.2337,0.2857,2.8407
TRX-D36696-697,Nigeria,Automotive,0.0357,0.0337,0.002,-0.0016,-0.0033,-0.0003,-0.0344
TRX-43F36D-698,South Korea,Maritime,0.2776,0.5177,-0.2401,0.0182,0.0055,0.0,2.0409
TRX-23E925-699,United Kingdom,Automotive,0.9319,0.2641,0.6678,-0.5559,-1.1118,-0.0988,-11.6857
TRX-30F971-700,Vietnam,Steel_Aluminum,0.8653,0.8351,0.0302,-0.0051,-0.001,-0.0034,-0.4678
TRX-E99966-701,South Africa,Lumber,0.4813,0.4365,0.0448,-0.0023,-0.0007,-0.0,-0.5377
TRX-36A171-702,Indonesia,Lumber,0.7019,0.6285,0.0734,-0.0038,-0.0011,-0.0,-0.8802
TRX-B1197F-703,Turkey,Metals,0.8958,0.9012,-0.0054,0.0009,0.0003,0.001,0.0778
TRX-BA3CE2-704,Afghanistan,Minerals,0.7249,0.7602,-0.0353,0.0035,0.0006,0.0,0.4587
TRX-C35E62-705,Albania,Maritime,0.2307,0.1387,0.092,-0.007,-0.0021,-0.0,-0.782
TRX-BD8E23-706,Algeria,Pharmaceuticals,0.7463,0.6538,0.0925,-0.0703,-0.0533,-0.0651,-0.6477
TRX-B0797A-707,Argentina,Energy,0.0231,0.2871,-0.264,0.0929,0.0174,0.1045,2.5076
TRX-6BA665-708,Australia,Steel_Aluminum,0.2865,0.2665,0.0201,-0.0034,-0.0007,-0.0022,-0.3111
TRX-A8DEC8-709,Brazil,Automotive,0.2801,0.7814,-0.5013,0.4173,0.8346,0.0742,8.7725
TRX-7A6F59-710,Canada,Steel_Aluminum,0.2765,0.7542,-0.4777,0.0803,0.0161,0.0535,7.4043
TRX-B604FE-711,Chad,Steel_Aluminum,0.8379,0.2728,0.5651,-0.0949,-0.019,-0.0633,-8.7593
TRX-B8708A-712,China,Pharmaceuticals,0.4878,0.0429,0.4449,-0.3381,-0.2562,-0.3132,-3.1141
TRX-456C9C-713,Colombia,Energy,0.6173,0.5608,0.0566,-0.0199,-0.0037,-0.0224,-0.5372
TRX-ABBD09-714,Egypt,Lumber,0.5318,0.4129,0.1189,-0.0062,-0.0019,-0.0,-1.4268
TRX-8312D5-715,European Union,Metals,0.0947,0.242,-0.1474,0.0243,0.008,0.0265,2.1366
TRX-928A55-716,India,Minerals,0.5474,0.1354,0.4119,-0.0404,-0.0069,-0.0,-5.355
TRX-A7AA58-717,Japan,Metals,0.3956,0.8213,-0.4257,0.0702,0.023,0.0766,6.1731
TRX-C782A8-718,Mexico,Minerals,0.265,0.7262,-0.4612,0.0452,0.0077,0.0,5.9962
TRX-6DBE7C-719,Nigeria,Steel_Aluminum,0.97,0.1521,0.8179,-0.1374,-0.0275,-0.0916,-12.6774
TRX-0A1932-720,South Korea,Metals,0.2041,0.564,-0.3599,0.0594,0.0194,0.0648,5.2184
TRX-1515F5-721,United Kingdom,Automotive,0.3125,0.9381,-0.6256,0.5208,1.0416,0.0926,10.9475
TRX-D241D7-722,Vietnam,Pharmaceuticals,0.1894,0.0316,0.1578,-0.1199,-0.0909,-0.1111,-1.1043
TRX-81C034-723,South Africa,Lumber,0.2308,0.2559,-0.0251,0.0013,0.0004,0.0,0.3016
TRX-017915-724,Indonesia,Metals,0.6801,0.5442,0.1359,-0.0224,-0.0073,-0.0245,-1.9702
TRX-65E1CB-725,Turkey,Minerals,0.1225,0.8529,-0.7305,0.0716,0.0123,0.0,9.496
TRX-7EFC17-726,Afghanistan,Steel_Aluminum,0.5417,0.7859,-0.2442,0.041,0.0082,0.0273,3.7847
TRX-4F10CB-727,Albania,Aerospace,0.5427,0.0901,0.4526,-0.114,-0.2933,-0.2607,-4.7521
TRX-9BA05D-728,Algeria,Maritime,0.84,0.4301,0.4099,-0.0312,-0.0093,-0.0,-3.4843
TRX-742C3A-729,Argentina,Lumber,0.9368,0.843,0.0938,-0.0049,-0.0015,-0.0,-1.1257
TRX-58AC60-730,Australia,Agriculture,0.1056,0.8547,-0.7491,0.0978,0.0261,0.0869,10.4879
TRX-B859EB-731,Brazil,Automotive,0.648,0.5445,0.1034,-0.0861,-0.1722,-0.0153,-1.81
TRX-987F3C-732,Canada,Minerals,0.7812,0.1197,0.6615,-0.0648,-0.0111,-0.0,-8.5999
TRX-B1EE2F-733,Chad,Steel_Aluminum,0.9685,0.7881,0.1804,-0.0303,-0.0061,-0.0202,-2.7961
TRX-66A235-734,China,Aerospace,0.2073,0.2634,-0.0561,0.0141,0.0364,0.0323,0.5892
TRX-3AF5DB-735,Colombia,Energy,0.544,0.7533,-0.2093,0.0737,0.0138,0.0829,1.9884
TRX-A83482-736,Egypt,Energy,0.519,0.2108,0.3082,-0.1085,-0.0203,-0.1221,-2.928
TRX-D10037-737,European Union,Lumber,0.6564,0.1684,0.488,-0.0254,-0.0076,-0.0,-5.8566
TRX-FED1A7-738,India,Pharmaceuticals,0.559,0.7457,-0.1867,0.1419,0.1076,0.1315,1.3072
TRX-9A96AB-739,Japan,Aerospace,0.0366,0.0739,-0.0373,0.0094,0.0242,0.0215,0.3914
TRX-78F834-740,Mexico,Automotive,0.901,0.5379,0.3631,-0.3023,-0.6046,-0.0537,-6.3544
TRX-65CA89-741,Nigeria,Energy,0.7924,0.3745,0.4179,-0.1471,-0.0276,-0.1655,-3.9699
TRX-95E1D7-742,South Korea,Metals,0.8157,0.3828,0.4328,-0.0714,-0.0234,-0.0779,-6.2763
TRX-814BCE-743,United Kingdom,Automotive,0.4423,0.2017,0.2406,-0.2003,-0.4005,-0.0356,-4.2097
TRX-16F901-744,Vietnam,Steel_Aluminum,0.1022,0.3595,-0.2574,0.0432,0.0086,0.0288,3.9894
TRX-81CB30-745,South Africa,Pharmaceuticals,0.576,0.6319,-0.0558,0.0424,0.0322,0.0393,0.3909
TRX-548088-746,Indonesia,Metals,0.6398,0.2019,0.4379,-0.0723,-0.0236,-0.0788,-6.3495
TRX-54A4E6-747,Turkey,Minerals,0.5198,0.4487,0.0711,-0.007,-0.0012,-0.0,-0.9248
TRX-A87639-748,Afghanistan,Maritime,0.7874,0.3204,0.467,-0.0355,-0.0106,-0.0,-3.9692
TRX-7031F1-749,Albania,Automotive,0.3658,0.8892,-0.5234,0.4357,0.8715,0.0775,9.1596
TRX-C15A66-750,Algeria,Minerals,0.5069,0.5962,-0.0892,0.0087,0.0015,0.0,1.1601
TRX-520ED2-751,Argentina,Metals,0.1905,0.8861,-0.6956,0.1148,0.0376,0.1252,10.0858
TRX-F0519F-752,Australia,Lumber,0.4415,0.613,-0.1715,0.0089,0.0027,0.0,2.0577
TRX-E63BE6-753,Brazil,Maritime,0.8497,0.1253,0.7244,-0.0551,-0.0165,-0.0,-6.1578
TRX-9725EF-754,Canada,Metals,0.9578,0.4194,0.5384,-0.0888,-0.0291,-0.0969,-7.8065
TRX-4188ED-755,Chad,Metals,0.13,0.7207,-0.5907,0.0975,0.0319,0.1063,8.5651
TRX-5367EB-756,China,Agriculture,0.1726,0.8743,-0.7017,0.0916,0.0244,0.0814,9.8231
TRX-0849FD-757,Colombia,Metals,0.1372,0.6831,-0.5459,0.0901,0.0295,0.0983,7.9155
TRX-D61457-758,Egypt,Automotive,0.5269,0.715,-0.1881,0.1566,0.3132,0.0278,3.292
TRX-E0C1A3-759,European Union,Agriculture,0.2156,0.3814,-0.1659,0.0216,0.0058,0.0192,2.3224
TRX-1141AD-760,India,Automotive,0.1937,0.851,-0.6573,0.5472,1.0945,0.0973,11.5036
TRX-9C78B6-761,Japan,Energy,0.9098,0.1185,0.7913,-0.2785,-0.0522,-0.3134,-7.5174
TRX-990759-762,Mexico,Pharmaceuticals,0.4717,0.8152,-0.3435,0.261,0.1978,0.2418,2.4042
TRX-5B5E2D-763,Nigeria,Pharmaceuticals,0.3606,0.4943,-0.1337,0.1016,0.077,0.0941,0.9358
TRX-90FF69-764,South Korea,Automotive,0.8722,0.5249,0.3473,-0.2891,-0.5783,-0.0514,-6.0777
TRX-0B6A3A-765,United Kingdom,Lumber,0.1207,0.0954,0.0252,-0.0013,-0.0004,-0.0,-0.303
TRX-39C53D-766,Vietnam,Aerospace,0.2451,0.1491,0.0959,-0.0242,-0.0622,-0.0553,-1.0074
TRX-62CA71-767,South Africa,Pharmaceuticals,0.7349,0.1974,0.5374,-0.4085,-0.3096,-0.3784,-3.7621
TRX-CD2D20-768,Indonesia,Pharmaceuticals,0.4368,0.5757,-0.1389,0.1056,0.08,0.0978,0.9724
TRX-1D4051-769,Turkey,Aerospace,0.8346,0.4719,0.3628,-0.0914,-0.2351,-0.2089,-3.809
TRX-82903E-770,Afghanistan,Automotive,0.0405,0.7345,-0.694,0.5778,1.1555,0.1027,12.1453
TRX-5DAAA9-771,Albania,Agriculture,0.3286,0.6826,-0.354,0.0462,0.0123,0.0411,4.956
TRX-EB6941-772,Algeria,Metals,0.1738,0.6522,-0.4784,0.0789,0.0258,0.0861,6.9366
TRX-A6D7AB-773,Argentina,Aerospace,0.8303,0.2837,0.5466,-0.1377,-0.3542,-0.3148,-5.7394
TRX-2906AC-774,Australia,Automotive,0.6903,0.5124,0.1779,-0.1481,-0.2961,-0.0263,-3.1127
TRX-B6A96D-775,Brazil,Maritime,0.3632,0.0771,0.286,-0.0217,-0.0065,-0.0,-2.4313
TRX-022CDF-776,Canada,Pharmaceuticals,0.3079,0.6501,-0.3422,0.2601,0.1971,0.2409,2.3956
TRX-50FE65-777,Chad,Energy,0.8638,0.7607,0.103,-0.0363,-0.0068,-0.0408,-0.9789
TRX-2383E7-778,China,Automotive,0.0679,0.8909,-0.823,0.6851,1.3702,0.1218,14.4018
TRX-09D35A-779,Colombia,Automotive,0.8991,0.6673,0.2317,-0.1929,-0.3858,-0.0343,-4.0553
TRX-2FF44D-780,Egypt,Metals,0.1757,0.392,-0.2163,0.0357,0.0117,0.0389,3.1358
TRX-6C04C7-781,European Union,Maritime,0.2322,0.384,-0.1518,0.0115,0.0035,0.0,1.2902
TRX-8C8BD4-782,India,Automotive,0.4145,0.7963,-0.3818,0.3178,0.6357,0.0565,6.6815
TRX-246265-783,Japan,Energy,0.0276,0.423,-0.3954,0.1392,0.0261,0.1566,3.7561
TRX-FCCC82-784,Mexico,Steel_Aluminum,0.9569,0.1349,0.822,-0.1381,-0.0276,-0.0921,-12.7412
TRX-7AD2E4-785,Nigeria,Pharmaceuticals,0.2964,0.9026,-0.6062,0.4607,0.3492,0.4268,4.2433
TRX-27E09A-786,South Korea,Steel_Aluminum,0.6953,0.8327,-0.1373,0.0231,0.0046,0.0154,2.1288
TRX-9CB037-787,United Kingdom,Metals,0.6189,0.558,0.0609,-0.0101,-0.0033,-0.011,-0.8833
TRX-155E09-788,Vietnam,Metals,0.532,0.6324,-0.1004,0.0166,0.0054,0.0181,1.4553
TRX-C76918-789,South Africa,Energy,0.1203,0.6996,-0.5793,0.2039,0.0382,0.2294,5.5032
TRX-E00D6F-790,Indonesia,Energy,0.1046,0.2471,-0.1425,0.0501,0.0094,0.0564,1.3533
TRX-25E35C-791,Turkey,Aerospace,0.4694,0.3052,0.1642,-0.0414,-0.1064,-0.0946,-1.7236
TRX-060ED3-792,Afghanistan,Lumber,0.3013,0.3039,-0.0026,0.0001,0.0,0.0,0.0315
TRX-2124A3-793,Albania,Pharmaceuticals,0.0572,0.8948,-0.8377,0.6366,0.4825,0.5897,5.8636
TRX-5A044B-794,Algeria,Minerals,0.8697,0.3338,0.5359,-0.0525,-0.009,-0.0,-6.9669
TRX-FB5D17-795,Argentina,Maritime,0.8845,0.1916,0.6928,-0.0527,-0.0158,-0.0,-5.8891
TRX-58E5B9-796,Australia,Metals,0.5307,0.8314,-0.3007,0.0496,0.0162,0.0541,4.3601
TRX-789F11-797,Brazil,Automotive,0.2724,0.7834,-0.511,0.4254,0.8507,0.0756,8.9417
TRX-52D384-798,Canada,Lumber,0.521,0.0724,0.4486,-0.0233,-0.007,-0.0,-5.3838
TRX-96FE7D-799,Chad,Energy,0.2258,0.4886,-0.2628,0.0925,0.0173,0.1041,2.4965
TRX-638340-800,China,Lumber,0.102,0.9014,-0.7995,0.0416,0.0125,0.0,9.5934
TRX-E84E53-801,Colombia,Energy,0.8612,0.0734,0.7878,-0.2773,-0.052,-0.312,-7.484
TRX-C7F82F-802,Egypt,Aerospace,0.0346,0.6906,-0.6559,0.1653,0.425,0.3778,6.8872
TRX-20E22C-803,European Union,Minerals,0.3206,0.4359,-0.1153,0.0113,0.0019,0.0,1.4989
TRX-1E914A-804,India,Pharmaceuticals,0.344,0.1715,0.1725,-0.1311,-0.0993,-0.1214,-1.2073
TRX-64531E-805,Japan,Maritime,0.6049,0.6287,-0.0237,0.0018,0.0005,0.0,0.2017
TRX-B42756-806,Mexico,Energy,0.783,0.6368,0.1462,-0.0515,-0.0097,-0.0579,-1.389
TRX-D61FC4-807,Nigeria,Metals,0.5121,0.1121,0.4,-0.066,-0.0216,-0.072,-5.7997
TRX-427766-808,South Korea,Maritime,0.781,0.9614,-0.1803,0.0137,0.0041,0.0,1.5329
TRX-3D5516-809,United Kingdom,Agriculture,0.2761,0.4734,-0.1973,0.0257,0.0069,0.0229,2.7622
TRX-85AF50-810,Vietnam,Pharmaceuticals,0.5061,0.6314,-0.1253,0.0952,0.0722,0.0882,0.877
TRX-8AA7D6-811,South Africa,Maritime,0.8837,0.0129,0.8708,-0.0662,-0.0199,-0.0,-7.4017
TRX-9E9A1F-812,Indonesia,Maritime,0.0547,0.1472,-0.0925,0.007,0.0021,0.0,0.7861
TRX-4C1E87-813,Turkey,Steel_Aluminum,0.9621,0.3347,0.6274,-0.1054,-0.0211,-0.0703,-9.7244
TRX-DBC3D3-814,Afghanistan,Aerospace,0.6201,0.4703,0.1497,-0.0377,-0.097,-0.0862,-1.5721
TRX-6AC05C-815,Albania,Energy,0.2129,0.5162,-0.3034,0.1068,0.02,0.1201,2.8822
TRX-65F8F2-816,Algeria,Maritime,0.8471,0.0585,0.7885,-0.0599,-0.018,-0.0,-6.7026
TRX-395C51-817,Argentina,Minerals,0.046,0.1159,-0.0699,0.0068,0.0012,0.0,0.9084
TRX-343A89-818,Australia,Steel_Aluminum,0.4636,0.4398,0.0238,-0.004,-0.0008,-0.0027,-0.3693
TRX-5D6BE3-819,Brazil,Steel_Aluminum,0.2976,0.9231,-0.6255,0.1051,0.021,0.0701,9.6952
TRX-B9E977-820,Canada,Pharmaceuticals,0.8103,0.2889,0.5215,-0.3963,-0.3004,-0.3671,-3.6503
TRX-33D805-821,Chad,Aerospace,0.1216,0.3483,-0.2268,0.0571,0.1469,0.1306,2.3809
TRX-9F9C81-822,China,Metals,0.5733,0.0391,0.5342,-0.0881,-0.0288,-0.0962,-7.746
TRX-5A6445-823,Colombia,Automotive,0.4516,0.9208,-0.4693,0.3907,0.7813,0.0694,8.2119
TRX-A7B8E8-824,Egypt,Aerospace,0.3921,0.7253,-0.3332,0.084,0.2159,0.1919,3.4985
TRX-029182-825,European Union,Minerals,0.8995,0.7098,0.1897,-0.0186,-0.0032,-0.0,-2.4662
TRX-B2149A-826,India,Aerospace,0.8173,0.946,-0.1286,0.0324,0.0834,0.0741,1.3508
TRX-96D300-827,Japan,Steel_Aluminum,0.717,0.8556,-0.1387,0.0233,0.0047,0.0155,2.1492
TRX-51FDB2-828,Mexico,Metals,0.7132,0.823,-0.1098,0.0181,0.0059,0.0198,1.5917
TRX-F631E2-829,Nigeria,Aerospace,0.6017,0.6829,-0.0811,0.0204,0.0526,0.0467,0.852
TRX-E04D71-830,South Korea,Agriculture,0.662,0.7943,-0.1324,0.0173,0.0046,0.0154,1.8531
TRX-7E4FEE-831,United Kingdom,Energy,0.3717,0.1286,0.2431,-0.0856,-0.016,-0.0963,-2.3091
TRX-707787-832,Vietnam,Minerals,0.7462,0.0796,0.6666,-0.0653,-0.0112,-0.0,-8.6654
TRX-70C494-833,South Africa,Steel_Aluminum,0.3247,0.7449,-0.4202,0.0706,0.0141,0.0471,6.513
TRX-4CBE47-834,Indonesia,Agriculture,0.6652,0.6751,-0.0099,0.0013,0.0003,0.0011,0.1385
TRX-192B66-835,Turkey,Agriculture,0.8803,0.5967,0.2836,-0.037,-0.0099,-0.0329,-3.9698
TRX-F4E3AF-836,Afghanistan,Agriculture,0.1461,0.1234,0.0227,-0.003,-0.0008,-0.0026,-0.3174
TRX-CD92AA-837,Albania,Metals,0.8662,0.7195,0.1467,-0.0242,-0.0079,-0.0264,-2.1276
TRX-D77352-838,Algeria,Lumber,0.8944,0.0751,0.8193,-0.0426,-0.0128,-0.0,-9.8315
TRX-954D24-839,Argentina,Minerals,0.8136,0.691,0.1226,-0.012,-0.0021,-0.0,-1.5942
TRX-E29B3C-840,Australia,Automotive,0.4499,0.0927,0.3572,-0.2973,-0.5947,-0.0529,-6.2505
TRX-1928B5-841,Brazil,Steel_Aluminum,0.9019,0.8019,0.1001,-0.0168,-0.0034,-0.0112,-1.5511
TRX-F7B6A1-842,Canada,Pharmaceuticals,0.7246,0.6492,0.0753,-0.0573,-0.0434,-0.053,-0.5274
TRX-2CA177-843,Chad,Lumber,0.6886,0.4313,0.2573,-0.0134,-0.004,-0.0,-3.0877
TRX-E1D916-844,China,Automotive,0.0861,0.5417,-0.4556,0.3793,0.7586,0.0674,7.9734
TRX-95DC77-845,Colombia,Maritime,0.7832,0.4475,0.3357,-0.0255,-0.0077,-0.0,-2.8536
TRX-24C91B-846,Egypt,Agriculture,0.3866,0.4511,-0.0646,0.0084,0.0022,0.0075,0.9039
