id,date,BA_baseline,BA_impacted,RTX_baseline,RTX_impacted,LMT_baseline,LMT_impacted,NOC_baseline,NOC_impacted,GD_baseline,GD_impacted,HEI_baseline,HEI_impacted,TDG_baseline,TDG_impacted,SPR_baseline,SPR_impacted,KTOS_baseline,KTOS_impacted,LDOS_baseline,LDOS_impacted,SAIC_baseline,SAIC_impacted,BAH_baseline,BAH_impacted,CACI_baseline,CACI_impacted,DRS_baseline,DRS_impacted,MRCY_baseline,MRCY_impacted,AVAV_baseline,AVAV_impacted,JOBY_baseline,JOBY_impacted,ACHR_baseline,ACHR_impacted,ERJ_baseline,ERJ_impacted,AIR_baseline,AIR_impacted
1,2026-02-22,232.2208,240.9139,205.206,212.8879,658.8125,683.4751,724.3509,751.4669,351.6891,364.8545,352.0361,365.2145,1339.2996,1389.4361,100.0219,103.7662,96.3388,99.9452,173.5596,180.0568,89.8545,93.2182,77.1062,79.9927,586.446,608.3995,40.0459,41.545,87.786,91.0723,264.944,274.8622,100.0219,103.7662,6.927,7.1864,100.0219,103.7662,117.1224,121.5069
2,2026-02-23,232.4117,249.8123,205.4925,220.8777,659.3655,708.732,725.1427,779.4339,351.9584,378.3094,352.4126,378.7977,1339.6193,1439.9163,100.0438,107.5341,96.5982,103.8305,173.6193,186.6181,89.7991,96.5223,77.0026,82.7678,586.8622,630.8004,40.0618,43.0612,87.9424,94.5266,265.2585,285.1183,100.0438,107.5341,6.9241,7.4425,100.0438,107.5341,117.2751,126.0554
3,2026-02-24,232.6028,258.7251,205.7793,228.8893,659.9189,734.0308,725.9353,807.4612,352.2279,391.7847,352.7895,392.4094,1339.9391,1490.4204,100.0657,111.3036,96.8584,107.7361,173.6789,193.1839,89.7437,99.8223,76.8992,85.5353,587.2787,653.2328,40.0776,44.5785,88.0989,97.9929,265.5733,295.3983,100.0657,111.3036,6.9211,7.6984,100.0657,111.3036,117.4279,130.6156
4,2026-02-25,232.794,267.6524,206.0666,236.9229,660.4728,759.3716,726.7288,835.5488,352.4976,405.2805,353.1669,406.0499,1340.259,1540.9486,100.0876,115.0747,97.1193,111.6619,173.7386,199.7542,89.6884,103.1182,76.7958,88.2952,587.6956,675.6968,40.0935,46.0971,88.2558,101.4712,265.8884,305.7024,100.0876,115.0747,6.9182,7.9541,100.0876,115.0747,117.581,135.1875
5,2026-02-26,232.9854,276.5943,206.3543,244.9785,661.0271,784.7544,727.5232,863.6969,352.7676,418.7966,353.5446,419.7191,1340.5789,1591.5009,100.1096,118.8475,97.3809,115.6081,173.7983,206.3289,89.633,106.41,76.6926,91.0475,588.1127,698.1923,40.1094,47.6169,88.413,104.9616,266.2039,316.0305,100.1096,118.8475,6.9152,8.2096,100.1096,118.8475,117.7342,139.771
6,2026-02-27,233.1769,285.5506,206.6423,253.0561,661.5819,810.1793,728.3184,891.9055,353.0377,432.3332,353.9227,433.417,1340.8989,1642.0772,100.1315,122.622,97.6431,119.5747,173.8581,212.9082,89.5777,109.6977,76.5896,93.7923,588.5301,720.7194,40.1253,49.1378,88.5704,108.4641,266.5199,326.3827,100.1315,122.622,6.9123,8.4648,100.1315,122.622,117.8877,144.3663
7,2026-02-28,233.3686,294.5215,206.9308,261.1557,662.1372,835.6463,729.1145,920.1747,353.308,445.8903,354.3013,447.1438,1341.219,1692.6775,100.1534,126.3981,97.9061,123.5618,173.9178,219.492,89.5225,112.9813,76.4867,96.5295,588.9478,743.2781,40.1412,50.66,88.7281,111.9788,266.8361,336.759,100.1534,126.3981,6.9093,8.7199,100.1534,126.3981,118.0413,148.9733
8,2026-03-01,233.5605,303.5069,207.2196,269.2775,662.6929,861.1555,729.9115,948.5047,353.5786,459.4679,354.6802,460.8994,1341.5392,1743.3019,100.1754,130.1758,98.1698,127.5696,173.9776,226.0802,89.4672,116.2608,76.3839,99.2593,589.3658,765.8685,40.1572,52.1834,88.8861,115.5056,267.1528,347.1594,100.1754,130.1758,6.9064,8.9747,100.1754,130.1758,118.1951,153.5921
9,2026-03-02,233.7525,312.507,207.5089,277.4215,663.2491,886.7069,730.7094,976.8955,353.8493,473.0661,355.0595,474.684,1341.8594,1793.9504,100.1973,133.9552,98.4342,131.5981,174.0374,232.673,89.4121,119.5362,76.2812,101.9815,589.7841,788.4905,40.1731,53.7079,89.0444,119.0447,267.4698,357.5841,100.1973,133.9552,6.9034,9.2293,100.1973,133.9552,118.3492,158.2227
10,2026-03-03,233.9447,321.5216,207.7985,285.5877,663.8058,912.3006,731.5081,1005.3472,354.1203,486.6847,355.4393,488.4975,1342.1797,1844.6229,100.2193,137.7362,98.6993,135.6473,174.0972,239.2702,89.3569,122.8075,76.1787,104.6962,590.2027,811.1443,40.189,55.2337,89.2029,122.5959,267.7873,368.0331,100.2193,137.7362,6.9005,9.4837,100.2193,137.7362,118.5034,162.865
11,2026-03-04,234.137,330.5508,208.0886,293.7761,664.363,937.9367,732.3077,1033.8599,354.3915,500.324,355.8194,502.34,1342.5001,1895.3196,100.2412,141.5189,98.9652,139.7174,174.157,245.872,89.3018,126.0748,76.0764,107.4034,590.6216,833.8299,40.2049,56.7607,89.3618,126.1595,268.105,378.5063,100.2412,141.5189,6.8975,9.7378,100.2412,141.5189,118.6579,167.5192
12,2026-03-05,234.3295,339.5947,208.3791,301.9868,664.9206,963.6151,733.1082,1062.4338,354.6628,513.9839,356.2,516.2116,1342.8206,1946.0403,100.2632,145.3032,99.2317,143.8084,174.2169,252.4783,89.2467,129.3379,75.9742,110.1031,591.0408,856.5472,40.2209,58.2888,89.5209,129.7353,268.4232,389.0039,100.2632,145.3032,6.8946,9.9918,100.2632,145.3032,118.8125,172.1853
13,2026-03-06,234.5222,348.6532,208.67,310.2199,665.4787,989.336,733.9095,1091.069,354.9344,527.6644,356.581,530.1123,1343.1412,1996.7852,100.2851,149.0892,99.499,147.9205,174.2768,259.0891,89.1916,132.597,75.8721,112.7955,591.4603,879.2964,40.2368,59.8182,89.6803,133.3235,268.7418,399.5258,100.2851,149.0892,6.8917,10.2455,100.2851,149.0892,118.9674,176.8632
14,2026-03-07,234.715,357.7263,208.9613,318.4754,666.0372,1015.0994,734.7117,1119.7654,355.2062,541.3656,356.9623,544.0421,1343.4618,2047.5542,100.3071,152.8769,99.7669,152.0536,174.3366,265.7044,89.1366,135.852,75.7701,115.4803,591.8801,902.0775,40.2528,61.3488,89.84,136.9241,269.0607,410.0722,100.3071,152.8769,6.8887,10.499,100.3071,152.8769,119.1224,181.5531
15,2026-03-08,234.908,366.8142,209.2529,326.7533,666.5962,1040.9053,735.5148,1148.5233,355.4782,555.0874,357.3441,558.0011,1343.7825,2098.3473,100.3291,156.6662,100.0356,156.208,174.3966,272.3242,89.0816,139.103,75.6683,118.1578,592.3002,924.8904,40.2687,62.8806,90.0,140.537,269.38,420.643,100.3291,156.6662,6.8858,10.7523,100.3291,156.6662,119.2777,186.2548
16,2026-03-09,235.1011,365.601,209.545,325.8593,667.1557,1037.4804,736.3188,1145.0346,355.7504,553.2203,357.7263,556.293,1344.1033,2090.188,100.3511,156.0539,100.3051,155.9824,174.4565,271.2938,89.0267,138.4436,75.5666,117.5121,592.7206,921.7279,40.2847,62.646,90.1602,140.2064,269.6997,419.4045,100.3511,156.0539,6.8828,10.7034,100.3511,156.0539,119.4331,185.728
17,2026-03-10,235.2944,364.4352,209.8376,325.0065,667.7157,1034.1901,737.1237,1141.6925,356.0228,551.4252,358.1089,554.6563,1344.4241,2082.3086,100.373,155.4626,100.5752,155.7757,174.5164,270.2995,88.9717,137.8037,75.4651,116.8839,593.1413,918.6857,40.3007,62.4196,90.3208,139.8932,270.0197,418.2195,100.373,155.4626,6.8799,10.6559,100.373,155.4626,119.5888,185.2248
18,2026-03-11,235.4878,363.3154,210.1305,324.1936,668.2761,1031.03,737.9294,1138.4925,356.2954,549.6999,358.4919,553.0887,1344.7451,2074.7001,100.395,154.8915,100.8461,155.5874,174.5764,269.3401,88.9169,137.1827,75.3637,116.2726,593.5623,915.76,40.3167,62.2014,90.4816,139.5969,270.3401,417.0863,100.395,154.8915,6.877,10.6099,100.395,154.8915,119.7446,184.7445
19,2026-03-12,235.6814,362.2401,210.4238,323.4194,668.837,1027.9961,738.736,1135.4302,356.5683,548.042,358.8753,551.588,1345.0661,2067.3537,100.417,154.34,101.1177,155.417,174.6364,268.4145,88.862,136.5801,75.2624,115.6776,593.9836,912.947,40.3327,61.9909,90.6427,139.317,270.661,416.0033,100.417,154.34,6.874,10.5653,100.417,154.34,119.9007,184.2862
20,2026-03-13,235.8752,361.2079,210.7175,322.6826,669.3984,1025.0842,739.5435,1132.5011,356.8413,546.4495,359.2592,550.1521,1345.3872,2060.2608,100.439,153.8074,101.3901,155.2638,174.6964,267.5217,88.8072,135.995,75.1613,115.0983,594.4051,910.2432,40.3486,61.788,90.8041,139.053,270.9822,414.969,100.439,153.8074,6.8711,10.5221,100.439,153.8074,120.057,183.8494
21,2026-03-14,236.0691,360.2173,211.0117,321.9822,669.9602,1022.2907,740.3519,1129.7012,357.1146,544.9203,359.6434,548.779,1345.7083,2053.4131,100.461,153.2932,101.6631,155.1275,174.7565,266.6605,88.7524,135.4271,75.0603,114.5343,594.827,907.6451,40.3646,61.5923,90.9658,138.8045,271.3037,413.9817,100.461,153.2932,6.8682,10.4801,100.461,153.2932,120.2134,183.4334
22,2026-03-15,236.2632,359.2671,211.3062,321.317,670.5225,1019.6116,741.1612,1127.0263,357.388,543.4522,360.0281,547.4667,1346.0296,2046.8027,100.483,152.7967,101.9369,155.0076,174.8165,265.8299,88.6977,134.8756,74.9594,113.985,595.2492,905.1493,40.3807,61.4037,91.1278,138.571,271.6257,413.0401,100.483,152.7967,6.8652,10.4394,100.483,152.7967,120.3701,183.0375
23,2026-03-16,236.4575,358.356,211.6012,320.6859,671.0853,1017.0433,741.9713,1124.4725,357.6617,542.0435,360.4131,546.2134,1346.3509,2040.4219,100.505,152.3174,102.2115,154.9036,174.8766,265.029,88.6429,134.3402,74.8587,113.4498,595.6717,902.7525,40.3967,61.222,91.2901,138.3519,271.9481,412.1428,100.505,152.3174,6.8623,10.4,100.505,152.3174,120.527,182.6611
24,2026-03-17,236.6519,357.4828,211.8966,320.0878,671.6485,1014.5824,742.7823,1122.036,357.9356,540.6922,360.7986,545.017,1346.6723,2034.2632,100.5271,151.8547,102.4868,154.815,174.9367,264.2568,88.5883,133.8201,74.7581,112.9285,596.0945,900.4515,40.4127,61.0468,91.4526,138.147,272.2708,411.2882,100.5271,151.8547,6.8594,10.3617,100.5271,151.8547,120.6841,182.3036
25,2026-03-18,236.8464,356.6462,212.1924,319.5218,672.2123,1012.2253,743.5943,1119.7132,358.2097,539.3964,361.1845,543.8759,1346.9937,2028.3194,100.5491,151.408,102.7628,154.7415,174.9968,263.5123,88.5336,133.315,74.6576,112.4204,596.5175,898.2433,40.4287,60.878,91.6155,137.9557,272.5939,410.4752,100.5491,151.408,6.8565,10.3245,100.5491,151.408,120.8413,181.9644
26,2026-03-19,237.0411,355.8451,212.4886,318.9868,672.7765,1009.9689,744.4071,1117.5004,358.484,538.1544,361.5708,542.7884,1347.3153,2022.5834,100.5711,150.9769,103.0396,154.6825,175.057,262.7947,88.479,132.8243,74.5573,111.9251,596.9409,896.1249,40.4447,60.7155,91.7786,137.7776,272.9174,409.7023,100.5711,150.9769,6.8535,10.2885,100.5711,150.9769,120.9988,181.6429
27,2026-03-20,237.236,355.0783,212.7852,318.482,673.3411,1007.8099,745.2208,1115.3943,358.7585,536.9645,361.9575,541.7526,1347.6369,2017.0486,100.5931,150.5608,103.3171,154.6378,175.1171,262.1031,88.4244,132.3475,74.4571,111.4422,597.3646,894.0935,40.4608,60.5589,91.942,137.6124,273.2413,408.9684,100.5931,150.5608,6.8506,10.2535,100.5931,150.5608,121.1565,181.3386
28,2026-03-21,237.4311,354.3447,213.0822,318.0062,673.9063,1005.7452,746.0353,1113.3914,359.0332,535.8251,362.3446,540.7671,1347.9586,2011.7083,100.6152,150.1592,103.5954,154.6069,175.1773,261.4366,88.3699,131.8842,74.3571,110.9713,597.7886,892.1463,40.4768,60.4081,92.1057,137.4596,273.5655,408.2722,100.6152,150.1592,6.8477,10.2196,100.6152,150.1592,121.3144,181.051
29,2026-03-22,237.6263,353.6434,213.3796,317.5588,674.4719,1003.7718,746.8508,1111.4886,359.3081,534.7344,362.7322,539.8302,1348.2804,2006.5563,100.6372,149.7717,103.8744,154.5893,175.2375,260.7944,88.3154,131.4339,74.2572,110.512,598.2129,890.2806,40.4929,60.2628,92.2697,137.3189,273.8902,407.6126,100.6372,149.7717,6.8448,10.1866,100.6372,149.7717,121.4725,180.7795
30,2026-03-23,237.8216,352.9733,213.6775,317.1387,675.038,1001.8869,747.6672,1109.6826,359.5832,533.691,363.1201,538.9404,1348.6022,2001.5864,100.6592,149.3978,104.1541,154.5849,175.2977,260.1757,88.2609,130.9962,74.1574,110.0639,598.6375,888.4937,40.5089,60.1231,92.434,137.19,274.2152,406.9884,100.6592,149.3978,6.8418,10.1546,100.6592,149.3978,121.6309,180.5237
31,2026-03-24,238.0172,352.3333,213.9758,316.7452,675.6046,1000.0876,748.4845,1107.9705,359.8586,532.6934,363.5085,538.0963,1348.9242,1996.7926,100.6813,149.037,104.4347,154.5931,175.358,259.5799,88.2064,130.5707,74.0577,109.6266,599.0624,886.7832,40.525,59.9885,92.5986,137.0724,274.5406,406.3984,100.6813,149.037,6.8389,10.1236,100.6813,149.037,121.7894,180.283
32,2026-03-25,238.2128,351.7226,214.2745,316.3774,676.1716,998.3711,749.3026,1106.3494,360.1342,531.7401,363.8973,537.2963,1349.2462,1992.1694,100.7034,148.6891,104.7159,154.6137,175.4183,259.006,88.152,130.1569,73.9582,109.1997,599.4875,885.1467,40.5411,59.8591,92.7635,136.9659,274.8664,405.8418,100.7034,148.6891,6.836,10.0934,100.7034,148.6891,121.9481,180.057
33,2026-03-26,238.4087,351.1401,214.5736,316.0346,676.7392,996.735,750.1217,1104.8164,360.4099,530.8296,364.2865,536.5392,1349.5682,1987.711,100.7254,148.3534,104.998,154.6462,175.4785,258.4535,88.0976,129.7546,73.8588,108.7829,599.913,883.5817,40.5571,59.7346,92.9287,136.87,275.1926,405.3173,100.7254,148.3534,6.8331,10.0641,100.7254,148.3534,122.107,179.8453
34,2026-03-27,238.6047,350.5851,214.8731,315.716,677.3072,995.1766,750.9416,1103.3686,360.6859,529.9607,364.6761,535.8235,1349.8904,1983.4122,100.7475,148.0296,105.2808,154.6905,175.5389,257.9216,88.0433,129.3632,73.7596,108.376,600.3388,882.086,40.5732,59.6148,93.0942,136.7845,275.5192,404.8241,100.7475,148.0296,6.8302,10.0357,100.7475,148.0296,122.2662,179.6473
35,2026-03-28,238.8009,350.0566,215.1731,315.4208,677.8756,993.6934,751.7624,1102.0036,360.9621,529.132,365.0661,535.148,1350.2126,1979.2678,100.7695,147.7174,105.5643,154.746,175.5992,257.4097,87.989,128.9824,73.6605,107.9784,600.7649,880.6573,40.5893,59.4996,93.26,136.7091,275.8462,404.3611,100.7695,147.7174,6.8273,10.008,100.7695,147.7174,122.4255,179.4628
36,2026-03-29,238.9972,349.5538,215.4734,315.1483,678.4446,992.2831,752.5842,1100.7186,361.2385,528.3422,365.4566,534.5114,1350.535,1975.2727,100.7916,147.4163,105.8486,154.8127,175.6595,256.9171,87.9347,128.612,73.5615,107.59,601.1913,879.2936,40.6054,59.3889,93.426,136.6435,276.1735,403.9273,100.7916,147.4163,6.8244,9.9812,100.7916,147.4163,122.5851,179.2911
37,2026-03-30,239.1937,349.0759,215.7742,314.8978,679.014,990.9434,753.4068,1099.5112,361.5151,527.59,365.8474,533.9126,1350.8574,1971.4221,100.8137,147.1261,106.1337,154.89,175.7199,256.4431,87.8804,128.2515,73.4626,107.2103,601.618,877.9928,40.6215,59.2824,93.5924,136.5874,276.5012,403.522,100.8137,147.1261,6.8214,9.9551,100.8137,147.1261,122.7448,179.1321
38,2026-03-31,239.3903,348.622,216.0754,314.6687,679.5839,989.6721,754.2303,1098.379,361.792,526.8744,366.2387,533.3502,1351.1798,1967.7112,100.8358,146.8463,106.4196,154.9779,175.7803,255.9873,87.8262,127.9006,73.3639,106.8392,602.045,876.7528,40.6376,59.1802,93.759,136.5404,276.8294,403.1442,100.8358,146.8463,6.8185,9.9298,100.8358,146.8463,122.9048,178.9852
39,2026-04-01,239.5871,348.1915,216.377,314.4603,680.1543,988.4669,755.0548,1097.3195,362.069,526.1941,366.6304,532.8232,1351.5024,1964.1356,100.8579,146.5765,106.7062,155.0759,175.8407,255.5489,87.7721,127.5589,73.2653,106.4764,602.4723,875.5718,40.6537,59.082,93.926,136.5024,277.1579,402.793,100.8579,146.5765,6.8156,9.9051,100.8579,146.5765,123.065,178.8501
40,2026-04-02,239.7841,347.7836,216.6791,314.2719,680.7252,987.3258,755.8801,1096.3307,362.3462,525.548,367.0225,532.3306,1351.825,1960.6908,100.88,146.3166,106.9936,155.1838,175.9011,255.1275,87.7179,127.2263,73.1669,106.1215,602.8999,874.4478,40.6698,58.9876,94.0932,136.4731,277.4868,402.4677,100.88,146.3166,6.8127,9.8812,100.88,146.3166,123.2254,178.7265
41,2026-04-03,239.9813,347.3975,216.9815,314.1031,681.2965,986.2467,756.7063,1095.4101,362.6237,524.9351,367.4151,531.8711,1352.1477,1957.3726,100.9021,146.0661,107.2818,155.3014,175.9616,254.7225,87.6638,126.9023,73.0686,105.7743,603.3278,873.379,40.686,58.8971,94.2608,136.4522,277.8161,402.1673,100.9021,146.0661,6.8098,9.8579,100.9021,146.0661,123.386,178.6139
42,2026-04-04,240.1786,347.0326,217.2844,313.953,681.8684,985.2277,757.5335,1094.5558,362.9014,524.3542,367.8081,531.4438,1352.4705,1954.1769,100.9242,145.8247,107.5707,155.4283,176.0221,254.3333,87.6097,126.5868,72.9704,105.4345,603.7561,872.3637,40.7021,58.8102,94.4286,136.4394,278.1458,401.8913,100.9242,145.8247,6.8069,9.8353,100.9242,145.8247,123.5468,178.5121
43,2026-04-05,240.376,346.6883,217.5877,313.8213,682.4407,984.2669,758.3615,1093.7657,363.1793,523.8043,368.2014,531.0476,1352.7933,1951.0996,100.9463,145.5923,107.8604,155.5644,176.0825,253.9594,87.5557,126.2793,72.8723,105.1019,604.1846,871.4002,40.7182,58.7269,94.5968,136.4345,278.4759,401.6387,100.9463,145.5923,6.804,9.8132,100.9463,145.5923,123.7078,178.4207
44,2026-04-06,240.5736,346.3638,217.8915,313.7073,683.0134,983.3625,759.1905,1093.0377,363.4574,523.2845,368.5952,530.6817,1353.1162,1948.137,100.9684,145.3683,108.1509,155.7093,176.1431,253.6004,87.5017,125.9797,72.7744,104.7763,604.6134,870.4867,40.7344,58.647,94.7652,136.4374,278.8064,401.409,100.9684,145.3683,6.8011,9.7918,100.9684,145.3683,123.869,178.3393
45,2026-04-07,240.7714,346.0585,218.1956,313.6105,683.5867,982.5126,760.0203,1092.3699,363.7357,522.7938,368.9895,530.345,1353.4393,1945.2853,100.9905,145.1527,108.4422,155.8629,176.2036,253.2557,87.4477,125.6877,72.6766,104.4574,605.0425,869.6218,40.7505,58.5703,94.934,136.4477,279.1372,401.2013,100.9905,145.1527,6.7982,9.771,100.9905,145.1527,124.0305,178.2678
46,2026-04-08,240.9694,345.7718,218.5002,313.5304,684.1605,981.7156,760.8511,1091.7606,364.0142,522.3313,369.3841,530.0367,1353.7623,1942.5408,101.0126,144.945,108.7343,156.025,176.2642,252.925,87.3937,125.403,72.579,104.145,605.472,868.8039,40.7667,58.4969,95.103,136.4652,279.4685,401.0149,101.0126,144.945,6.7953,9.7507,101.0126,144.945,124.1921,178.2058
47,2026-04-09,241.1675,345.5032,218.8052,313.4664,684.7347,980.9698,761.6828,1091.2077,364.293,521.8961,369.7792,529.7558,1354.0855,1939.9002,101.0347,144.7452,109.0271,156.1953,176.3247,252.6077,87.3398,125.1254,72.4814,103.8389,605.9017,868.0315,40.7829,58.4266,95.2723,136.4898,279.8001,400.8494,101.0347,144.7452,6.7924,9.731,101.0347,144.7452,124.354,178.1529
48,2026-04-10,241.3658,345.252,219.1107,313.4181,685.3094,980.2735,762.5153,1090.7097,364.5719,521.4874,370.1747,529.5016,1354.4087,1937.36,101.0569,144.5528,109.3208,156.3735,176.3853,252.3034,87.2859,124.8547,72.384,103.5389,606.3318,867.3031,40.799,58.3593,95.442,136.5212,280.1322,400.7039,101.0569,144.5528,6.7895,9.7118,101.0569,144.5528,124.516,178.109
49,2026-04-11,241.5642,345.0178,219.4165,313.385,685.8846,979.6252,763.3488,1090.2647,364.8511,521.1042,370.5706,529.2731,1354.7321,1934.9169,101.079,144.3677,109.6152,156.5596,176.4459,252.0116,87.2321,124.5906,72.2868,103.2447,606.7621,866.6173,40.8152,58.2949,95.6119,136.5592,280.4646,400.5779,101.079,144.3677,6.7866,9.6931,101.079,144.3677,124.6783,178.0737
50,2026-04-12,241.7628,344.7999,219.7228,313.3667,686.4603,979.0234,764.1832,1089.8712,365.1305,520.7458,370.9669,529.0697,1355.0554,1932.5678,101.1012,144.1896,109.9104,156.7533,176.5066,251.7321,87.1783,124.3329,72.1896,102.9562,607.1928,865.9728,40.8314,58.2334,95.7822,136.6037,280.7974,400.4708,101.1012,144.1896,6.7837,9.6749,101.1012,144.1896,124.8408,178.0469
51,2026-04-13,241.9616,344.5979,220.0295,313.3626,687.0364,978.4667,765.0186,1089.5276,365.4101,520.4114,371.3637,528.8904,1355.3789,1930.3097,101.1233,144.0183,110.2065,156.9543,176.5672,251.4643,87.1245,124.0814,72.0926,102.6732,607.6237,865.3683,40.8476,58.1745,95.9527,136.6544,281.1307,400.382,101.1233,144.0183,6.7808,9.6571,101.1233,144.0183,125.0035,178.0281
52,2026-04-14,242.1605,344.4113,220.3367,313.3725,687.6131,977.9535,765.8548,1089.2323,365.6899,520.1002,371.7609,528.7346,1355.7025,1928.1396,101.1455,143.8535,110.5033,157.1626,176.6279,251.208,87.0708,123.8359,71.9958,102.3955,608.055,864.8025,40.8638,58.1183,96.1236,136.7112,281.4643,400.3109,101.1455,143.8535,6.7779,9.6398,101.1455,143.8535,125.1664,178.0172
53,2026-04-15,242.3596,344.2396,220.6442,313.3958,688.1902,977.4826,766.6919,1088.9838,365.9699,519.8116,372.1585,528.6016,1356.0261,1926.0546,101.1676,143.6951,110.8009,157.3779,176.6886,250.9627,87.017,123.5961,71.899,102.123,608.4865,864.2742,40.88,58.0646,96.2948,136.7739,281.7983,400.257,101.1676,143.6951,6.775,9.623,101.1676,143.6951,125.3296,178.014
54,2026-04-16,242.5589,344.0822,220.9522,313.4321,688.7678,977.0526,767.53,1088.7808,366.2501,519.5447,372.5565,528.4906,1356.3498,1924.052,101.1898,143.5429,111.0993,157.6001,176.7494,250.7281,86.9634,123.362,71.8024,101.8554,608.9184,863.7821,40.8962,58.0133,96.4662,136.8423,282.1327,400.2198,101.1898,143.5429,6.7721,9.6066,101.1898,143.5429,125.4929,178.0181
55,2026-04-17,242.7583,343.9388,221.2607,313.4811,689.3459,976.6622,768.3689,1088.6217,366.5306,519.2989,372.955,528.4009,1356.6736,1922.129,101.2119,143.3966,111.3985,157.829,176.8101,250.5037,86.9097,123.1333,71.7059,101.5926,609.3506,863.3252,40.9124,57.9645,96.638,136.9163,282.4675,400.1988,101.2119,143.3966,6.7692,9.5906,101.2119,143.3966,125.6565,178.0295
56,2026-04-18,242.9579,343.809,221.5695,313.5424,689.9245,976.3101,769.2088,1088.5052,366.8113,519.0736,373.3539,528.332,1356.9974,1920.2831,101.2341,143.2561,111.6986,158.0643,176.8709,250.2894,86.8561,122.9098,71.6096,101.3345,609.7831,862.9023,40.9286,57.918,96.8101,136.9957,282.8028,400.1934,101.2341,143.2561,6.7664,9.575,101.2341,143.2561,125.8202,178.0478
57,2026-04-19,243.1576,343.6922,221.8788,313.6156,690.5035,975.9953,770.0496,1088.4301,367.0922,518.868,373.7532,528.2831,1357.3214,1918.5119,101.2563,143.1211,111.9994,158.3061,176.9316,250.0848,86.8025,122.6914,71.5133,101.0809,610.2159,862.5124,40.9449,57.8737,96.9825,137.0803,283.1384,400.2032,101.2563,143.1211,6.7635,9.5599,101.2563,143.1211,125.9842,178.0729
58,2026-04-20,243.3575,343.5881,222.1885,313.7003,691.0831,975.7164,770.8914,1088.395,367.3733,518.6816,374.1529,528.2536,1357.6454,1916.8127,101.2785,142.9916,112.3011,158.554,176.9925,249.8895,86.749,122.4779,71.4172,100.8316,610.649,862.1543,40.9611,57.8316,97.1552,137.17,283.4744,400.2277,101.2785,142.9916,6.7606,9.545,101.2785,142.9916,126.1484,178.1046
59,2026-04-21,243.5576,343.4963,222.4987,313.7963,691.6631,975.4724,771.734,1088.3987,367.6546,518.5138,374.5531,528.243,1357.9695,1915.1834,101.3007,142.8672,112.6035,158.808,177.0533,249.7033,86.6955,122.2691,71.3213,100.5865,611.0824,861.8271,40.9773,57.7915,97.3282,137.2647,283.8108,400.2665,101.3007,142.8672,6.7577,9.5306,101.3007,142.8672,126.3128,178.1426
60,2026-04-22,243.7578,343.4164,222.8093,313.9032,692.2437,975.2622,772.5776,1088.4401,367.9361,518.364,374.9537,528.2507,1358.2936,1913.6217,101.3228,142.7479,112.9068,159.0679,177.1141,249.5259,86.642,122.0649,71.2254,100.3454,611.5161,861.5299,40.9936,57.7535,97.5015,137.3642,284.1476,400.3192,101.3228,142.7479,6.7548,9.5165,101.3228,142.7479,126.4774,178.1868
61,2026-04-23,243.9582,343.348,223.1203,314.0206,692.8247,975.0847,773.4221,1088.5179,368.2178,518.2315,375.3547,528.276,1358.6179,1912.1252,101.345,142.6335,113.2109,159.3336,177.175,249.3569,86.5885,121.8651,71.1297,100.1083,611.9502,861.2616,41.0098,57.7174,97.6751,137.4684,284.4848,400.3852,101.345,142.6335,6.7519,9.5027,101.345,142.6335,126.6423,178.2369
62,2026-04-24,244.1588,343.2908,223.4318,314.1482,693.4062,974.939,774.2675,1088.6311,368.4998,518.116,375.7562,528.3185,1358.9422,1910.692,101.3672,142.5238,113.5158,159.6048,177.2359,249.1962,86.5351,121.6696,71.0342,99.875,612.3845,861.0213,41.0261,57.6833,97.849,137.5771,284.8224,400.4643,101.3672,142.5238,6.7491,9.4893,101.3672,142.5238,126.8073,178.2929
63,2026-04-25,244.3595,343.2443,223.7437,314.2858,693.9882,974.8239,775.1138,1088.7786,368.782,518.0167,376.1581,528.3777,1359.2666,1909.32,101.3894,142.4186,113.8215,159.8816,177.2968,249.0434,86.4817,121.4782,70.9387,99.6454,612.8191,860.8082,41.0424,57.6509,98.0232,137.6902,285.1604,400.5561,101.3894,142.4186,6.7462,9.4761,101.3894,142.4186,126.9726,178.3545
64,2026-04-26,244.5604,343.2084,224.056,314.4331,694.5706,974.7385,775.9611,1088.9593,369.0644,517.9333,376.5604,528.4529,1359.5911,1908.0072,101.4117,142.3179,114.1281,160.1638,177.3577,248.8982,86.4284,121.2909,70.8434,99.4194,613.2541,860.6214,41.0586,57.6204,98.1978,137.8077,285.4988,400.66,101.4117,142.3179,6.7433,9.4633,101.4117,142.3179,127.1381,178.4216
65,2026-04-27,244.7615,343.1826,224.3687,314.5897,695.1536,974.682,776.8093,1089.1722,369.347,517.8652,376.9631,528.5438,1359.9156,1906.7516,101.4339,142.2215,114.4355,160.4512,177.4187,248.7606,86.3751,121.1074,70.7482,99.1968,613.6894,860.4601,41.0749,57.5916,98.3726,137.9293,285.8376,400.7758,101.4339,142.2215,6.7404,9.4508,101.4339,142.2215,127.3038,178.4939
66,2026-04-28,244.9627,343.1666,224.6819,314.7554,695.7371,974.6534,777.6584,1089.4164,369.6298,517.8119,377.3663,528.6499,1360.2402,1905.5514,101.4561,142.1291,114.7437,160.7437,177.4797,248.6301,86.3218,120.9276,70.6531,98.9775,614.1249,860.3235,41.0912,57.5644,98.5478,138.055,286.1768,400.9032,101.4561,142.1291,6.7375,9.4386,101.4561,142.1291,127.4697,178.5714
67,2026-04-29,245.1641,343.1602,224.9956,314.93,696.321,974.6518,778.5084,1089.6909,369.9129,517.773,377.7699,528.7707,1360.565,1904.4049,101.4783,142.0408,115.0527,161.0412,177.5406,248.5065,86.2685,120.7515,70.5582,98.7614,614.5608,860.2107,41.1075,57.5388,98.7233,138.1846,286.5164,401.0417,101.4783,142.0408,6.7347,9.4266,101.4783,142.0408,127.6358,178.6539
68,2026-04-30,245.3657,343.163,225.3097,315.1131,696.9054,974.6765,779.3594,1089.9947,370.1961,517.7481,378.1739,528.9057,1360.8897,1903.3102,101.5005,141.9564,115.3626,161.3436,177.6017,248.3897,86.2153,120.5788,70.4634,98.5485,614.997,860.1211,41.1238,57.5148,98.8991,138.3181,286.8565,401.1911,101.5005,141.9564,6.7318,9.4149,101.5005,141.9564,127.8022,178.7413
69,2026-05-01,245.5674,343.1747,225.6242,315.3045,697.4904,974.7265,780.2113,1090.3271,370.4796,517.7366,378.5784,529.0545,1361.2146,1902.2656,101.5228,141.8757,115.6733,161.6508,177.6627,248.2795,86.1621,120.4096,70.3687,98.3386,615.4335,860.0539,41.1401,57.4923,99.0752,138.4553,287.1969,401.3509,101.5228,141.8757,6.7289,9.4035,101.5228,141.8757,127.9687,178.8333
70,2026-05-02,245.7693,343.1951,225.9391,315.504,698.0758,974.8011,781.0641,1090.687,370.7633,517.7382,378.9833,529.2167,1361.5395,1901.2696,101.545,141.7986,115.9849,161.9626,177.7238,248.1755,86.109,120.2436,70.2741,98.1316,615.8703,860.0084,41.1564,57.4713,99.2516,138.5961,287.5377,401.521,101.545,141.7986,6.7261,9.3923,101.545,141.7986,128.1355,178.9299
71,2026-05-03,245.9714,343.2239,226.2545,315.7114,698.6617,974.8996,781.9179,1091.0737,371.0472,517.7524,379.3886,529.3919,1361.8646,1900.3206,101.5673,141.7251,116.2972,162.279,177.7848,248.0777,86.0559,120.0808,70.1797,97.9274,616.3074,859.984,41.1727,57.4517,99.4283,138.7405,287.8789,401.7009,101.5673,141.7251,6.7232,9.3814,101.5673,141.7251,128.3025,179.0309
72,2026-05-04,246.1736,343.2608,226.5703,315.9263,699.2481,975.0211,782.7726,1091.4865,371.3313,517.7789,379.7944,529.5797,1362.1897,1899.417,101.5895,141.6549,116.6105,162.5999,177.8459,247.9857,86.0028,119.921,70.0854,97.726,616.7449,859.9798,41.1891,57.4334,99.6054,138.8883,288.2206,401.8905,101.5895,141.6549,6.7203,9.3707,101.5895,141.6549,128.4697,179.1363
73,2026-05-05,246.376,343.3056,226.8866,316.1487,699.835,975.1651,783.6282,1091.9244,371.6157,517.8172,380.2006,529.7797,1362.5148,1898.5574,101.6118,141.588,116.9245,162.9252,177.9071,247.8995,85.9497,119.7642,69.9912,97.5273,617.1826,859.9955,41.2054,57.4165,99.7828,139.0394,288.5626,402.0893,101.6118,141.588,6.7174,9.3602,101.6118,141.588,128.6371,179.2458
74,2026-05-06,246.5785,343.358,227.2033,316.3782,700.4224,975.3307,784.4848,1092.3867,371.9002,517.8671,380.6072,529.9915,1362.8401,1897.7403,101.634,141.5243,117.2395,163.2547,177.9682,247.8188,85.8967,119.6102,69.8972,97.3311,617.6206,860.0302,41.2217,57.4008,99.9604,139.1938,288.905,402.2972,101.634,141.5243,6.7146,9.35,101.634,141.5243,128.8048,179.3593
75,2026-05-07,246.7813,343.4178,227.5205,316.6147,701.0103,975.5173,785.3423,1092.8728,372.185,517.9281,381.0143,530.2149,1363.1654,1896.9644,101.6563,141.4636,117.5552,163.5884,178.0294,247.7435,85.8437,119.4591,69.8032,97.1373,618.059,860.0834,41.2381,57.3864,100.1384,139.3514,289.2479,402.5138,101.6563,141.4636,6.7117,9.3399,101.6563,141.4636,128.9727,179.4768
76,2026-05-08,246.9842,343.4848,227.8381,316.858,701.5986,975.7243,786.2007,1093.3818,372.47,517.9999,381.4218,530.4494,1363.4908,1896.2283,101.6785,141.406,117.8718,163.9262,178.0905,247.6733,85.7908,119.3106,69.7094,96.946,618.4977,860.1545,41.2544,57.3732,100.3167,139.5121,289.5911,402.739,101.6785,141.406,6.7089,9.3301,101.6785,141.406,129.1408,179.5981
77,2026-05-09,247.1872,343.5587,228.1561,317.1079,702.1875,975.951,787.0601,1093.9132,372.7552,518.0822,381.8298,530.6947,1363.8163,1895.5307,101.7008,141.3512,118.1893,164.268,178.1517,247.6082,85.7378,119.1646,69.6158,96.757,618.9367,860.243,41.2708,57.3611,100.4954,139.6757,289.9348,402.9724,101.7008,141.3512,6.706,9.3205,101.7008,141.3512,129.3091,179.7231
78,2026-05-10,247.3904,343.6393,228.4746,317.3642,702.7768,976.1969,787.9204,1094.4662,373.0407,518.1746,382.2381,530.9505,1364.1419,1894.8704,101.7231,141.2991,118.5076,164.6138,178.213,247.5479,85.6849,119.0212,69.5222,96.5703,619.3759,860.3483,41.2872,57.3502,100.6743,139.8423,290.2789,403.2138,101.7231,141.2991,6.7031,9.311,101.7231,141.2991,129.4776,179.8517
79,2026-05-11,247.5938,343.7265,228.7935,317.6267,703.3667,976.4613,788.7817,1095.0401,373.3263,518.2769,382.647,531.2164,1364.4675,1894.2461,101.7454,141.2498,118.8268,164.9634,178.2742,247.4923,85.6321,118.8803,69.4288,96.3858,619.8156,860.4699,41.3035,57.3403,100.8536,140.0118,290.6234,403.463,101.7454,141.2498,6.7003,9.3018,101.7454,141.2498,129.6463,179.9838
80,2026-05-12,247.7974,343.82,229.1129,317.8952,703.9571,976.7436,789.6439,1095.6345,373.6122,518.3886,383.0562,531.4922,1364.7932,1893.6568,101.7677,141.2031,119.1468,165.3168,178.3355,247.4413,85.5793,118.7416,69.3355,96.2033,620.2555,860.6073,41.3199,57.3315,101.0332,140.184,290.9682,403.7198,101.7677,141.2031,6.6974,9.2927,101.7677,141.2031,129.8153,180.1193
81,2026-05-13,248.0011,343.9196,229.4327,318.1696,704.5479,977.0434,790.507,1096.2486,373.8983,518.5096,383.4659,531.7776,1365.119,1893.1012,101.79,141.1589,119.4677,165.6738,178.3968,247.3947,85.5265,118.6052,69.2423,96.023,620.6957,860.76,41.3363,57.3238,101.2131,140.3589,291.3135,403.9838,101.79,141.1589,6.6946,9.2838,101.79,141.1589,129.9845,180.2581
82,2026-05-14,248.205,344.0252,229.753,318.4497,705.1392,977.36,791.3711,1096.8819,374.1846,518.6395,383.876,532.0723,1365.4449,1892.5783,101.8123,141.1171,119.7895,166.0345,178.4581,247.3523,85.4737,118.471,69.1493,95.8446,621.1362,860.9275,41.3527,57.317,101.3933,140.5364,291.6593,404.255,101.8123,141.1171,6.6917,9.275,101.8123,141.1171,130.1539,180.4001
83,2026-05-15,248.4091,344.1365,230.0737,318.7354,705.7311,977.693,792.2362,1097.5339,374.4711,518.7781,384.2866,532.3761,1365.7708,1892.087,101.8346,141.0777,120.1121,166.3988,178.5194,247.314,85.421,118.339,69.0564,95.6681,621.5771,861.1093,41.3691,57.3111,101.5738,140.7165,292.0054,404.5331,101.8346,141.0777,6.6888,9.2665,101.8346,141.0777,130.3235,180.5453
84,2026-05-16,248.6133,344.2534,230.3949,319.0265,706.3234,978.0419,793.1021,1098.2039,374.7579,518.925,384.6976,532.6885,1366.0969,1891.6263,101.8569,141.0406,120.4356,166.7665,178.5808,247.2797,85.3683,118.209,68.9636,95.4935,622.0183,861.305,41.3855,57.3062,101.7547,140.8991,292.3519,404.818,101.8569,141.0406,6.686,9.258,101.8569,141.0406,130.4934,180.6934
85,2026-05-17,248.8177,344.3757,230.7165,319.3228,706.9162,978.4061,793.9691,1098.8914,375.0448,519.0801,385.1091,533.0095,1366.423,1891.1952,101.8792,141.0057,120.76,167.1376,178.6421,247.2493,85.3156,118.0809,68.8709,95.3207,622.4598,861.5143,41.4019,57.3022,101.9359,141.0842,292.6988,405.1093,101.8792,141.0057,6.6831,9.2498,101.8792,141.0057,130.6634,180.8445
86,2026-05-18,249.0223,344.5032,231.0386,319.6241,707.5096,978.7852,794.8369,1099.596,375.332,519.2431,385.5209,533.3387,1366.7492,1890.7927,101.9015,140.9729,121.0852,167.5121,178.7035,247.2226,85.263,117.9548,68.7784,95.1496,622.9015,861.7365,41.4183,57.299,102.1174,141.2716,293.0462,405.4069,101.9015,140.9729,6.6803,9.2417,101.9015,140.9729,130.8337,180.9984
87,2026-05-19,249.227,344.6358,231.3611,319.9305,708.1034,979.1788,795.7058,1100.3171,375.6194,519.4137,385.9333,533.6759,1367.0754,1890.4179,101.9238,140.9422,121.4114,167.8899,178.765,247.1996,85.2104,117.8305,68.6859,94.9802,623.3437,861.9715,41.4347,57.2967,102.2992,141.4613,293.394,405.7107,101.9238,140.9422,6.6774,9.2337,101.9238,140.9422,131.0043,181.1552
88,2026-05-20,249.4319,344.7734,231.684,320.2417,708.6977,979.5864,796.5755,1101.0542,375.9071,519.5917,386.346,534.0208,1367.4018,1890.0699,101.9461,140.9135,121.7384,168.271,178.8264,247.18,85.1578,117.7081,68.5937,94.8125,623.7861,862.2187,41.4512,57.2952,102.4814,141.6533,293.7421,406.0205,101.9461,140.9135,6.6746,9.2258,101.9461,140.9135,131.175,181.3146
89,2026-05-21,249.637,344.9157,232.0075,320.5575,709.2925,980.0076,797.4462,1101.8069,376.1949,519.7769,386.7593,534.3733,1367.7282,1889.7479,101.9685,140.8867,122.0662,168.6552,178.8878,247.1638,85.1053,117.5874,68.5015,94.6464,624.2288,862.4777,41.4676,57.2945,102.6639,141.8475,294.0907,406.3361,101.9685,140.8867,6.6717,9.2181,101.9685,140.8867,131.3459,181.4766
90,2026-05-22,249.8422,345.0626,232.3313,320.878,709.8879,980.442,798.3179,1102.5747,376.483,519.9691,387.1729,534.7332,1368.0547,1889.4509,101.9908,140.8618,122.395,169.0425,178.9493,247.1509,85.0528,117.4683,68.4094,94.4818,624.6719,862.7483,41.484,57.2945,102.8467,142.0439,294.4397,406.6573,101.9908,140.8618,6.6689,9.2106,101.9908,140.8618,131.5171,181.6412
