date,ADM_baseline,ADM_impacted,BG_baseline,BG_impacted,MOS_baseline,MOS_impacted,NTR_baseline,NTR_impacted,CF_baseline,CF_impacted,FMC_baseline,FMC_impacted,CTVA_baseline,CTVA_impacted,DE_baseline,DE_impacted,AGCO_baseline,AGCO_impacted,CNH_baseline,CNH_impacted,INGR_baseline,INGR_impacted,CALM_baseline,CALM_impacted,TSN_baseline,TSN_impacted,HRL_baseline,HRL_impacted,CAG_baseline,CAG_impacted,CPB_baseline,CPB_impacted,GIS_baseline,GIS_impacted,K_baseline,K_impacted,VITL_baseline,VITL_impacted,BUNGE_baseline,BUNGE_impacted
2026-02-22,67.9344,72.8763,122.083,130.9639,29.4382,31.5797,71.2606,76.4445,97.1926,104.2629,14.5745,15.6347,76.355,81.9095,663.2198,711.4658,137.8743,147.904,13.0643,14.0147,117.131,125.6517,83.7732,89.8673,63.8881,68.5356,24.9813,26.7986,18.4581,19.8008,26.8086,28.7588,44.5947,47.8388,100.0219,107.298,27.1403,29.1146,100.0219,107.298
2026-02-23,67.9888,77.8806,122.2161,139.9974,29.4465,33.7307,71.3213,81.6979,97.2052,111.3477,14.5291,16.643,76.4001,87.5155,663.9504,760.5488,137.9987,158.0762,13.0687,14.97,117.1021,134.1393,83.7365,95.9194,63.9162,73.2154,24.9727,28.6059,18.4462,21.13,26.7872,30.6844,44.5694,51.0539,100.0438,114.5992,27.1106,31.055,100.0438,114.5992
2026-02-24,68.0433,82.8928,122.3494,149.0504,29.4547,35.8828,71.3821,86.9602,97.2179,118.4342,14.4839,17.6448,76.4451,93.1282,664.6819,809.739,138.1233,168.2666,13.073,15.926,117.0731,142.6226,83.6998,101.966,63.9443,77.8993,24.964,30.412,18.4343,22.4574,26.7658,32.607,44.5442,54.2653,100.0657,121.9036,27.081,32.991,100.0657,121.9036
2026-02-25,68.0979,87.913,122.4828,158.123,29.463,38.0362,71.4429,92.2314,97.2305,125.5227,14.4389,18.6403,76.4902,98.7474,665.4141,859.0367,138.2479,178.4753,13.0774,16.8826,117.0441,151.1017,83.6631,108.0074,63.9725,82.5872,24.9553,32.2169,18.4225,23.7831,26.7444,34.5265,44.5189,57.4731,100.0876,129.2112,27.0514,34.9228,100.0876,129.2112
2026-02-26,68.1524,92.9412,122.6164,167.2151,29.4713,40.1907,71.5037,97.5115,97.2431,132.6129,14.3939,19.6294,76.5354,104.3732,666.1471,908.442,138.3727,188.7023,13.0817,17.8398,117.0152,159.5766,83.6264,114.0435,64.0006,87.2793,24.9467,34.0204,18.4106,25.107,26.723,36.4428,44.4937,60.6772,100.1096,136.522,27.0218,36.8504,100.1096,136.522
2026-02-27,68.2071,97.9775,122.7501,176.327,29.4795,42.3465,71.5646,102.8005,97.2557,139.705,14.3491,20.6121,76.5805,110.0057,666.881,957.9551,138.4975,198.9476,13.086,18.7977,116.9863,168.0473,83.5897,120.0742,64.0288,91.9755,24.938,35.8227,18.3988,26.4293,26.7017,38.3562,44.4685,63.8777,100.1315,143.836,26.9923,38.7737,100.1315,143.836
2026-02-28,68.2617,103.0217,122.884,185.4585,29.4878,44.5034,71.6256,108.0985,97.2684,146.799,14.3045,21.5885,76.6257,115.6447,667.6157,1007.5762,138.6225,209.2113,13.0904,19.7562,116.9573,176.5139,83.5531,126.0996,64.057,96.6758,24.9294,37.6238,18.3869,27.7498,26.6803,40.2664,44.4433,67.0745,100.1534,151.1532,26.9628,40.6927,100.1534,151.1532
2026-03-01,68.3164,108.0739,123.018,194.6097,29.496,46.6616,71.6866,113.4054,97.281,153.8947,14.26,22.5587,76.6709,121.2904,668.3511,1057.3055,138.7476,219.4933,13.0947,20.7153,116.9284,184.9762,83.5164,132.1198,64.0851,101.3802,24.9207,39.4236,18.3751,29.0686,26.659,42.1735,44.4181,70.2677,100.1754,158.4735,26.9333,42.6075,100.1754,158.4735
2026-03-02,68.3712,113.1342,123.1522,203.7806,29.5043,48.821,71.7477,118.7213,97.2936,160.9923,14.2156,23.5226,76.7161,126.9427,669.0874,1107.1431,138.8728,229.7937,13.0991,21.6751,116.8995,193.4343,83.4798,138.1346,64.1133,106.0887,24.9121,41.2222,18.3632,30.3858,26.6377,44.0776,44.3929,73.4572,100.1973,165.7971,26.9039,44.5181,100.1973,165.7971
2026-03-03,68.426,118.2025,123.2865,212.9714,29.5126,50.9815,71.8088,124.0462,97.3062,168.0918,14.1714,24.4803,76.7614,132.6016,669.8245,1157.0892,138.9981,240.1125,13.1034,22.6355,116.8706,201.8882,83.4432,144.1441,64.1416,110.8014,24.9034,43.0195,18.3514,31.7012,26.6164,45.9786,44.3678,76.6431,100.2193,173.1239,26.8745,46.4244,100.2193,173.1239
2026-03-04,68.4808,123.2789,123.4209,222.1819,29.5208,53.1433,71.8699,129.38,97.3189,175.1931,14.1273,25.4318,76.8067,138.2671,670.5624,1207.1441,139.1236,250.4497,13.1078,23.5966,116.8417,210.3379,83.4066,150.1483,64.1698,115.5182,24.8948,44.8155,18.3396,33.0149,26.5952,47.8765,44.3426,79.8254,100.2412,180.4539,26.8451,48.3265,100.2412,180.4539
2026-03-05,68.5357,128.3634,123.5555,231.4122,29.5291,55.3063,71.9312,134.7229,97.3315,182.2962,14.0833,26.3772,76.852,143.9393,671.3011,1257.3078,139.2491,260.8054,13.1121,24.5582,116.8128,218.7835,83.37,156.1472,64.198,120.2391,24.8862,46.6103,18.3278,34.3269,26.5739,49.7714,44.3175,83.0041,100.2632,187.7871,26.8158,50.2244,100.2632,187.7871
2026-03-06,68.5906,133.4559,123.6902,240.6625,29.5374,57.4705,71.9924,140.0747,97.3442,189.4012,14.0395,27.3164,76.8973,149.6182,672.0406,1307.5805,139.3748,271.1796,13.1165,25.5206,116.7839,227.2248,83.3335,162.1409,64.2263,124.9642,24.8775,48.4039,18.316,35.6372,26.5527,51.6632,44.2924,86.1791,100.2851,195.1235,26.7865,52.1181,100.2851,195.1235
2026-03-07,68.6456,138.5565,123.8251,249.9326,29.5457,59.6359,72.0537,145.4356,97.3568,196.5081,13.9958,28.2495,76.9427,155.3036,672.781,1357.9626,139.5005,281.5723,13.1208,26.4835,116.755,235.662,83.2969,168.1292,64.2545,129.6934,24.8689,50.1962,18.3042,36.9458,26.5315,53.552,44.2673,89.3504,100.3071,202.4631,26.7572,54.0076,100.3071,202.4631
2026-03-08,68.7006,143.6651,123.9602,259.2226,29.554,61.8025,72.1151,150.8055,97.3694,203.6167,13.9522,29.1766,76.9881,160.9958,673.5221,1408.454,139.6264,291.9836,13.1252,27.4471,116.7261,244.095,83.2604,174.1123,64.2828,134.4267,24.8603,51.9872,18.2924,38.2526,26.5103,55.4377,44.2422,92.5182,100.3291,209.8059,26.728,55.8929,100.3291,209.8059
2026-03-09,68.7557,142.9194,124.0953,257.9516,29.5622,61.4497,72.1765,150.0302,97.3821,202.4239,13.9088,28.9116,77.0335,160.1262,674.2641,1401.5634,139.7524,290.4973,13.1295,27.2918,116.6972,242.5735,83.2239,172.9939,64.3111,133.6807,24.8516,51.658,18.2806,37.9991,26.4891,55.0618,44.2171,91.9122,100.3511,208.5954,26.6987,55.4975,100.3511,208.5954
2026-03-10,68.8108,142.2007,124.2307,256.7285,29.5705,61.1089,72.238,149.2832,97.3947,201.2707,13.8655,28.6537,77.079,159.2873,675.0069,1394.9331,139.8785,289.0655,13.1339,27.1418,116.6684,241.1006,83.1874,171.9106,64.3394,132.9603,24.843,51.3393,18.2689,37.7534,26.468,54.6973,44.192,91.3249,100.373,207.4255,26.6696,55.1139,100.373,207.4255
2026-03-11,68.8659,141.508,124.3662,255.5517,29.5788,60.7795,72.2995,148.5635,97.4074,200.1559,13.8224,28.4027,77.1245,158.4779,675.7505,1388.5546,140.0048,287.6864,13.1383,26.9969,116.6395,239.6748,83.1509,170.8613,64.3677,132.2649,24.8344,51.0306,18.2571,37.5153,26.4468,54.3438,44.167,90.7558,100.395,206.295,26.6404,54.7416,100.395,206.295
2026-03-12,68.9211,140.8406,124.5018,254.4199,29.5871,60.4614,72.3611,147.8703,97.42,199.0782,13.7794,28.1582,77.17,157.6971,676.4949,1382.4203,140.1311,286.3585,13.1426,26.857,116.6107,238.2944,83.1145,169.8448,64.396,131.5935,24.8258,50.7316,18.2453,37.2844,26.4257,54.001,44.142,90.2043,100.417,205.2026,26.6113,54.3803,100.417,205.2026
2026-03-13,68.9764,140.1976,124.6376,253.3316,29.5954,60.154,72.4228,147.2026,97.4327,198.0364,13.7365,27.92,77.2155,156.9441,677.2402,1376.5222,140.2576,285.08,13.147,26.7219,116.5818,236.958,83.078,168.8599,64.4244,130.9455,24.8172,50.4421,18.2336,37.0606,26.4046,53.6685,44.1169,89.6697,100.439,204.147,26.5822,54.0296,100.439,204.147
2026-03-14,69.0316,139.5784,124.7735,252.2855,29.6037,59.8571,72.4844,146.5598,97.4453,197.0294,13.6937,27.688,77.261,156.2178,677.9863,1370.853,140.3841,283.8494,13.1514,26.5914,116.553,235.6641,83.0416,167.9058,64.4527,130.32,24.8086,50.1616,18.2218,36.8436,26.3835,53.346,44.0919,89.1516,100.461,203.127,26.5532,53.6891,100.461,203.127
2026-03-15,69.087,138.982,124.9096,251.2802,29.612,59.5703,72.5462,145.941,97.458,196.0559,13.6511,27.4619,77.3066,155.5175,678.7332,1365.4056,140.5108,282.6652,13.1557,26.4653,116.5242,234.4114,83.0052,166.9813,64.4811,129.7164,24.8,49.89,18.2101,36.6332,26.3624,53.0332,44.0669,88.6494,100.483,202.1414,26.5241,53.3585,100.483,202.1414
2026-03-16,69.1423,138.4079,125.0458,250.3144,29.6203,59.2933,72.608,145.3454,97.4706,195.1149,13.6086,27.2415,77.3522,154.8423,679.4809,1360.1727,140.6376,281.5259,13.1601,26.3436,116.4954,233.1984,82.9688,166.0854,64.5094,129.1338,24.7914,49.6269,18.1984,36.4292,26.3414,52.7296,44.042,88.1624,100.505,201.1892,26.4952,53.0375,100.505,201.1892
2026-03-17,69.1977,137.8552,125.1821,249.3869,29.6286,59.0258,72.6698,144.7723,97.4833,194.2054,13.5663,27.0266,77.3979,154.1914,680.2294,1355.1479,140.7645,280.43,13.1645,26.2261,116.4666,232.0238,82.9324,165.2173,64.5378,128.5718,24.7828,49.372,18.1867,36.2313,26.3203,52.4351,44.017,87.6904,100.5271,200.2692,26.4662,52.7257,100.5271,200.2692
2026-03-18,69.2532,137.3233,125.3187,248.4965,29.6369,58.7675,72.7317,144.221,97.4959,193.3263,13.5241,26.8171,77.4435,153.5641,680.9788,1350.3243,140.8915,279.3762,13.1688,26.1127,116.4377,230.8864,82.896,164.3759,64.5662,128.0294,24.7742,49.1251,18.175,36.0394,26.2993,52.1493,43.9921,87.2326,100.5491,199.3805,26.4373,52.4229,100.5491,199.3805
2026-03-19,69.3087,136.8116,125.4553,247.642,29.6452,58.518,72.7937,143.6907,97.5086,192.4766,13.482,26.6127,77.4892,152.9595,681.729,1345.6959,141.0187,278.3632,13.1732,26.0032,116.409,229.7849,82.8597,163.5605,64.5946,127.5063,24.7656,48.8859,18.1632,35.8533,26.2783,51.8719,43.9671,86.7887,100.5711,198.5219,26.4084,52.1287,100.5711,198.5219
2026-03-20,69.3642,136.3194,125.5921,246.8222,29.6535,58.2771,72.8557,143.1809,97.5212,191.6554,13.44,26.4132,77.5349,152.377,682.48,1341.2563,141.1459,277.3896,13.1776,25.8975,116.3802,228.7182,82.8233,162.7701,64.6231,127.0016,24.757,48.6541,18.1516,35.6727,26.2573,51.6026,43.9422,86.3582,100.5931,197.6925,26.3795,51.8428,100.5931,197.6925
2026-03-21,69.4198,135.846,125.7291,246.0362,29.6618,58.0445,72.9177,142.6909,97.5339,190.8617,13.3982,26.2186,77.5807,151.8157,683.2318,1336.9996,141.2733,276.4543,13.1819,25.7954,116.3514,227.6852,82.787,162.0039,64.6515,126.5149,24.7484,48.4295,18.1399,35.4975,26.2363,51.3412,43.9173,85.9407,100.6152,196.8913,26.3507,51.565,100.6152,196.8913
2026-03-22,69.4755,135.3909,125.8662,245.2828,29.6701,57.8199,72.9798,142.22,97.5466,190.0946,13.3565,26.0286,77.6265,151.2752,683.9845,1332.9202,141.4008,275.5559,13.1863,25.697,116.3226,226.6846,82.7507,161.2611,64.6799,126.0455,24.7398,48.2119,18.1282,35.3274,26.2153,51.0874,43.8924,85.5357,100.6372,196.1175,26.3219,51.295,100.6372,196.1175
2026-03-23,69.5312,134.9535,126.0035,244.5609,29.6784,57.6031,73.042,141.7677,97.5592,189.3533,13.3149,25.843,77.6723,150.7546,684.738,1329.0123,141.5284,274.6934,13.1907,25.6019,116.2938,225.7154,82.7144,160.541,64.7084,125.5929,24.7312,48.001,18.1165,35.1625,26.1944,50.8409,43.8675,85.1428,100.6592,195.3702,26.2931,51.0325,100.6592,195.3702
2026-03-24,69.5869,134.5332,126.1409,243.8697,29.6867,57.3938,73.1042,141.3333,97.5719,188.637,13.2735,25.6618,77.7181,150.2533,685.4923,1325.2707,141.6561,273.8655,13.1951,25.5102,116.2651,224.7767,82.6782,159.8427,64.7369,125.1566,24.7226,47.7966,18.1048,35.0023,26.1735,50.6015,43.8427,84.7616,100.6813,194.6484,26.2644,50.7772,100.6813,194.6484
2026-03-25,69.6426,134.1294,126.2784,243.2081,29.6951,57.1917,73.1665,140.9162,97.5846,187.9447,13.2322,25.4848,77.7639,149.7708,686.2475,1321.6901,141.7839,273.0712,13.1995,25.4217,116.2363,223.8673,82.6419,159.1656,64.7654,124.7359,24.7141,47.5985,18.0932,34.8469,26.1526,50.369,43.8178,84.3917,100.7034,193.9513,26.2357,50.529,100.7034,193.9513
2026-03-26,69.6985,133.7418,126.4162,242.5753,29.7034,56.9967,73.2288,140.516,97.5972,187.2757,13.191,25.3117,77.8098,149.3063,687.0035,1318.2654,141.9119,272.3094,13.2038,25.3364,116.2076,222.9864,82.6057,158.5089,64.7939,124.3305,24.7055,47.4064,18.0815,34.696,26.1317,50.1431,43.793,84.0328,100.7254,193.2782,26.207,50.2876,100.7254,193.2782
2026-03-27,69.7543,133.3697,126.554,241.9702,29.7117,56.8085,73.2912,140.1321,97.6099,186.6293,13.15,25.1426,77.8557,148.8594,687.7603,1314.9918,142.04,271.5792,13.2082,25.254,116.1788,222.1329,82.5694,157.8721,64.8224,123.9398,24.6969,47.2203,18.0699,34.5495,26.1108,49.9236,43.7682,83.6844,100.7475,192.6283,26.1783,50.0528,100.7475,192.6283
2026-03-28,69.8102,133.0126,126.692,241.392,29.72,56.6269,73.3536,139.7639,97.6226,186.0047,13.109,24.9772,77.9016,148.4295,688.518,1311.8644,142.1681,270.8794,13.2126,25.1746,116.1501,221.306,82.5332,157.2543,64.8509,123.5633,24.6883,47.0398,18.0583,34.4072,26.0899,49.7104,43.7434,83.3462,100.7695,192.0008,26.1497,49.8243,100.7695,192.0008
2026-03-29,69.8662,132.6701,126.8302,240.84,29.7284,56.4517,73.4161,139.411,97.6353,185.4012,13.0682,24.8155,77.9476,148.016,689.2765,1308.8787,142.2964,270.2091,13.217,25.098,116.1214,220.5048,82.497,156.655,64.8794,123.2006,24.6798,46.8649,18.0466,34.2691,26.0691,49.5031,43.7186,83.018,100.7916,191.3949,26.1212,49.6019,100.7916,191.3949
2026-03-30,69.9222,132.3416,126.9685,240.3132,29.7367,56.2826,73.4786,139.0729,97.6479,184.8182,13.0276,24.6573,77.9936,147.6184,690.0358,1306.0303,142.4248,269.5674,13.2214,25.0241,116.0927,219.7285,82.4609,156.0736,64.908,122.8513,24.6712,46.6952,18.035,34.1349,26.0483,49.3016,43.6938,82.6992,100.8137,190.81,26.0926,49.3855,100.8137,190.81
2026-03-31,69.9782,132.0269,127.107,239.8109,29.745,56.1195,73.5412,138.7491,97.6606,184.2549,12.987,24.5025,78.0396,147.2362,690.796,1303.3149,142.5534,268.9534,13.2258,24.9529,116.0639,218.9762,82.4247,155.5095,64.9365,122.5148,24.6627,46.5307,18.0234,34.0045,26.0275,49.1057,43.669,82.3898,100.8358,190.2454,26.0641,49.1747,100.8358,190.2454
2026-04-01,70.0343,131.7253,127.2456,239.3323,29.7534,55.9622,73.6038,138.4392,97.6733,183.7107,12.9466,24.3509,78.0856,146.8689,691.557,1300.7282,142.682,268.3662,13.2302,24.8842,116.0352,218.2471,82.3886,154.9621,64.9651,122.1909,24.6541,46.3711,18.0118,33.8778,26.0067,48.9152,43.6443,82.0892,100.8579,189.7005,26.0356,48.9696,100.8579,189.7005
2026-04-02,70.0904,131.4366,127.3844,238.8767,29.7617,55.8104,73.6665,138.1427,97.686,183.185,12.9063,24.2025,78.1317,146.516,692.3188,1298.2662,142.8108,267.8049,13.2346,24.818,116.0065,217.5405,82.3524,154.4309,64.9937,121.879,24.6455,46.2164,18.0002,33.7547,25.9859,48.7299,43.6196,81.7973,100.88,189.1745,26.0071,48.7697,100.88,189.1745
2026-04-03,70.1466,131.1602,127.5233,238.4432,29.77,55.6641,73.7293,137.8591,97.6987,182.6771,12.8662,24.0572,78.1778,146.177,693.0815,1295.9251,142.9396,267.2688,13.239,24.7542,115.9778,216.8556,82.3163,153.9152,65.0223,121.5788,24.637,46.0663,17.9886,33.6351,25.9651,48.5497,43.5948,81.5137,100.9021,188.6669,25.9787,48.5751,100.9021,188.6669
2026-04-04,70.2028,130.8959,127.6623,238.0314,29.7784,55.523,73.7921,137.5882,97.7113,182.1866,12.8261,23.9148,78.2239,145.8516,693.845,1293.701,143.0686,266.757,13.2434,24.6927,115.9492,216.1917,82.2802,153.4147,65.0509,121.2899,24.6285,45.9207,17.977,33.5188,25.9444,48.3744,43.5701,81.2382,100.9242,188.177,25.9503,48.3854,100.9242,188.177
2026-04-05,70.2591,130.6431,127.8016,237.6404,29.7867,55.3869,73.8549,137.3294,97.724,181.7128,12.7862,23.7753,78.2701,145.5392,694.6094,1291.5903,143.1977,266.2688,13.2477,24.6335,115.9205,215.5482,82.2441,152.9287,65.0795,121.012,24.6199,45.7794,17.9654,33.4058,25.9237,48.2037,43.5454,80.9705,100.9463,187.7044,25.922,48.2006,100.9463,187.7044
2026-04-06,70.3154,130.4016,127.9409,237.2696,29.7951,55.2557,73.9178,137.0824,97.7367,181.2552,12.7464,23.6386,78.3163,145.2395,695.3746,1289.5894,143.3269,265.8034,13.2521,24.5764,115.8918,214.9242,82.2081,152.4569,65.1082,120.7447,24.6114,45.6424,17.9539,33.2959,25.903,48.0377,43.5208,80.7103,100.9684,187.2484,25.8936,48.0204,100.9684,187.2484
2026-04-07,70.3717,130.171,128.0805,236.9184,29.8034,55.1293,73.9808,136.8469,97.7494,180.8132,12.7068,23.5045,78.3625,144.952,696.1406,1287.6949,143.4563,265.3601,13.2565,24.5215,115.8632,214.3193,82.172,151.9988,65.1368,120.4876,24.6028,45.5094,17.9423,33.189,25.8823,47.8761,43.4961,80.4574,100.9905,186.8084,25.8653,47.8447,100.9905,186.8084
2026-04-08,70.4281,129.9509,128.2201,236.5862,29.8118,55.0074,74.0438,136.6224,97.7621,180.3864,12.6672,23.373,78.4087,144.6763,696.9075,1285.9035,143.5857,264.9382,13.2609,24.4685,115.8345,213.7328,82.136,151.5538,65.1655,120.2405,24.5943,45.3803,17.9308,33.0851,25.8616,47.7187,43.4714,80.2116,101.0126,186.3841,25.8371,47.6734,101.0126,186.3841
2026-04-09,70.4846,129.7411,128.36,236.2724,29.8201,54.89,74.1069,136.4086,97.7748,179.9742,12.6278,23.244,78.455,144.4122,697.6753,1284.2119,143.7153,264.537,13.2653,24.4175,115.8058,213.164,82.1,151.1216,65.1941,120.003,24.5858,45.255,17.9192,32.9839,25.8409,47.5655,43.4468,79.9726,101.0347,185.9748,25.8088,47.5063,101.0347,185.9748
2026-04-10,70.5411,129.5411,128.4999,235.9763,29.8285,54.7768,74.17,136.2052,97.7875,179.5762,12.5885,23.1174,78.5012,144.1591,698.4438,1282.617,143.845,264.1559,13.2698,24.3685,115.7772,212.6124,82.064,150.7017,65.2228,119.7747,24.5772,45.1334,17.9077,32.8855,25.8203,47.4162,43.4222,79.7402,101.0569,185.5801,25.7806,47.3433,101.0569,185.5801
2026-04-11,70.5976,129.3507,128.6401,235.6975,29.8369,54.6678,74.2332,136.0118,97.8002,179.1919,12.5493,22.9932,78.5476,143.9168,699.2133,1281.1159,143.9748,263.7942,13.2742,24.3212,115.7486,212.0774,82.028,150.2937,65.2515,119.5555,24.5687,45.0154,17.8961,32.7898,25.7997,47.2708,43.3976,79.5141,101.079,185.1995,25.7524,47.1843,101.079,185.1995
2026-04-12,70.6542,129.1695,128.7804,235.4354,29.8452,54.5628,74.2964,135.8282,97.8129,178.8209,12.5103,22.8712,78.5939,143.6849,699.9835,1279.7055,144.1047,263.4514,13.2786,24.2758,115.7199,211.5585,81.992,149.8973,65.2802,119.3449,24.5602,44.9008,17.8846,32.6965,25.7791,47.1291,43.373,79.2942,101.1012,184.8325,25.7243,47.029,101.1012,184.8325
2026-04-13,70.7108,128.9973,128.9208,235.1895,29.8536,54.4617,74.3597,135.654,97.8256,178.4627,12.4713,22.7514,78.6403,143.463,700.7547,1278.3831,144.2348,263.1267,13.283,24.2321,115.6913,211.0551,81.9561,149.512,65.309,119.1428,24.5517,44.7895,17.8731,32.6058,25.7585,46.991,43.3484,79.0802,101.1233,184.4787,25.6962,46.8774,101.1233,184.4787
2026-04-14,70.7675,128.8338,129.0614,234.9593,29.8619,54.3644,74.423,135.4889,97.8383,178.1169,12.4325,22.6337,78.6867,143.2509,701.5266,1277.1458,144.3649,262.8198,13.2874,24.19,115.6627,210.5667,81.9201,149.1375,65.3377,118.9488,24.5431,44.6814,17.8616,32.5175,25.7379,46.8564,43.3238,78.872,101.1455,184.1377,25.6681,46.7294,101.1455,184.1377
2026-04-15,70.8242,128.6788,129.2021,234.7443,29.8703,54.2707,74.4864,135.3326,97.851,177.7831,12.3938,22.5181,78.7331,143.0483,702.2995,1275.9911,144.4952,262.5299,13.2918,24.1495,115.6341,210.0928,81.8842,148.7735,65.3665,118.7628,24.5346,44.5764,17.8501,32.4314,25.7173,46.7252,43.2993,78.6694,101.1676,183.809,25.64,46.5848,101.1676,183.809
2026-04-16,70.8809,128.5318,129.343,234.544,29.8787,54.1805,74.5498,135.1848,97.8637,177.4609,12.3553,22.4044,78.7795,142.8547,703.0732,1274.9164,144.6256,262.2566,13.2962,24.1107,115.6055,209.633,81.8483,148.4195,65.3952,118.5843,24.5261,44.4744,17.8386,32.3476,25.6968,46.5972,43.2747,78.4721,101.1898,183.4923,25.612,46.4435,101.1898,183.4923
2026-04-17,70.9378,128.3928,129.4841,234.3579,29.8871,54.0937,74.6133,135.0454,97.8764,177.15,12.3168,22.2927,78.826,142.67,703.8477,1273.9192,144.7561,261.9993,13.3006,24.0733,115.5769,209.1868,81.8124,148.0752,65.424,118.4132,24.5176,44.3753,17.8271,32.2659,25.6763,46.4724,43.2502,78.2801,101.2119,183.1871,25.584,46.3054,101.2119,183.1871
2026-04-18,70.9946,128.2614,129.6253,234.1857,29.8954,54.0102,74.6769,134.9139,97.8891,176.8499,12.2785,22.1828,78.8725,142.4939,704.6231,1272.9971,144.8867,261.7575,13.305,24.0374,115.5483,208.7537,81.7765,147.7404,65.4528,118.2493,24.5091,44.279,17.8156,32.1864,25.6558,46.3506,43.2257,78.0931,101.2341,182.8931,25.5561,46.1705,101.2341,182.8931
2026-04-19,71.0515,128.1374,129.7667,234.0268,29.9038,53.9298,74.7405,134.7903,97.9018,176.5604,12.2403,22.0747,78.9191,142.3261,705.3993,1272.1477,145.0175,261.5308,13.3095,24.0028,115.5198,208.3333,81.7407,147.4147,65.4816,118.0923,24.5006,44.1854,17.8042,32.1088,25.6353,46.2317,43.2012,77.9109,101.2563,182.61,25.5281,46.0385,101.2563,182.61
2026-04-20,71.1084,128.0205,129.9082,233.881,29.9122,53.8526,74.8042,134.6741,97.9145,176.281,12.2022,21.9683,78.9656,142.1662,706.1764,1271.3688,145.1483,261.3187,13.3139,23.9697,115.4912,207.9252,81.7048,147.0978,65.5104,117.942,24.4921,44.0945,17.7927,32.0332,25.6148,46.1157,43.1767,77.7334,101.2785,182.3373,25.5002,45.9095,101.2785,182.3373
2026-04-21,71.1654,127.9106,130.0499,233.7476,29.9206,53.7783,74.8679,134.5652,97.9272,176.0114,12.1642,21.8636,79.0122,142.0141,706.9543,1270.6582,145.2793,261.1206,13.3183,23.9379,115.4626,207.529,81.669,146.7894,65.5392,117.7982,24.4836,44.0061,17.7812,31.9595,25.5943,46.0024,43.1522,77.5605,101.3007,182.0747,25.4724,45.7832,101.3007,182.0747
2026-04-22,71.2225,127.8074,130.1917,233.6265,29.929,53.7069,74.9317,134.4634,97.9399,175.7514,12.1264,21.7605,79.0588,141.8696,707.7331,1270.0138,145.4104,260.9363,13.3227,23.9074,115.4341,207.1443,81.6332,146.4892,65.5681,117.6607,24.4751,43.9201,17.7698,31.8876,25.5739,45.8918,43.1278,77.392,101.3228,181.8219,25.4445,45.6597,101.3228,181.8219
2026-04-23,71.2796,127.7107,130.3337,233.5172,29.9373,53.6384,74.9955,134.3684,97.9527,175.5006,12.0886,21.659,79.1055,141.7323,708.5128,1269.4335,145.5416,260.7651,13.3271,23.8781,115.4055,206.7706,81.5974,146.197,65.5969,117.5292,24.4666,43.8365,17.7583,31.8174,25.5534,45.7838,43.1033,77.2277,101.345,181.5786,25.4167,45.5388,101.345,181.5786
2026-04-24,71.3367,127.6203,130.4758,233.4193,29.9457,53.5725,75.0594,134.2801,97.9654,175.2586,12.051,21.5591,79.1521,141.602,709.2933,1268.9153,145.673,260.6068,13.3316,23.85,115.377,206.4077,81.5616,145.9125,65.6258,117.4036,24.4581,43.7552,17.7469,31.749,25.533,45.6782,43.0789,77.0675,101.3672,181.3445,25.3889,45.4204,101.3672,181.3445
2026-04-25,71.3938,127.536,130.6181,233.3324,29.9541,53.5092,75.1233,134.1981,97.9781,175.0253,12.0135,21.4606,79.1988,141.4786,710.0747,1268.4574,145.8044,260.4609,13.336,23.823,115.3484,206.0552,81.5258,145.6355,65.6547,117.2836,24.4496,43.6762,17.7355,31.6822,25.5126,45.575,43.0545,76.9113,101.3894,181.1192,25.3612,45.3045,101.3894,181.1192
2026-04-26,71.4511,127.4575,130.7605,233.2564,29.9625,53.4485,75.1873,134.1224,97.9908,174.8003,11.9761,21.3635,79.2456,141.3617,710.857,1268.0578,145.936,260.3271,13.3404,23.7972,115.3199,205.7127,81.4901,145.3656,65.6835,117.1692,24.4412,43.5992,17.7241,31.617,25.4922,45.4742,43.0301,76.759,101.4117,180.9026,25.3335,45.1909,101.4117,180.9026
2026-04-27,71.5083,127.3849,130.9031,233.1907,29.9709,53.3902,75.2513,134.0526,98.0035,174.5834,11.9389,21.2679,79.2923,141.2512,711.6401,1267.7148,146.0677,260.2049,13.3448,23.7725,115.2914,205.38,81.4544,145.1027,65.7124,117.0601,24.4327,43.5244,17.7127,31.5533,25.4719,45.3756,43.0057,76.6103,101.4339,180.6942,25.3058,45.0797,101.4339,180.6942
2026-04-28,71.5656,127.3177,131.0459,233.1351,29.9793,53.3342,75.3154,133.9887,98.0163,174.3743,11.9017,21.1735,79.3391,141.147,712.424,1267.4266,146.1995,260.0939,13.3493,23.7488,115.2629,205.0566,81.4186,144.8465,65.7414,116.9561,24.4242,43.4515,17.7012,31.4911,25.4515,45.2792,42.9813,76.4652,101.4561,180.4938,25.2781,44.9706,101.4561,180.4938
2026-04-29,71.623,127.2559,131.1888,233.0893,29.9877,53.2806,75.3796,133.9304,98.029,174.1727,11.8647,21.0805,79.3859,141.0486,713.2089,1267.1915,146.3315,259.9939,13.3537,23.7262,115.2344,204.7423,81.3829,144.5969,65.7703,116.8572,24.4157,43.3806,17.6898,31.4304,25.4312,45.1848,42.957,76.3237,101.4783,180.3013,25.2505,44.8637,101.4783,180.3013
2026-04-30,71.6804,127.1993,131.3319,233.0529,29.9961,53.2292,75.4438,133.8776,98.0417,173.9784,11.8277,20.9887,79.4327,140.9561,713.9946,1267.0079,146.4635,259.9045,13.3581,23.7045,115.2059,204.4368,81.3473,144.3535,65.7992,116.763,24.4073,43.3115,17.6785,31.371,25.4109,45.0925,42.9326,76.1854,101.5005,180.1162,25.2229,44.7589,101.5005,180.1162
2026-05-01,71.7378,127.1478,131.4751,233.0257,30.0045,53.1799,75.508,133.83,98.0545,173.7912,11.7909,20.8982,79.4796,140.8692,714.7811,1266.8742,146.5957,259.8254,13.3626,23.6838,115.1774,204.1398,81.3116,144.1162,65.8282,116.6735,24.3988,43.2443,17.6671,31.313,25.3906,45.0021,42.9083,76.0504,101.5228,179.9384,25.1953,44.6561,101.5228,179.9384
2026-05-02,71.7953,127.1011,131.6185,233.0074,30.0129,53.1327,75.5723,133.7876,98.0672,173.6108,11.7542,20.8088,79.5265,140.7877,715.5685,1266.7889,146.728,259.7562,13.367,23.664,115.1489,203.851,81.2759,143.8848,65.8572,116.5886,24.3903,43.1788,17.6557,31.2563,25.3703,44.9137,42.884,75.9186,101.545,179.7677,25.1678,44.5552,101.545,179.7677
2026-05-03,71.8529,127.0591,131.762,232.9978,30.0213,53.0874,75.6367,133.7501,98.0799,173.437,11.7177,20.7206,79.5734,140.7115,716.3568,1266.7504,146.8604,259.6966,13.3715,23.645,115.1204,203.5701,81.2403,143.6591,65.8861,116.508,24.3819,43.115,17.6443,31.2009,25.35,44.8271,42.8597,75.7897,101.5673,179.6037,25.1403,44.4561,101.5673,179.6037
2026-05-04,71.9105,127.0217,131.9057,232.9965,30.0298,53.0442,75.7011,133.7175,98.0926,173.2696,11.6812,20.6335,79.6204,140.6404,717.146,1266.7574,146.9929,259.6464,13.3759,23.627,115.0919,203.2969,81.2047,143.4389,65.9151,116.4316,24.3734,43.0529,17.633,31.1466,25.3298,44.7422,42.8354,75.6639,101.5895,179.4464,25.1128,44.3589,101.5895,179.4464
2026-05-05,71.9681,126.9887,132.0495,233.0033,30.0382,53.0028,75.7656,133.6895,98.1054,173.1084,11.6448,20.5475,79.6673,140.5742,717.936,1266.8085,147.1255,259.6051,13.3803,23.6098,115.0635,203.0312,81.1691,143.224,65.9441,116.3594,24.365,42.9923,17.6216,31.0936,25.3096,44.6591,42.8111,75.5408,101.6118,179.2954,25.0854,44.2635,101.6118,179.2954
2026-05-06,72.0258,126.9601,132.1935,233.018,30.0466,52.9632,75.8301,133.666,98.1181,172.9531,11.6086,20.4625,79.7143,140.5127,718.7269,1266.9022,147.2583,259.5727,13.3848,23.5934,115.035,202.7726,81.1335,143.0142,65.9731,116.2911,24.3565,42.9333,17.6103,31.0417,25.2893,44.5776,42.7868,75.4205,101.634,179.1506,25.0579,44.1697,101.634,179.1506
2026-05-07,72.0835,126.9355,132.3377,233.0402,30.055,52.9254,75.8947,133.6469,98.1309,172.8037,11.5725,20.3786,79.7614,140.4559,719.5187,1267.0373,147.3912,259.5487,13.3892,23.5778,115.0066,202.521,81.0979,142.8094,66.0022,116.2266,24.3481,42.8757,17.5989,30.9908,25.2691,44.4977,42.7626,75.3028,101.6563,179.0117,25.0306,44.0776,101.6563,179.0117
2026-05-08,72.1413,126.915,132.482,233.0699,30.0634,52.8893,75.9594,133.632,98.1436,172.6598,11.5365,20.2956,79.8084,140.4035,720.3114,1267.2126,147.5242,259.533,13.3937,23.5629,114.9781,202.276,81.0623,142.6094,66.0312,116.1659,24.3396,42.8196,17.5876,30.9411,25.2489,44.4194,42.7383,75.1877,101.6785,178.8787,25.0032,43.987,101.6785,178.8787
2026-05-09,72.1991,126.8984,132.6265,233.1067,30.0719,52.8548,76.0241,133.6213,98.1563,172.5213,11.5006,20.2136,79.8555,140.3555,721.1049,1267.4268,147.6573,259.5252,13.3981,23.5488,114.9497,202.0376,81.0268,142.4141,66.0603,116.1087,24.3312,42.7649,17.5763,30.8924,25.2288,44.3426,42.7141,75.0751,101.7008,178.7512,24.9759,43.898,101.7008,178.7512
2026-05-10,72.2569,126.8856,132.7711,233.1504,30.0803,52.822,76.0888,133.6145,98.1691,172.3881,11.4648,20.1325,79.9026,140.3116,721.8993,1267.6787,147.7906,259.5251,13.4026,23.5353,114.9213,201.8055,80.9912,142.2233,66.0893,116.055,24.3227,42.7115,17.5649,30.8446,25.2086,44.2672,42.6899,74.9649,101.7231,178.6291,24.9486,43.8105,101.7231,178.6291
2026-05-11,72.3149,126.8764,132.9159,233.2009,30.0887,52.7906,76.1536,133.6115,98.1818,172.26,11.4291,20.0523,79.9498,140.2718,722.6945,1267.9671,147.9239,259.5325,13.407,23.5226,114.8928,201.5794,80.9557,142.0368,66.1184,116.0047,24.3143,42.6594,17.5536,30.7978,25.1885,44.1932,42.6657,74.857,101.7454,178.5122,24.9213,43.7244,101.7454,178.5122
2026-05-12,72.3728,126.8707,133.0609,233.2579,30.0971,52.7608,76.2185,133.6123,98.1946,172.1367,11.3935,19.973,79.9969,140.2359,723.4907,1268.2911,148.0574,259.5471,13.4115,23.5105,114.8644,201.3592,80.9202,141.8545,66.1475,115.9577,24.3058,42.6085,17.5423,30.752,25.1684,44.1206,42.6415,74.7513,101.7677,178.4004,24.8941,43.6397,101.7677,178.4004
2026-05-13,72.4308,126.8685,133.206,233.3212,30.1056,52.7324,76.2834,133.6167,98.2073,172.0182,11.3581,19.8946,80.0441,140.2039,724.2877,1268.6494,148.191,259.5688,13.4159,23.4991,114.836,201.1447,80.8847,141.6763,66.1766,115.9138,24.2974,42.5589,17.531,30.7071,25.1483,44.0492,42.6174,74.6478,101.79,178.2935,24.8669,43.5563,101.79,178.2935
2026-05-14,72.4889,126.8696,133.3512,233.3907,30.114,52.7054,76.3484,133.6246,98.2201,171.9043,11.3227,19.817,80.0913,140.1755,725.0856,1269.041,148.3248,259.5972,13.4204,23.4882,114.8076,200.9357,80.8493,141.502,66.2057,115.8729,24.289,42.5105,17.5198,30.663,25.1282,43.9792,42.5932,74.5464,101.8123,178.1913,24.8397,43.4743,101.8123,178.1913
2026-05-15,72.547,126.874,133.4967,233.466,30.1225,52.6798,76.4134,133.6358,98.2328,171.7948,11.2875,19.7402,80.1386,140.1506,725.8844,1269.465,148.4586,259.6323,13.4248,23.478,114.7792,200.732,80.8138,141.3315,66.2349,115.835,24.2806,42.4631,17.5085,30.6197,25.1081,43.9104,42.5691,74.4471,101.8346,178.0937,24.8125,43.3935,101.8346,178.0937
2026-05-16,72.6051,126.8814,133.6423,233.5472,30.1309,52.6554,76.4785,133.6504,98.2456,171.6896,11.2524,19.6641,80.1859,140.1292,726.684,1269.9204,148.5926,259.6737,13.4293,23.4684,114.7508,200.5334,80.7784,141.1647,66.264,115.8,24.2721,42.4169,17.4972,30.5773,25.088,43.8427,42.545,74.3497,101.8569,178.0005,24.7854,43.3139,101.8569,178.0005
2026-05-17,72.6633,126.8919,133.788,233.634,30.1393,52.6323,76.5437,133.6682,98.2583,171.5885,11.2174,19.5889,80.2332,140.1112,727.4846,1270.4062,148.7267,259.7214,13.4337,23.4593,114.7225,200.3398,80.743,141.0014,66.2932,115.7678,24.2637,42.3717,17.4859,30.5357,25.068,43.7762,42.5208,74.2541,101.8792,177.9116,24.7583,43.2355,101.8792,177.9116
2026-05-18,72.7215,126.9053,133.9339,233.7261,30.1478,52.6105,76.6088,133.689,98.2711,171.4915,11.1824,19.5143,80.2805,140.0964,728.286,1270.9215,148.8609,259.775,13.4382,23.4508,114.6941,200.151,80.7076,140.8416,66.3223,115.7382,24.2553,42.3276,17.4747,30.4948,25.048,43.7109,42.4967,74.1605,101.9015,177.8268,24.7313,43.1582,101.9015,177.8268
2026-05-19,72.7798,126.9215,134.08,233.8236,30.1562,52.5898,76.6741,133.7128,98.2839,171.3983,11.1476,19.4405,80.3279,140.0847,729.0883,1271.4654,148.9952,259.8345,13.4427,23.4428,114.6657,199.9668,80.6722,140.6851,66.3515,115.7112,24.2469,42.2844,17.4634,30.4546,25.028,43.6466,42.4727,74.0685,101.9238,177.7461,24.7042,43.082,101.9238,177.7461
2026-05-20,72.8381,126.9405,134.2262,233.9261,30.1647,52.5703,76.7394,133.7396,98.2966,171.3089,11.113,19.3674,80.3753,140.0761,729.8915,1272.037,149.1297,259.8995,13.4471,23.4353,114.6374,199.7872,80.6368,140.5318,66.3807,115.6867,24.2385,42.2422,17.4522,30.4152,25.008,43.5833,42.4486,73.9784,101.9461,177.6692,24.6772,43.0069,101.9461,177.6692
2026-05-21,72.8965,126.9622,134.3726,234.0336,30.1731,52.5519,76.8048,133.7691,98.3094,171.2232,11.0784,19.2949,80.4227,140.0704,730.6956,1272.6356,149.2643,259.9701,13.4516,23.4283,114.609,199.6118,80.6014,140.3816,66.4099,115.6646,24.2301,42.2009,17.4409,30.3765,24.988,43.521,42.4245,73.8898,101.9685,177.5961,24.6503,42.9328,101.9685,177.5961
2026-05-22,72.9549,126.9864,134.5191,234.1459,30.1816,52.5345,76.8702,133.8014,98.3221,171.1409,11.0439,19.2232,80.4701,140.0675,731.5005,1273.2603,149.3989,260.0459,13.456,23.4218,114.5807,199.4407,80.5661,140.2345,66.4392,115.6449,24.2217,42.1606,17.4297,30.3384,24.968,43.4597,42.4005,73.8029,101.9908,177.5267,24.6233,42.8597,101.9908,177.5267
