id,date,sector,ticker,baseline,impacted,sector_total_impact_pct
1,2026-02-22,Lumber,WY,25.2735,24.4584,-48.3754
2,2026-02-23,Lumber,WY,25.267,23.6372,-48.3754
3,2026-02-24,Lumber,WY,25.2604,22.8165,-48.3754
4,2026-02-25,Lumber,WY,25.2539,21.9961,-48.3754
5,2026-02-26,Lumber,WY,25.2474,21.1762,-48.3754
6,2026-02-27,Lumber,WY,25.2409,20.3567,-48.3754
7,2026-02-28,Lumber,WY,25.2344,19.5377,-48.3754
8,2026-03-01,Lumber,WY,25.2279,18.719,-48.3754
9,2026-03-02,Lumber,WY,25.2214,17.9008,-48.3754
10,2026-03-03,Lumber,WY,25.2149,17.083,-48.3754
11,2026-03-04,Lumber,WY,25.2083,16.2656,-48.3754
12,2026-03-05,Lumber,WY,25.2018,15.4486,-48.3754
13,2026-03-06,Lumber,WY,25.1953,14.6321,-48.3754
14,2026-03-07,Lumber,WY,25.1888,13.816,-48.3754
15,2026-03-08,Lumber,WY,25.1823,13.0003,-48.3754
16,2026-03-09,Lumber,WY,25.1758,13.1367,-48.3754
17,2026-03-10,Lumber,WY,25.1693,13.2684,-48.3754
18,2026-03-11,Lumber,WY,25.1629,13.3957,-48.3754
19,2026-03-12,Lumber,WY,25.1564,13.5185,-48.3754
20,2026-03-13,Lumber,WY,25.1499,13.6372,-48.3754
21,2026-03-14,Lumber,WY,25.1434,13.7519,-48.3754
22,2026-03-15,Lumber,WY,25.1369,13.8625,-48.3754
23,2026-03-16,Lumber,WY,25.1304,13.9694,-48.3754
24,2026-03-17,Lumber,WY,25.1239,14.0726,-48.3754
25,2026-03-18,Lumber,WY,25.1174,14.1723,-48.3754
26,2026-03-19,Lumber,WY,25.111,14.2685,-48.3754
27,2026-03-20,Lumber,WY,25.1045,14.3614,-48.3754
28,2026-03-21,Lumber,WY,25.098,14.4511,-48.3754
29,2026-03-22,Lumber,WY,25.0915,14.5377,-48.3754
30,2026-03-23,Lumber,WY,25.0851,14.6212,-48.3754
31,2026-03-24,Lumber,WY,25.0786,14.7019,-48.3754
32,2026-03-25,Lumber,WY,25.0721,14.7797,-48.3754
33,2026-03-26,Lumber,WY,25.0656,14.8549,-48.3754
34,2026-03-27,Lumber,WY,25.0592,14.9274,-48.3754
35,2026-03-28,Lumber,WY,25.0527,14.9973,-48.3754
36,2026-03-29,Lumber,WY,25.0462,15.0648,-48.3754
37,2026-03-30,Lumber,WY,25.0398,15.13,-48.3754
38,2026-03-31,Lumber,WY,25.0333,15.1928,-48.3754
39,2026-04-01,Lumber,WY,25.0269,15.2534,-48.3754
40,2026-04-02,Lumber,WY,25.0204,15.3119,-48.3754
41,2026-04-03,Lumber,WY,25.014,15.3683,-48.3754
42,2026-04-04,Lumber,WY,25.0075,15.4227,-48.3754
43,2026-04-05,Lumber,WY,25.001,15.4751,-48.3754
44,2026-04-06,Lumber,WY,24.9946,15.5257,-48.3754
45,2026-04-07,Lumber,WY,24.9881,15.5744,-48.3754
46,2026-04-08,Lumber,WY,24.9817,15.6214,-48.3754
47,2026-04-09,Lumber,WY,24.9753,15.6667,-48.3754
48,2026-04-10,Lumber,WY,24.9688,15.7104,-48.3754
49,2026-04-11,Lumber,WY,24.9624,15.7524,-48.3754
50,2026-04-12,Lumber,WY,24.9559,15.793,-48.3754
51,2026-04-13,Lumber,WY,24.9495,15.832,-48.3754
52,2026-04-14,Lumber,WY,24.9431,15.8697,-48.3754
53,2026-04-15,Lumber,WY,24.9366,15.9059,-48.3754
54,2026-04-16,Lumber,WY,24.9302,15.9408,-48.3754
55,2026-04-17,Lumber,WY,24.9237,15.9744,-48.3754
56,2026-04-18,Lumber,WY,24.9173,16.0067,-48.3754
57,2026-04-19,Lumber,WY,24.9109,16.0378,-48.3754
58,2026-04-20,Lumber,WY,24.9045,16.0678,-48.3754
59,2026-04-21,Lumber,WY,24.898,16.0966,-48.3754
60,2026-04-22,Lumber,WY,24.8916,16.1243,-48.3754
61,2026-04-23,Lumber,WY,24.8852,16.151,-48.3754
62,2026-04-24,Lumber,WY,24.8788,16.1766,-48.3754
63,2026-04-25,Lumber,WY,24.8724,16.2013,-48.3754
64,2026-04-26,Lumber,WY,24.8659,16.2249,-48.3754
65,2026-04-27,Lumber,WY,24.8595,16.2477,-48.3754
66,2026-04-28,Lumber,WY,24.8531,16.2696,-48.3754
67,2026-04-29,Lumber,WY,24.8467,16.2906,-48.3754
68,2026-04-30,Lumber,WY,24.8403,16.3107,-48.3754
69,2026-05-01,Lumber,WY,24.8339,16.3301,-48.3754
70,2026-05-02,Lumber,WY,24.8275,16.3486,-48.3754
71,2026-05-03,Lumber,WY,24.8211,16.3664,-48.3754
72,2026-05-04,Lumber,WY,24.8147,16.3835,-48.3754
73,2026-05-05,Lumber,WY,24.8083,16.3999,-48.3754
74,2026-05-06,Lumber,WY,24.8019,16.4156,-48.3754
75,2026-05-07,Lumber,WY,24.7955,16.4306,-48.3754
76,2026-05-08,Lumber,WY,24.7891,16.445,-48.3754
77,2026-05-09,Lumber,WY,24.7827,16.4587,-48.3754
78,2026-05-10,Lumber,WY,24.7763,16.4719,-48.3754
79,2026-05-11,Lumber,WY,24.7699,16.4845,-48.3754
80,2026-05-12,Lumber,WY,24.7635,16.4965,-48.3754
81,2026-05-13,Lumber,WY,24.7571,16.508,-48.3754
82,2026-05-14,Lumber,WY,24.7507,16.519,-48.3754
83,2026-05-15,Lumber,WY,24.7443,16.5294,-48.3754
84,2026-05-16,Lumber,WY,24.7379,16.5394,-48.3754
85,2026-05-17,Lumber,WY,24.7315,16.5489,-48.3754
86,2026-05-18,Lumber,WY,24.7252,16.5579,-48.3754
87,2026-05-19,Lumber,WY,24.7188,16.5665,-48.3754
88,2026-05-20,Lumber,WY,24.7124,16.5747,-48.3754
89,2026-05-21,Lumber,WY,24.706,16.5825,-48.3754
90,2026-05-22,Lumber,WY,24.6997,16.5898,-48.3754
91,2026-02-22,Lumber,PCH,41.7397,40.3936,-48.3754
92,2026-02-23,Lumber,PCH,41.7494,39.0565,-48.3754
93,2026-02-24,Lumber,PCH,41.7591,37.7188,-48.3754
94,2026-02-25,Lumber,PCH,41.7688,36.3806,-48.3754
95,2026-02-26,Lumber,PCH,41.7785,35.0416,-48.3754
96,2026-02-27,Lumber,PCH,41.7882,33.7021,-48.3754
97,2026-02-28,Lumber,PCH,41.7979,32.3619,-48.3754
98,2026-03-01,Lumber,PCH,41.8076,31.0211,-48.3754
99,2026-03-02,Lumber,PCH,41.8173,29.6797,-48.3754
100,2026-03-03,Lumber,PCH,41.827,28.3377,-48.3754
101,2026-03-04,Lumber,PCH,41.8367,26.995,-48.3754
102,2026-03-05,Lumber,PCH,41.8464,25.6517,-48.3754
103,2026-03-06,Lumber,PCH,41.8561,24.3078,-48.3754
104,2026-03-07,Lumber,PCH,41.8659,22.9633,-48.3754
105,2026-03-08,Lumber,PCH,41.8756,21.6181,-48.3754
106,2026-03-09,Lumber,PCH,41.8853,21.8556,-48.3754
107,2026-03-10,Lumber,PCH,41.895,22.0856,-48.3754
108,2026-03-11,Lumber,PCH,41.9047,22.3083,-48.3754
109,2026-03-12,Lumber,PCH,41.9145,22.524,-48.3754
110,2026-03-13,Lumber,PCH,41.9242,22.7329,-48.3754
111,2026-03-14,Lumber,PCH,41.9339,22.9352,-48.3754
112,2026-03-15,Lumber,PCH,41.9437,23.1312,-48.3754
113,2026-03-16,Lumber,PCH,41.9534,23.321,-48.3754
114,2026-03-17,Lumber,PCH,41.9632,23.5048,-48.3754
115,2026-03-18,Lumber,PCH,41.9729,23.6828,-48.3754
116,2026-03-19,Lumber,PCH,41.9826,23.8553,-48.3754
117,2026-03-20,Lumber,PCH,41.9924,24.0224,-48.3754
118,2026-03-21,Lumber,PCH,42.0021,24.1843,-48.3754
119,2026-03-22,Lumber,PCH,42.0119,24.3411,-48.3754
120,2026-03-23,Lumber,PCH,42.0217,24.493,-48.3754
121,2026-03-24,Lumber,PCH,42.0314,24.6402,-48.3754
122,2026-03-25,Lumber,PCH,42.0412,24.7828,-48.3754
123,2026-03-26,Lumber,PCH,42.0509,24.921,-48.3754
124,2026-03-27,Lumber,PCH,42.0607,25.0549,-48.3754
125,2026-03-28,Lumber,PCH,42.0705,25.1847,-48.3754
126,2026-03-29,Lumber,PCH,42.0802,25.3105,-48.3754
127,2026-03-30,Lumber,PCH,42.09,25.4324,-48.3754
128,2026-03-31,Lumber,PCH,42.0998,25.5505,-48.3754
129,2026-04-01,Lumber,PCH,42.1095,25.665,-48.3754
130,2026-04-02,Lumber,PCH,42.1193,25.776,-48.3754
131,2026-04-03,Lumber,PCH,42.1291,25.8836,-48.3754
132,2026-04-04,Lumber,PCH,42.1389,25.988,-48.3754
133,2026-04-05,Lumber,PCH,42.1487,26.0891,-48.3754
134,2026-04-06,Lumber,PCH,42.1585,26.1872,-48.3754
135,2026-04-07,Lumber,PCH,42.1682,26.2823,-48.3754
136,2026-04-08,Lumber,PCH,42.178,26.3745,-48.3754
137,2026-04-09,Lumber,PCH,42.1878,26.464,-48.3754
138,2026-04-10,Lumber,PCH,42.1976,26.5508,-48.3754
139,2026-04-11,Lumber,PCH,42.2074,26.6349,-48.3754
140,2026-04-12,Lumber,PCH,42.2172,26.7165,-48.3754
141,2026-04-13,Lumber,PCH,42.227,26.7957,-48.3754
142,2026-04-14,Lumber,PCH,42.2368,26.8726,-48.3754
143,2026-04-15,Lumber,PCH,42.2466,26.9471,-48.3754
144,2026-04-16,Lumber,PCH,42.2564,27.0195,-48.3754
145,2026-04-17,Lumber,PCH,42.2663,27.0897,-48.3754
146,2026-04-18,Lumber,PCH,42.2761,27.1578,-48.3754
147,2026-04-19,Lumber,PCH,42.2859,27.224,-48.3754
148,2026-04-20,Lumber,PCH,42.2957,27.2882,-48.3754
149,2026-04-21,Lumber,PCH,42.3055,27.3505,-48.3754
150,2026-04-22,Lumber,PCH,42.3153,27.4111,-48.3754
151,2026-04-23,Lumber,PCH,42.3252,27.4699,-48.3754
152,2026-04-24,Lumber,PCH,42.335,27.5269,-48.3754
153,2026-04-25,Lumber,PCH,42.3448,27.5824,-48.3754
154,2026-04-26,Lumber,PCH,42.3547,27.6363,-48.3754
155,2026-04-27,Lumber,PCH,42.3645,27.6886,-48.3754
156,2026-04-28,Lumber,PCH,42.3743,27.7395,-48.3754
157,2026-04-29,Lumber,PCH,42.3842,27.7889,-48.3754
158,2026-04-30,Lumber,PCH,42.394,27.8369,-48.3754
159,2026-05-01,Lumber,PCH,42.4038,27.8836,-48.3754
160,2026-05-02,Lumber,PCH,42.4137,27.929,-48.3754
161,2026-05-03,Lumber,PCH,42.4235,27.9731,-48.3754
162,2026-05-04,Lumber,PCH,42.4334,28.016,-48.3754
163,2026-05-05,Lumber,PCH,42.4432,28.0578,-48.3754
164,2026-05-06,Lumber,PCH,42.4531,28.0984,-48.3754
165,2026-05-07,Lumber,PCH,42.463,28.1379,-48.3754
166,2026-05-08,Lumber,PCH,42.4728,28.1763,-48.3754
167,2026-05-09,Lumber,PCH,42.4827,28.2137,-48.3754
168,2026-05-10,Lumber,PCH,42.4925,28.2502,-48.3754
169,2026-05-11,Lumber,PCH,42.5024,28.2856,-48.3754
170,2026-05-12,Lumber,PCH,42.5123,28.3201,-48.3754
171,2026-05-13,Lumber,PCH,42.5221,28.3537,-48.3754
172,2026-05-14,Lumber,PCH,42.532,28.3865,-48.3754
173,2026-05-15,Lumber,PCH,42.5419,28.4184,-48.3754
174,2026-05-16,Lumber,PCH,42.5518,28.4495,-48.3754
175,2026-05-17,Lumber,PCH,42.5617,28.4798,-48.3754
176,2026-05-18,Lumber,PCH,42.5715,28.5093,-48.3754
177,2026-05-19,Lumber,PCH,42.5814,28.5381,-48.3754
178,2026-05-20,Lumber,PCH,42.5913,28.5661,-48.3754
179,2026-05-21,Lumber,PCH,42.6012,28.5935,-48.3754
180,2026-05-22,Lumber,PCH,42.6111,28.6202,-48.3754
181,2026-02-22,Lumber,IP,46.8551,45.344,-48.3754
182,2026-02-23,Lumber,IP,46.8401,43.8189,-48.3754
183,2026-02-24,Lumber,IP,46.8252,42.2948,-48.3754
184,2026-02-25,Lumber,IP,46.8102,40.7717,-48.3754
185,2026-02-26,Lumber,IP,46.7953,39.2495,-48.3754
186,2026-02-27,Lumber,IP,46.7804,37.7283,-48.3754
187,2026-02-28,Lumber,IP,46.7655,36.2081,-48.3754
188,2026-03-01,Lumber,IP,46.7506,34.6888,-48.3754
189,2026-03-02,Lumber,IP,46.7356,33.1705,-48.3754
190,2026-03-03,Lumber,IP,46.7207,31.6532,-48.3754
191,2026-03-04,Lumber,IP,46.7058,30.1368,-48.3754
192,2026-03-05,Lumber,IP,46.691,28.6214,-48.3754
193,2026-03-06,Lumber,IP,46.6761,27.107,-48.3754
194,2026-03-07,Lumber,IP,46.6612,25.5935,-48.3754
195,2026-03-08,Lumber,IP,46.6463,24.081,-48.3754
196,2026-03-09,Lumber,IP,46.6314,24.3321,-48.3754
197,2026-03-10,Lumber,IP,46.6166,24.5746,-48.3754
198,2026-03-11,Lumber,IP,46.6017,24.8088,-48.3754
199,2026-03-12,Lumber,IP,46.5868,25.0349,-48.3754
200,2026-03-13,Lumber,IP,46.572,25.2531,-48.3754
201,2026-03-14,Lumber,IP,46.5571,25.4638,-48.3754
202,2026-03-15,Lumber,IP,46.5423,25.6672,-48.3754
203,2026-03-16,Lumber,IP,46.5274,25.8636,-48.3754
204,2026-03-17,Lumber,IP,46.5126,26.0531,-48.3754
205,2026-03-18,Lumber,IP,46.4978,26.2359,-48.3754
206,2026-03-19,Lumber,IP,46.4829,26.4125,-48.3754
207,2026-03-20,Lumber,IP,46.4681,26.5828,-48.3754
208,2026-03-21,Lumber,IP,46.4533,26.7472,-48.3754
209,2026-03-22,Lumber,IP,46.4385,26.9058,-48.3754
210,2026-03-23,Lumber,IP,46.4237,27.0588,-48.3754
211,2026-03-24,Lumber,IP,46.4089,27.2064,-48.3754
212,2026-03-25,Lumber,IP,46.3941,27.3488,-48.3754
213,2026-03-26,Lumber,IP,46.3793,27.4861,-48.3754
214,2026-03-27,Lumber,IP,46.3645,27.6186,-48.3754
215,2026-03-28,Lumber,IP,46.3497,27.7464,-48.3754
216,2026-03-29,Lumber,IP,46.3349,27.8696,-48.3754
217,2026-03-30,Lumber,IP,46.3201,27.9884,-48.3754
218,2026-03-31,Lumber,IP,46.3054,28.1029,-48.3754
219,2026-04-01,Lumber,IP,46.2906,28.2133,-48.3754
220,2026-04-02,Lumber,IP,46.2758,28.3197,-48.3754
221,2026-04-03,Lumber,IP,46.2611,28.4223,-48.3754
222,2026-04-04,Lumber,IP,46.2463,28.5211,-48.3754
223,2026-04-05,Lumber,IP,46.2316,28.6164,-48.3754
224,2026-04-06,Lumber,IP,46.2168,28.7081,-48.3754
225,2026-04-07,Lumber,IP,46.2021,28.7965,-48.3754
226,2026-04-08,Lumber,IP,46.1874,28.8816,-48.3754
227,2026-04-09,Lumber,IP,46.1726,28.9636,-48.3754
228,2026-04-10,Lumber,IP,46.1579,29.0426,-48.3754
229,2026-04-11,Lumber,IP,46.1432,29.1186,-48.3754
230,2026-04-12,Lumber,IP,46.1285,29.1917,-48.3754
231,2026-04-13,Lumber,IP,46.1138,29.2621,-48.3754
232,2026-04-14,Lumber,IP,46.0991,29.3298,-48.3754
233,2026-04-15,Lumber,IP,46.0844,29.395,-48.3754
234,2026-04-16,Lumber,IP,46.0697,29.4577,-48.3754
235,2026-04-17,Lumber,IP,46.055,29.518,-48.3754
236,2026-04-18,Lumber,IP,46.0403,29.5759,-48.3754
237,2026-04-19,Lumber,IP,46.0256,29.6316,-48.3754
238,2026-04-20,Lumber,IP,46.0109,29.6852,-48.3754
239,2026-04-21,Lumber,IP,45.9962,29.7366,-48.3754
240,2026-04-22,Lumber,IP,45.9816,29.786,-48.3754
241,2026-04-23,Lumber,IP,45.9669,29.8334,-48.3754
242,2026-04-24,Lumber,IP,45.9523,29.879,-48.3754
243,2026-04-25,Lumber,IP,45.9376,29.9226,-48.3754
244,2026-04-26,Lumber,IP,45.9229,29.9646,-48.3754
245,2026-04-27,Lumber,IP,45.9083,30.0048,-48.3754
246,2026-04-28,Lumber,IP,45.8937,30.0433,-48.3754
247,2026-04-29,Lumber,IP,45.879,30.0803,-48.3754
248,2026-04-30,Lumber,IP,45.8644,30.1157,-48.3754
249,2026-05-01,Lumber,IP,45.8498,30.1495,-48.3754
250,2026-05-02,Lumber,IP,45.8352,30.182,-48.3754
251,2026-05-03,Lumber,IP,45.8205,30.213,-48.3754
252,2026-05-04,Lumber,IP,45.8059,30.2427,-48.3754
253,2026-05-05,Lumber,IP,45.7913,30.2711,-48.3754
254,2026-05-06,Lumber,IP,45.7767,30.2982,-48.3754
255,2026-05-07,Lumber,IP,45.7621,30.3241,-48.3754
256,2026-05-08,Lumber,IP,45.7475,30.3488,-48.3754
257,2026-05-09,Lumber,IP,45.7329,30.3723,-48.3754
258,2026-05-10,Lumber,IP,45.7183,30.3948,-48.3754
259,2026-05-11,Lumber,IP,45.7038,30.4161,-48.3754
260,2026-05-12,Lumber,IP,45.6892,30.4365,-48.3754
261,2026-05-13,Lumber,IP,45.6746,30.4558,-48.3754
262,2026-05-14,Lumber,IP,45.6601,30.4742,-48.3754
263,2026-05-15,Lumber,IP,45.6455,30.4916,-48.3754
264,2026-05-16,Lumber,IP,45.6309,30.5081,-48.3754
265,2026-05-17,Lumber,IP,45.6164,30.5238,-48.3754
266,2026-05-18,Lumber,IP,45.6018,30.5386,-48.3754
267,2026-05-19,Lumber,IP,45.5873,30.5526,-48.3754
268,2026-05-20,Lumber,IP,45.5728,30.5658,-48.3754
269,2026-05-21,Lumber,IP,45.5582,30.5783,-48.3754
270,2026-05-22,Lumber,IP,45.5437,30.59,-48.3754
271,2026-02-22,Lumber,PKG,237.2363,229.5854,-48.3754
272,2026-02-23,Lumber,PKG,237.2626,221.9591,-48.3754
273,2026-02-24,Lumber,PKG,237.2889,214.3311,-48.3754
274,2026-02-25,Lumber,PKG,237.3153,206.7013,-48.3754
275,2026-02-26,Lumber,PKG,237.3416,199.0699,-48.3754
276,2026-02-27,Lumber,PKG,237.3679,191.4368,-48.3754
277,2026-02-28,Lumber,PKG,237.3942,183.8021,-48.3754
278,2026-03-01,Lumber,PKG,237.4206,176.1656,-48.3754
279,2026-03-02,Lumber,PKG,237.4469,168.5274,-48.3754
280,2026-03-03,Lumber,PKG,237.4733,160.8875,-48.3754
281,2026-03-04,Lumber,PKG,237.4996,153.2459,-48.3754
282,2026-03-05,Lumber,PKG,237.5259,145.6026,-48.3754
283,2026-03-06,Lumber,PKG,237.5523,137.9577,-48.3754
284,2026-03-07,Lumber,PKG,237.5786,130.311,-48.3754
285,2026-03-08,Lumber,PKG,237.605,122.6626,-48.3754
286,2026-03-09,Lumber,PKG,237.6313,123.9953,-48.3754
287,2026-03-10,Lumber,PKG,237.6577,125.285,-48.3754
288,2026-03-11,Lumber,PKG,237.6841,126.5331,-48.3754
289,2026-03-12,Lumber,PKG,237.7104,127.741,-48.3754
290,2026-03-13,Lumber,PKG,237.7368,128.9101,-48.3754
291,2026-03-14,Lumber,PKG,237.7632,130.0416,-48.3754
292,2026-03-15,Lumber,PKG,237.7895,131.1366,-48.3754
293,2026-03-16,Lumber,PKG,237.8159,132.1965,-48.3754
294,2026-03-17,Lumber,PKG,237.8423,133.2224,-48.3754
295,2026-03-18,Lumber,PKG,237.8687,134.2153,-48.3754
296,2026-03-19,Lumber,PKG,237.8951,135.1764,-48.3754
297,2026-03-20,Lumber,PKG,237.9214,136.1066,-48.3754
298,2026-03-21,Lumber,PKG,237.9478,137.0071,-48.3754
299,2026-03-22,Lumber,PKG,237.9742,137.8787,-48.3754
300,2026-03-23,Lumber,PKG,238.0006,138.7224,-48.3754
301,2026-03-24,Lumber,PKG,238.027,139.5392,-48.3754
302,2026-03-25,Lumber,PKG,238.0534,140.3298,-48.3754
303,2026-03-26,Lumber,PKG,238.0798,141.0953,-48.3754
304,2026-03-27,Lumber,PKG,238.1062,141.8363,-48.3754
305,2026-03-28,Lumber,PKG,238.1326,142.5536,-48.3754
306,2026-03-29,Lumber,PKG,238.1591,143.2482,-48.3754
307,2026-03-30,Lumber,PKG,238.1855,143.9206,-48.3754
308,2026-03-31,Lumber,PKG,238.2119,144.5717,-48.3754
309,2026-04-01,Lumber,PKG,238.2383,145.202,-48.3754
310,2026-04-02,Lumber,PKG,238.2647,145.8124,-48.3754
311,2026-04-03,Lumber,PKG,238.2912,146.4034,-48.3754
312,2026-04-04,Lumber,PKG,238.3176,146.9757,-48.3754
313,2026-04-05,Lumber,PKG,238.344,147.5299,-48.3754
314,2026-04-06,Lumber,PKG,238.3705,148.0666,-48.3754
315,2026-04-07,Lumber,PKG,238.3969,148.5863,-48.3754
316,2026-04-08,Lumber,PKG,238.4234,149.0897,-48.3754
317,2026-04-09,Lumber,PKG,238.4498,149.5771,-48.3754
318,2026-04-10,Lumber,PKG,238.4763,150.0493,-48.3754
319,2026-04-11,Lumber,PKG,238.5027,150.5066,-48.3754
320,2026-04-12,Lumber,PKG,238.5292,150.9496,-48.3754
321,2026-04-13,Lumber,PKG,238.5556,151.3787,-48.3754
322,2026-04-14,Lumber,PKG,238.5821,151.7944,-48.3754
323,2026-04-15,Lumber,PKG,238.6085,152.197,-48.3754
324,2026-04-16,Lumber,PKG,238.635,152.5872,-48.3754
325,2026-04-17,Lumber,PKG,238.6615,152.9651,-48.3754
326,2026-04-18,Lumber,PKG,238.6879,153.3313,-48.3754
327,2026-04-19,Lumber,PKG,238.7144,153.6862,-48.3754
328,2026-04-20,Lumber,PKG,238.7409,154.03,-48.3754
329,2026-04-21,Lumber,PKG,238.7674,154.3632,-48.3754
330,2026-04-22,Lumber,PKG,238.7939,154.6861,-48.3754
331,2026-04-23,Lumber,PKG,238.8204,154.999,-48.3754
332,2026-04-24,Lumber,PKG,238.8468,155.3024,-48.3754
333,2026-04-25,Lumber,PKG,238.8733,155.5964,-48.3754
334,2026-04-26,Lumber,PKG,238.8998,155.8814,-48.3754
335,2026-04-27,Lumber,PKG,238.9263,156.1576,-48.3754
336,2026-04-28,Lumber,PKG,238.9528,156.4255,-48.3754
337,2026-04-29,Lumber,PKG,238.9793,156.6851,-48.3754
338,2026-04-30,Lumber,PKG,239.0058,156.9369,-48.3754
339,2026-05-01,Lumber,PKG,239.0324,157.1811,-48.3754
340,2026-05-02,Lumber,PKG,239.0589,157.4179,-48.3754
341,2026-05-03,Lumber,PKG,239.0854,157.6475,-48.3754
342,2026-05-04,Lumber,PKG,239.1119,157.8703,-48.3754
343,2026-05-05,Lumber,PKG,239.1384,158.0863,-48.3754
344,2026-05-06,Lumber,PKG,239.165,158.2959,-48.3754
345,2026-05-07,Lumber,PKG,239.1915,158.4992,-48.3754
346,2026-05-08,Lumber,PKG,239.218,158.6965,-48.3754
347,2026-05-09,Lumber,PKG,239.2445,158.8879,-48.3754
348,2026-05-10,Lumber,PKG,239.2711,159.0737,-48.3754
349,2026-05-11,Lumber,PKG,239.2976,159.254,-48.3754
350,2026-05-12,Lumber,PKG,239.3242,159.429,-48.3754
351,2026-05-13,Lumber,PKG,239.3507,159.5989,-48.3754
352,2026-05-14,Lumber,PKG,239.3773,159.7638,-48.3754
353,2026-05-15,Lumber,PKG,239.4038,159.924,-48.3754
354,2026-05-16,Lumber,PKG,239.4304,160.0795,-48.3754
355,2026-05-17,Lumber,PKG,239.4569,160.2305,-48.3754
356,2026-05-18,Lumber,PKG,239.4835,160.3772,-48.3754
357,2026-05-19,Lumber,PKG,239.51,160.5197,-48.3754
358,2026-05-20,Lumber,PKG,239.5366,160.6581,-48.3754
359,2026-05-21,Lumber,PKG,239.5632,160.7926,-48.3754
360,2026-05-22,Lumber,PKG,239.5898,160.9233,-48.3754
361,2026-02-22,Lumber,SLVM,48.6464,47.0775,-48.3754
362,2026-02-23,Lumber,SLVM,48.5928,45.4585,-48.3754
363,2026-02-24,Lumber,SLVM,48.5392,43.843,-48.3754
364,2026-02-25,Lumber,SLVM,48.4858,42.231,-48.3754
365,2026-02-26,Lumber,SLVM,48.4323,40.6226,-48.3754
366,2026-02-27,Lumber,SLVM,48.379,39.0176,-48.3754
367,2026-02-28,Lumber,SLVM,48.3257,37.4161,-48.3754
368,2026-03-01,Lumber,SLVM,48.2725,35.8181,-48.3754
369,2026-03-02,Lumber,SLVM,48.2193,34.2235,-48.3754
370,2026-03-03,Lumber,SLVM,48.1662,32.6324,-48.3754
371,2026-03-04,Lumber,SLVM,48.1131,31.0448,-48.3754
372,2026-03-05,Lumber,SLVM,48.0601,29.4607,-48.3754
373,2026-03-06,Lumber,SLVM,48.0071,27.88,-48.3754
374,2026-03-07,Lumber,SLVM,47.9543,26.3027,-48.3754
375,2026-03-08,Lumber,SLVM,47.9014,24.7289,-48.3754
376,2026-03-09,Lumber,SLVM,47.8487,24.9673,-48.3754
377,2026-03-10,Lumber,SLVM,47.796,25.1964,-48.3754
378,2026-03-11,Lumber,SLVM,47.7433,25.4165,-48.3754
379,2026-03-12,Lumber,SLVM,47.6907,25.6281,-48.3754
380,2026-03-13,Lumber,SLVM,47.6382,25.8313,-48.3754
381,2026-03-14,Lumber,SLVM,47.5857,26.0264,-48.3754
382,2026-03-15,Lumber,SLVM,47.5333,26.2137,-48.3754
383,2026-03-16,Lumber,SLVM,47.4809,26.3936,-48.3754
384,2026-03-17,Lumber,SLVM,47.4286,26.5661,-48.3754
385,2026-03-18,Lumber,SLVM,47.3763,26.7317,-48.3754
386,2026-03-19,Lumber,SLVM,47.3242,26.8905,-48.3754
387,2026-03-20,Lumber,SLVM,47.272,27.0427,-48.3754
388,2026-03-21,Lumber,SLVM,47.2199,27.1886,-48.3754
389,2026-03-22,Lumber,SLVM,47.1679,27.3284,-48.3754
390,2026-03-23,Lumber,SLVM,47.116,27.4623,-48.3754
391,2026-03-24,Lumber,SLVM,47.0641,27.5905,-48.3754
392,2026-03-25,Lumber,SLVM,47.0122,27.7132,-48.3754
393,2026-03-26,Lumber,SLVM,46.9604,27.8306,-48.3754
394,2026-03-27,Lumber,SLVM,46.9087,27.9428,-48.3754
395,2026-03-28,Lumber,SLVM,46.857,28.0501,-48.3754
396,2026-03-29,Lumber,SLVM,46.8054,28.1526,-48.3754
397,2026-03-30,Lumber,SLVM,46.7538,28.2504,-48.3754
398,2026-03-31,Lumber,SLVM,46.7023,28.3438,-48.3754
399,2026-04-01,Lumber,SLVM,46.6509,28.4329,-48.3754
400,2026-04-02,Lumber,SLVM,46.5995,28.5178,-48.3754
401,2026-04-03,Lumber,SLVM,46.5481,28.5987,-48.3754
402,2026-04-04,Lumber,SLVM,46.4969,28.6756,-48.3754
403,2026-04-05,Lumber,SLVM,46.4456,28.7489,-48.3754
404,2026-04-06,Lumber,SLVM,46.3945,28.8185,-48.3754
405,2026-04-07,Lumber,SLVM,46.3434,28.8846,-48.3754
406,2026-04-08,Lumber,SLVM,46.2923,28.9473,-48.3754
407,2026-04-09,Lumber,SLVM,46.2413,29.0067,-48.3754
408,2026-04-10,Lumber,SLVM,46.1904,29.063,-48.3754
409,2026-04-11,Lumber,SLVM,46.1395,29.1162,-48.3754
410,2026-04-12,Lumber,SLVM,46.0887,29.1665,-48.3754
411,2026-04-13,Lumber,SLVM,46.0379,29.214,-48.3754
412,2026-04-14,Lumber,SLVM,45.9872,29.2587,-48.3754
413,2026-04-15,Lumber,SLVM,45.9365,29.3007,-48.3754
414,2026-04-16,Lumber,SLVM,45.8859,29.3402,-48.3754
415,2026-04-17,Lumber,SLVM,45.8354,29.3772,-48.3754
416,2026-04-18,Lumber,SLVM,45.7849,29.4119,-48.3754
417,2026-04-19,Lumber,SLVM,45.7344,29.4442,-48.3754
418,2026-04-20,Lumber,SLVM,45.684,29.4743,-48.3754
419,2026-04-21,Lumber,SLVM,45.6337,29.5022,-48.3754
420,2026-04-22,Lumber,SLVM,45.5835,29.5281,-48.3754
421,2026-04-23,Lumber,SLVM,45.5332,29.552,-48.3754
422,2026-04-24,Lumber,SLVM,45.4831,29.5739,-48.3754
423,2026-04-25,Lumber,SLVM,45.433,29.5939,-48.3754
424,2026-04-26,Lumber,SLVM,45.3829,29.6122,-48.3754
425,2026-04-27,Lumber,SLVM,45.3329,29.6287,-48.3754
426,2026-04-28,Lumber,SLVM,45.283,29.6436,-48.3754
427,2026-04-29,Lumber,SLVM,45.2331,29.6568,-48.3754
428,2026-04-30,Lumber,SLVM,45.1833,29.6684,-48.3754
429,2026-05-01,Lumber,SLVM,45.1335,29.6785,-48.3754
430,2026-05-02,Lumber,SLVM,45.0838,29.6872,-48.3754
431,2026-05-03,Lumber,SLVM,45.0341,29.6945,-48.3754
432,2026-05-04,Lumber,SLVM,44.9845,29.7004,-48.3754
433,2026-05-05,Lumber,SLVM,44.9349,29.705,-48.3754
434,2026-05-06,Lumber,SLVM,44.8854,29.7083,-48.3754
435,2026-05-07,Lumber,SLVM,44.836,29.7104,-48.3754
436,2026-05-08,Lumber,SLVM,44.7866,29.7113,-48.3754
437,2026-05-09,Lumber,SLVM,44.7373,29.7111,-48.3754
438,2026-05-10,Lumber,SLVM,44.688,29.7097,-48.3754
439,2026-05-11,Lumber,SLVM,44.6387,29.7074,-48.3754
440,2026-05-12,Lumber,SLVM,44.5896,29.7039,-48.3754
441,2026-05-13,Lumber,SLVM,44.5404,29.6995,-48.3754
442,2026-05-14,Lumber,SLVM,44.4914,29.6942,-48.3754
443,2026-05-15,Lumber,SLVM,44.4424,29.6879,-48.3754
444,2026-05-16,Lumber,SLVM,44.3934,29.6808,-48.3754
445,2026-05-17,Lumber,SLVM,44.3445,29.6727,-48.3754
446,2026-05-18,Lumber,SLVM,44.2957,29.6639,-48.3754
447,2026-05-19,Lumber,SLVM,44.2469,29.6542,-48.3754
448,2026-05-20,Lumber,SLVM,44.1981,29.6438,-48.3754
449,2026-05-21,Lumber,SLVM,44.1494,29.6327,-48.3754
450,2026-05-22,Lumber,SLVM,44.1008,29.6208,-48.3754
451,2026-02-22,Lumber,BCC,82.0481,79.402,-48.3754
452,2026-02-23,Lumber,BCC,81.9663,76.6794,-48.3754
453,2026-02-24,Lumber,BCC,81.8846,73.9622,-48.3754
454,2026-02-25,Lumber,BCC,81.803,71.2503,-48.3754
455,2026-02-26,Lumber,BCC,81.7214,68.5437,-48.3754
456,2026-02-27,Lumber,BCC,81.6399,65.8425,-48.3754
457,2026-02-28,Lumber,BCC,81.5585,63.1465,-48.3754
458,2026-03-01,Lumber,BCC,81.4772,60.4559,-48.3754
459,2026-03-02,Lumber,BCC,81.396,57.7706,-48.3754
460,2026-03-03,Lumber,BCC,81.3149,55.0906,-48.3754
461,2026-03-04,Lumber,BCC,81.2338,52.4159,-48.3754
462,2026-03-05,Lumber,BCC,81.1528,49.7464,-48.3754
463,2026-03-06,Lumber,BCC,81.0719,47.0822,-48.3754
464,2026-03-07,Lumber,BCC,80.9911,44.4233,-48.3754
465,2026-03-08,Lumber,BCC,80.9103,41.7696,-48.3754
466,2026-03-09,Lumber,BCC,80.8297,42.1767,-48.3754
467,2026-03-10,Lumber,BCC,80.7491,42.5681,-48.3754
468,2026-03-11,Lumber,BCC,80.6686,42.9446,-48.3754
469,2026-03-12,Lumber,BCC,80.5881,43.3065,-48.3754
470,2026-03-13,Lumber,BCC,80.5078,43.6544,-48.3754
471,2026-03-14,Lumber,BCC,80.4275,43.9888,-48.3754
472,2026-03-15,Lumber,BCC,80.3473,44.3101,-48.3754
473,2026-03-16,Lumber,BCC,80.2672,44.6188,-48.3754
474,2026-03-17,Lumber,BCC,80.1872,44.9152,-48.3754
475,2026-03-18,Lumber,BCC,80.1073,45.1998,-48.3754
476,2026-03-19,Lumber,BCC,80.0274,45.4731,-48.3754
477,2026-03-20,Lumber,BCC,79.9476,45.7353,-48.3754
478,2026-03-21,Lumber,BCC,79.8679,45.9868,-48.3754
479,2026-03-22,Lumber,BCC,79.7883,46.2281,-48.3754
480,2026-03-23,Lumber,BCC,79.7087,46.4595,-48.3754
481,2026-03-24,Lumber,BCC,79.6293,46.6813,-48.3754
482,2026-03-25,Lumber,BCC,79.5499,46.8938,-48.3754
483,2026-03-26,Lumber,BCC,79.4706,47.0973,-48.3754
484,2026-03-27,Lumber,BCC,79.3914,47.2922,-48.3754
485,2026-03-28,Lumber,BCC,79.3122,47.4788,-48.3754
486,2026-03-29,Lumber,BCC,79.2331,47.6572,-48.3754
487,2026-03-30,Lumber,BCC,79.1541,47.8279,-48.3754
488,2026-03-31,Lumber,BCC,79.0752,47.991,-48.3754
489,2026-04-01,Lumber,BCC,78.9964,48.1469,-48.3754
490,2026-04-02,Lumber,BCC,78.9176,48.2957,-48.3754
491,2026-04-03,Lumber,BCC,78.839,48.4378,-48.3754
492,2026-04-04,Lumber,BCC,78.7604,48.5732,-48.3754
493,2026-04-05,Lumber,BCC,78.6818,48.7024,-48.3754
494,2026-04-06,Lumber,BCC,78.6034,48.8254,-48.3754
495,2026-04-07,Lumber,BCC,78.525,48.9425,-48.3754
496,2026-04-08,Lumber,BCC,78.4467,49.0539,-48.3754
497,2026-04-09,Lumber,BCC,78.3685,49.1598,-48.3754
498,2026-04-10,Lumber,BCC,78.2904,49.2603,-48.3754
499,2026-04-11,Lumber,BCC,78.2123,49.3557,-48.3754
500,2026-04-12,Lumber,BCC,78.1344,49.4462,-48.3754
501,2026-04-13,Lumber,BCC,78.0565,49.5318,-48.3754
502,2026-04-14,Lumber,BCC,77.9787,49.6128,-48.3754
503,2026-04-15,Lumber,BCC,77.9009,49.6893,-48.3754
504,2026-04-16,Lumber,BCC,77.8232,49.7615,-48.3754
505,2026-04-17,Lumber,BCC,77.7457,49.8295,-48.3754
506,2026-04-18,Lumber,BCC,77.6681,49.8934,-48.3754
507,2026-04-19,Lumber,BCC,77.5907,49.9535,-48.3754
508,2026-04-20,Lumber,BCC,77.5134,50.0098,-48.3754
509,2026-04-21,Lumber,BCC,77.4361,50.0625,-48.3754
510,2026-04-22,Lumber,BCC,77.3589,50.1116,-48.3754
511,2026-04-23,Lumber,BCC,77.2818,50.1574,-48.3754
512,2026-04-24,Lumber,BCC,77.2047,50.1998,-48.3754
513,2026-04-25,Lumber,BCC,77.1277,50.2392,-48.3754
514,2026-04-26,Lumber,BCC,77.0508,50.2754,-48.3754
515,2026-04-27,Lumber,BCC,76.974,50.3087,-48.3754
516,2026-04-28,Lumber,BCC,76.8973,50.3392,-48.3754
517,2026-04-29,Lumber,BCC,76.8206,50.3669,-48.3754
518,2026-04-30,Lumber,BCC,76.744,50.392,-48.3754
519,2026-05-01,Lumber,BCC,76.6675,50.4145,-48.3754
520,2026-05-02,Lumber,BCC,76.5911,50.4345,-48.3754
521,2026-05-03,Lumber,BCC,76.5147,50.4521,-48.3754
522,2026-05-04,Lumber,BCC,76.4384,50.4674,-48.3754
523,2026-05-05,Lumber,BCC,76.3622,50.4805,-48.3754
524,2026-05-06,Lumber,BCC,76.2861,50.4914,-48.3754
525,2026-05-07,Lumber,BCC,76.2101,50.5003,-48.3754
526,2026-05-08,Lumber,BCC,76.1341,50.5071,-48.3754
527,2026-05-09,Lumber,BCC,76.0582,50.512,-48.3754
528,2026-05-10,Lumber,BCC,75.9823,50.5151,-48.3754
529,2026-05-11,Lumber,BCC,75.9066,50.5163,-48.3754
530,2026-05-12,Lumber,BCC,75.8309,50.5158,-48.3754
531,2026-05-13,Lumber,BCC,75.7553,50.5136,-48.3754
532,2026-05-14,Lumber,BCC,75.6798,50.5098,-48.3754
533,2026-05-15,Lumber,BCC,75.6043,50.5044,-48.3754
534,2026-05-16,Lumber,BCC,75.529,50.4975,-48.3754
535,2026-05-17,Lumber,BCC,75.4537,50.4892,-48.3754
536,2026-05-18,Lumber,BCC,75.3784,50.4794,-48.3754
537,2026-05-19,Lumber,BCC,75.3033,50.4683,-48.3754
538,2026-05-20,Lumber,BCC,75.2282,50.4558,-48.3754
539,2026-05-21,Lumber,BCC,75.1532,50.4421,-48.3754
540,2026-05-22,Lumber,BCC,75.0783,50.4272,-48.3754
541,2026-02-22,Lumber,LPX,81.2225,78.6031,-48.3754
542,2026-02-23,Lumber,LPX,81.1651,75.9299,-48.3754
543,2026-02-24,Lumber,LPX,81.1077,73.2604,-48.3754
544,2026-02-25,Lumber,LPX,81.0503,70.5947,-48.3754
545,2026-02-26,Lumber,LPX,80.993,67.9327,-48.3754
546,2026-02-27,Lumber,LPX,80.9357,65.2745,-48.3754
547,2026-02-28,Lumber,LPX,80.8784,62.62,-48.3754
548,2026-03-01,Lumber,LPX,80.8212,59.9692,-48.3754
549,2026-03-02,Lumber,LPX,80.7641,57.3221,-48.3754
550,2026-03-03,Lumber,LPX,80.707,54.6788,-48.3754
551,2026-03-04,Lumber,LPX,80.6499,52.0391,-48.3754
552,2026-03-05,Lumber,LPX,80.5928,49.4032,-48.3754
553,2026-03-06,Lumber,LPX,80.5358,46.7709,-48.3754
554,2026-03-07,Lumber,LPX,80.4789,44.1424,-48.3754
555,2026-03-08,Lumber,LPX,80.422,41.5175,-48.3754
556,2026-03-09,Lumber,LPX,80.3651,41.9342,-48.3754
557,2026-03-10,Lumber,LPX,80.3082,42.3357,-48.3754
558,2026-03-11,Lumber,LPX,80.2514,42.7225,-48.3754
559,2026-03-12,Lumber,LPX,80.1947,43.0951,-48.3754
560,2026-03-13,Lumber,LPX,80.138,43.4539,-48.3754
561,2026-03-14,Lumber,LPX,80.0813,43.7995,-48.3754
562,2026-03-15,Lumber,LPX,80.0246,44.1322,-48.3754
563,2026-03-16,Lumber,LPX,79.968,44.4524,-48.3754
564,2026-03-17,Lumber,LPX,79.9115,44.7607,-48.3754
565,2026-03-18,Lumber,LPX,79.855,45.0575,-48.3754
566,2026-03-19,Lumber,LPX,79.7985,45.343,-48.3754
567,2026-03-20,Lumber,LPX,79.7421,45.6177,-48.3754
568,2026-03-21,Lumber,LPX,79.6857,45.8819,-48.3754
569,2026-03-22,Lumber,LPX,79.6293,46.136,-48.3754
570,2026-03-23,Lumber,LPX,79.573,46.3804,-48.3754
571,2026-03-24,Lumber,LPX,79.5167,46.6153,-48.3754
572,2026-03-25,Lumber,LPX,79.4605,46.8411,-48.3754
573,2026-03-26,Lumber,LPX,79.4043,47.058,-48.3754
574,2026-03-27,Lumber,LPX,79.3481,47.2665,-48.3754
575,2026-03-28,Lumber,LPX,79.292,47.4667,-48.3754
576,2026-03-29,Lumber,LPX,79.2359,47.6589,-48.3754
577,2026-03-30,Lumber,LPX,79.1799,47.8434,-48.3754
578,2026-03-31,Lumber,LPX,79.1239,48.0206,-48.3754
579,2026-04-01,Lumber,LPX,79.0679,48.1905,-48.3754
580,2026-04-02,Lumber,LPX,79.012,48.3535,-48.3754
581,2026-04-03,Lumber,LPX,78.9561,48.5097,-48.3754
582,2026-04-04,Lumber,LPX,78.9003,48.6595,-48.3754
583,2026-04-05,Lumber,LPX,78.8444,48.803,-48.3754
584,2026-04-06,Lumber,LPX,78.7887,48.9405,-48.3754
585,2026-04-07,Lumber,LPX,78.733,49.0721,-48.3754
586,2026-04-08,Lumber,LPX,78.6773,49.1981,-48.3754
587,2026-04-09,Lumber,LPX,78.6216,49.3186,-48.3754
588,2026-04-10,Lumber,LPX,78.566,49.4338,-48.3754
589,2026-04-11,Lumber,LPX,78.5105,49.5439,-48.3754
590,2026-04-12,Lumber,LPX,78.4549,49.649,-48.3754
591,2026-04-13,Lumber,LPX,78.3994,49.7494,-48.3754
592,2026-04-14,Lumber,LPX,78.344,49.8452,-48.3754
593,2026-04-15,Lumber,LPX,78.2886,49.9366,-48.3754
594,2026-04-16,Lumber,LPX,78.2332,50.0236,-48.3754
595,2026-04-17,Lumber,LPX,78.1779,50.1065,-48.3754
596,2026-04-18,Lumber,LPX,78.1226,50.1854,-48.3754
597,2026-04-19,Lumber,LPX,78.0673,50.2603,-48.3754
598,2026-04-20,Lumber,LPX,78.0121,50.3316,-48.3754
599,2026-04-21,Lumber,LPX,77.9569,50.3992,-48.3754
600,2026-04-22,Lumber,LPX,77.9018,50.4633,-48.3754
601,2026-04-23,Lumber,LPX,77.8467,50.524,-48.3754
602,2026-04-24,Lumber,LPX,77.7917,50.5815,-48.3754
603,2026-04-25,Lumber,LPX,77.7366,50.6358,-48.3754
604,2026-04-26,Lumber,LPX,77.6817,50.687,-48.3754
605,2026-04-27,Lumber,LPX,77.6267,50.7353,-48.3754
606,2026-04-28,Lumber,LPX,77.5718,50.7808,-48.3754
607,2026-04-29,Lumber,LPX,77.5169,50.8234,-48.3754
608,2026-04-30,Lumber,LPX,77.4621,50.8635,-48.3754
609,2026-05-01,Lumber,LPX,77.4073,50.9009,-48.3754
610,2026-05-02,Lumber,LPX,77.3526,50.9359,-48.3754
611,2026-05-03,Lumber,LPX,77.2979,50.9685,-48.3754
612,2026-05-04,Lumber,LPX,77.2432,50.9987,-48.3754
613,2026-05-05,Lumber,LPX,77.1886,51.0268,-48.3754
614,2026-05-06,Lumber,LPX,77.134,51.0526,-48.3754
615,2026-05-07,Lumber,LPX,77.0794,51.0764,-48.3754
616,2026-05-08,Lumber,LPX,77.0249,51.0981,-48.3754
617,2026-05-09,Lumber,LPX,76.9704,51.1179,-48.3754
618,2026-05-10,Lumber,LPX,76.916,51.1358,-48.3754
619,2026-05-11,Lumber,LPX,76.8616,51.1519,-48.3754
620,2026-05-12,Lumber,LPX,76.8072,51.1662,-48.3754
621,2026-05-13,Lumber,LPX,76.7529,51.1788,-48.3754
622,2026-05-14,Lumber,LPX,76.6986,51.1898,-48.3754
623,2026-05-15,Lumber,LPX,76.6444,51.1992,-48.3754
624,2026-05-16,Lumber,LPX,76.5902,51.207,-48.3754
625,2026-05-17,Lumber,LPX,76.536,51.2134,-48.3754
626,2026-05-18,Lumber,LPX,76.4819,51.2183,-48.3754
627,2026-05-19,Lumber,LPX,76.4278,51.2219,-48.3754
628,2026-05-20,Lumber,LPX,76.3737,51.2241,-48.3754
629,2026-05-21,Lumber,LPX,76.3197,51.2251,-48.3754
630,2026-05-22,Lumber,LPX,76.2657,51.2248,-48.3754
631,2026-02-22,Lumber,UFP,100.0219,96.7962,-48.3754
632,2026-02-23,Lumber,UFP,100.0438,93.5909,-48.3754
633,2026-02-24,Lumber,UFP,100.0657,90.3843,-48.3754
634,2026-02-25,Lumber,UFP,100.0876,87.1762,-48.3754
635,2026-02-26,Lumber,UFP,100.1096,83.9668,-48.3754
636,2026-02-27,Lumber,UFP,100.1315,80.7559,-48.3754
637,2026-02-28,Lumber,UFP,100.1534,77.5436,-48.3754
638,2026-03-01,Lumber,UFP,100.1754,74.3299,-48.3754
639,2026-03-02,Lumber,UFP,100.1973,71.1148,-48.3754
640,2026-03-03,Lumber,UFP,100.2193,67.8983,-48.3754
641,2026-03-04,Lumber,UFP,100.2412,64.6804,-48.3754
642,2026-03-05,Lumber,UFP,100.2632,61.461,-48.3754
643,2026-03-06,Lumber,UFP,100.2851,58.2402,-48.3754
644,2026-03-07,Lumber,UFP,100.3071,55.0181,-48.3754
645,2026-03-08,Lumber,UFP,100.3291,51.7945,-48.3754
646,2026-03-09,Lumber,UFP,100.3511,52.3629,-48.3754
647,2026-03-10,Lumber,UFP,100.373,52.9132,-48.3754
648,2026-03-11,Lumber,UFP,100.395,53.4461,-48.3754
649,2026-03-12,Lumber,UFP,100.417,53.9622,-48.3754
650,2026-03-13,Lumber,UFP,100.439,54.4619,-48.3754
651,2026-03-14,Lumber,UFP,100.461,54.9459,-48.3754
652,2026-03-15,Lumber,UFP,100.483,55.4146,-48.3754
653,2026-03-16,Lumber,UFP,100.505,55.8685,-48.3754
654,2026-03-17,Lumber,UFP,100.5271,56.3081,-48.3754
655,2026-03-18,Lumber,UFP,100.5491,56.7339,-48.3754
656,2026-03-19,Lumber,UFP,100.5711,57.1464,-48.3754
657,2026-03-20,Lumber,UFP,100.5931,57.5458,-48.3754
658,2026-03-21,Lumber,UFP,100.6152,57.9328,-48.3754
659,2026-03-22,Lumber,UFP,100.6372,58.3077,-48.3754
660,2026-03-23,Lumber,UFP,100.6592,58.6708,-48.3754
661,2026-03-24,Lumber,UFP,100.6813,59.0227,-48.3754
662,2026-03-25,Lumber,UFP,100.7034,59.3635,-48.3754
663,2026-03-26,Lumber,UFP,100.7254,59.6938,-48.3754
664,2026-03-27,Lumber,UFP,100.7475,60.0137,-48.3754
665,2026-03-28,Lumber,UFP,100.7695,60.3238,-48.3754
666,2026-03-29,Lumber,UFP,100.7916,60.6243,-48.3754
667,2026-03-30,Lumber,UFP,100.8137,60.9154,-48.3754
668,2026-03-31,Lumber,UFP,100.8358,61.1976,-48.3754
669,2026-04-01,Lumber,UFP,100.8579,61.4711,-48.3754
670,2026-04-02,Lumber,UFP,100.88,61.7362,-48.3754
671,2026-04-03,Lumber,UFP,100.9021,61.9931,-48.3754
672,2026-04-04,Lumber,UFP,100.9242,62.2422,-48.3754
673,2026-04-05,Lumber,UFP,100.9463,62.4836,-48.3754
674,2026-04-06,Lumber,UFP,100.9684,62.7177,-48.3754
675,2026-04-07,Lumber,UFP,100.9905,62.9446,-48.3754
676,2026-04-08,Lumber,UFP,101.0126,63.1647,-48.3754
677,2026-04-09,Lumber,UFP,101.0347,63.3781,-48.3754
678,2026-04-10,Lumber,UFP,101.0569,63.585,-48.3754
679,2026-04-11,Lumber,UFP,101.079,63.7857,-48.3754
680,2026-04-12,Lumber,UFP,101.1012,63.9804,-48.3754
681,2026-04-13,Lumber,UFP,101.1233,64.1692,-48.3754
682,2026-04-14,Lumber,UFP,101.1455,64.3523,-48.3754
683,2026-04-15,Lumber,UFP,101.1676,64.53,-48.3754
684,2026-04-16,Lumber,UFP,101.1898,64.7024,-48.3754
685,2026-04-17,Lumber,UFP,101.2119,64.8697,-48.3754
686,2026-04-18,Lumber,UFP,101.2341,65.032,-48.3754
687,2026-04-19,Lumber,UFP,101.2563,65.1896,-48.3754
688,2026-04-20,Lumber,UFP,101.2785,65.3425,-48.3754
689,2026-04-21,Lumber,UFP,101.3007,65.4909,-48.3754
690,2026-04-22,Lumber,UFP,101.3228,65.635,-48.3754
691,2026-04-23,Lumber,UFP,101.345,65.7749,-48.3754
692,2026-04-24,Lumber,UFP,101.3672,65.9107,-48.3754
693,2026-04-25,Lumber,UFP,101.3894,66.0426,-48.3754
694,2026-04-26,Lumber,UFP,101.4117,66.1708,-48.3754
695,2026-04-27,Lumber,UFP,101.4339,66.2952,-48.3754
696,2026-04-28,Lumber,UFP,101.4561,66.4161,-48.3754
697,2026-04-29,Lumber,UFP,101.4783,66.5336,-48.3754
698,2026-04-30,Lumber,UFP,101.5005,66.6477,-48.3754
699,2026-05-01,Lumber,UFP,101.5228,66.7586,-48.3754
700,2026-05-02,Lumber,UFP,101.545,66.8664,-48.3754
701,2026-05-03,Lumber,UFP,101.5673,66.9712,-48.3754
702,2026-05-04,Lumber,UFP,101.5895,67.073,-48.3754
703,2026-05-05,Lumber,UFP,101.6118,67.1721,-48.3754
704,2026-05-06,Lumber,UFP,101.634,67.2684,-48.3754
705,2026-05-07,Lumber,UFP,101.6563,67.3621,-48.3754
706,2026-05-08,Lumber,UFP,101.6785,67.4532,-48.3754
707,2026-05-09,Lumber,UFP,101.7008,67.5419,-48.3754
708,2026-05-10,Lumber,UFP,101.7231,67.6282,-48.3754
709,2026-05-11,Lumber,UFP,101.7454,67.7122,-48.3754
710,2026-05-12,Lumber,UFP,101.7677,67.7939,-48.3754
711,2026-05-13,Lumber,UFP,101.79,67.8735,-48.3754
712,2026-05-14,Lumber,UFP,101.8123,67.951,-48.3754
713,2026-05-15,Lumber,UFP,101.8346,68.0264,-48.3754
714,2026-05-16,Lumber,UFP,101.8569,68.0999,-48.3754
715,2026-05-17,Lumber,UFP,101.8792,68.1716,-48.3754
716,2026-05-18,Lumber,UFP,101.9015,68.2413,-48.3754
717,2026-05-19,Lumber,UFP,101.9238,68.3094,-48.3754
718,2026-05-20,Lumber,UFP,101.9461,68.3756,-48.3754
719,2026-05-21,Lumber,UFP,101.9685,68.4403,-48.3754
720,2026-05-22,Lumber,UFP,101.9908,68.5033,-48.3754
721,2026-02-22,Lumber,BECN,100.0219,96.7962,-48.3754
722,2026-02-23,Lumber,BECN,100.0438,93.5909,-48.3754
723,2026-02-24,Lumber,BECN,100.0657,90.3843,-48.3754
724,2026-02-25,Lumber,BECN,100.0876,87.1762,-48.3754
725,2026-02-26,Lumber,BECN,100.1096,83.9668,-48.3754
726,2026-02-27,Lumber,BECN,100.1315,80.7559,-48.3754
727,2026-02-28,Lumber,BECN,100.1534,77.5436,-48.3754
728,2026-03-01,Lumber,BECN,100.1754,74.3299,-48.3754
729,2026-03-02,Lumber,BECN,100.1973,71.1148,-48.3754
730,2026-03-03,Lumber,BECN,100.2193,67.8983,-48.3754
731,2026-03-04,Lumber,BECN,100.2412,64.6804,-48.3754
732,2026-03-05,Lumber,BECN,100.2632,61.461,-48.3754
733,2026-03-06,Lumber,BECN,100.2851,58.2402,-48.3754
734,2026-03-07,Lumber,BECN,100.3071,55.0181,-48.3754
735,2026-03-08,Lumber,BECN,100.3291,51.7945,-48.3754
736,2026-03-09,Lumber,BECN,100.3511,52.3629,-48.3754
737,2026-03-10,Lumber,BECN,100.373,52.9132,-48.3754
738,2026-03-11,Lumber,BECN,100.395,53.4461,-48.3754
739,2026-03-12,Lumber,BECN,100.417,53.9622,-48.3754
740,2026-03-13,Lumber,BECN,100.439,54.4619,-48.3754
741,2026-03-14,Lumber,BECN,100.461,54.9459,-48.3754
742,2026-03-15,Lumber,BECN,100.483,55.4146,-48.3754
743,2026-03-16,Lumber,BECN,100.505,55.8685,-48.3754
744,2026-03-17,Lumber,BECN,100.5271,56.3081,-48.3754
745,2026-03-18,Lumber,BECN,100.5491,56.7339,-48.3754
746,2026-03-19,Lumber,BECN,100.5711,57.1464,-48.3754
747,2026-03-20,Lumber,BECN,100.5931,57.5458,-48.3754
748,2026-03-21,Lumber,BECN,100.6152,57.9328,-48.3754
749,2026-03-22,Lumber,BECN,100.6372,58.3077,-48.3754
750,2026-03-23,Lumber,BECN,100.6592,58.6708,-48.3754
751,2026-03-24,Lumber,BECN,100.6813,59.0227,-48.3754
752,2026-03-25,Lumber,BECN,100.7034,59.3635,-48.3754
753,2026-03-26,Lumber,BECN,100.7254,59.6938,-48.3754
754,2026-03-27,Lumber,BECN,100.7475,60.0137,-48.3754
755,2026-03-28,Lumber,BECN,100.7695,60.3238,-48.3754
756,2026-03-29,Lumber,BECN,100.7916,60.6243,-48.3754
757,2026-03-30,Lumber,BECN,100.8137,60.9154,-48.3754
758,2026-03-31,Lumber,BECN,100.8358,61.1976,-48.3754
759,2026-04-01,Lumber,BECN,100.8579,61.4711,-48.3754
760,2026-04-02,Lumber,BECN,100.88,61.7362,-48.3754
761,2026-04-03,Lumber,BECN,100.9021,61.9931,-48.3754
762,2026-04-04,Lumber,BECN,100.9242,62.2422,-48.3754
763,2026-04-05,Lumber,BECN,100.9463,62.4836,-48.3754
764,2026-04-06,Lumber,BECN,100.9684,62.7177,-48.3754
765,2026-04-07,Lumber,BECN,100.9905,62.9446,-48.3754
766,2026-04-08,Lumber,BECN,101.0126,63.1647,-48.3754
767,2026-04-09,Lumber,BECN,101.0347,63.3781,-48.3754
768,2026-04-10,Lumber,BECN,101.0569,63.585,-48.3754
769,2026-04-11,Lumber,BECN,101.079,63.7857,-48.3754
770,2026-04-12,Lumber,BECN,101.1012,63.9804,-48.3754
771,2026-04-13,Lumber,BECN,101.1233,64.1692,-48.3754
772,2026-04-14,Lumber,BECN,101.1455,64.3523,-48.3754
773,2026-04-15,Lumber,BECN,101.1676,64.53,-48.3754
774,2026-04-16,Lumber,BECN,101.1898,64.7024,-48.3754
775,2026-04-17,Lumber,BECN,101.2119,64.8697,-48.3754
776,2026-04-18,Lumber,BECN,101.2341,65.032,-48.3754
777,2026-04-19,Lumber,BECN,101.2563,65.1896,-48.3754
778,2026-04-20,Lumber,BECN,101.2785,65.3425,-48.3754
779,2026-04-21,Lumber,BECN,101.3007,65.4909,-48.3754
780,2026-04-22,Lumber,BECN,101.3228,65.635,-48.3754
781,2026-04-23,Lumber,BECN,101.345,65.7749,-48.3754
782,2026-04-24,Lumber,BECN,101.3672,65.9107,-48.3754
783,2026-04-25,Lumber,BECN,101.3894,66.0426,-48.3754
784,2026-04-26,Lumber,BECN,101.4117,66.1708,-48.3754
785,2026-04-27,Lumber,BECN,101.4339,66.2952,-48.3754
786,2026-04-28,Lumber,BECN,101.4561,66.4161,-48.3754
787,2026-04-29,Lumber,BECN,101.4783,66.5336,-48.3754
788,2026-04-30,Lumber,BECN,101.5005,66.6477,-48.3754
789,2026-05-01,Lumber,BECN,101.5228,66.7586,-48.3754
790,2026-05-02,Lumber,BECN,101.545,66.8664,-48.3754
791,2026-05-03,Lumber,BECN,101.5673,66.9712,-48.3754
792,2026-05-04,Lumber,BECN,101.5895,67.073,-48.3754
793,2026-05-05,Lumber,BECN,101.6118,67.1721,-48.3754
794,2026-05-06,Lumber,BECN,101.634,67.2684,-48.3754
795,2026-05-07,Lumber,BECN,101.6563,67.3621,-48.3754
796,2026-05-08,Lumber,BECN,101.6785,67.4532,-48.3754
797,2026-05-09,Lumber,BECN,101.7008,67.5419,-48.3754
798,2026-05-10,Lumber,BECN,101.7231,67.6282,-48.3754
799,2026-05-11,Lumber,BECN,101.7454,67.7122,-48.3754
800,2026-05-12,Lumber,BECN,101.7677,67.7939,-48.3754
801,2026-05-13,Lumber,BECN,101.79,67.8735,-48.3754
802,2026-05-14,Lumber,BECN,101.8123,67.951,-48.3754
803,2026-05-15,Lumber,BECN,101.8346,68.0264,-48.3754
804,2026-05-16,Lumber,BECN,101.8569,68.0999,-48.3754
805,2026-05-17,Lumber,BECN,101.8792,68.1716,-48.3754
806,2026-05-18,Lumber,BECN,101.9015,68.2413,-48.3754
807,2026-05-19,Lumber,BECN,101.9238,68.3094,-48.3754
808,2026-05-20,Lumber,BECN,101.9461,68.3756,-48.3754
809,2026-05-21,Lumber,BECN,101.9685,68.4403,-48.3754
810,2026-05-22,Lumber,BECN,101.9908,68.5033,-48.3754
811,2026-02-22,Lumber,IBP,325.8932,315.383,-48.3754
812,2026-02-23,Lumber,IBP,326.357,305.3068,-48.3754
813,2026-02-24,Lumber,IBP,326.8215,295.2012,-48.3754
814,2026-02-25,Lumber,IBP,327.2866,285.0663,-48.3754
815,2026-02-26,Lumber,IBP,327.7525,274.9019,-48.3754
816,2026-02-27,Lumber,IBP,328.2189,264.708,-48.3754
817,2026-02-28,Lumber,IBP,328.6861,254.4846,-48.3754
818,2026-03-01,Lumber,IBP,329.1539,244.2315,-48.3754
819,2026-03-02,Lumber,IBP,329.6224,233.9487,-48.3754
820,2026-03-03,Lumber,IBP,330.0915,223.6361,-48.3754
821,2026-03-04,Lumber,IBP,330.5613,213.2937,-48.3754
822,2026-03-05,Lumber,IBP,331.0318,202.9214,-48.3754
823,2026-03-06,Lumber,IBP,331.5029,192.5192,-48.3754
824,2026-03-07,Lumber,IBP,331.9747,182.0869,-48.3754
825,2026-03-08,Lumber,IBP,332.4472,171.6245,-48.3754
826,2026-03-09,Lumber,IBP,332.9204,173.7168,-48.3754
827,2026-03-10,Lumber,IBP,333.3942,175.7539,-48.3754
828,2026-03-11,Lumber,IBP,333.8687,177.7378,-48.3754
829,2026-03-12,Lumber,IBP,334.3439,179.67,-48.3754
830,2026-03-13,Lumber,IBP,334.8198,181.5523,-48.3754
831,2026-03-14,Lumber,IBP,335.2963,183.3861,-48.3754
832,2026-03-15,Lumber,IBP,335.7735,185.173,-48.3754
833,2026-03-16,Lumber,IBP,336.2514,186.9146,-48.3754
834,2026-03-17,Lumber,IBP,336.73,188.6123,-48.3754
835,2026-03-18,Lumber,IBP,337.2092,190.2673,-48.3754
836,2026-03-19,Lumber,IBP,337.6892,191.8812,-48.3754
837,2026-03-20,Lumber,IBP,338.1698,193.4552,-48.3754
838,2026-03-21,Lumber,IBP,338.6511,194.9906,-48.3754
839,2026-03-22,Lumber,IBP,339.1331,196.4886,-48.3754
840,2026-03-23,Lumber,IBP,339.6158,197.9504,-48.3754
841,2026-03-24,Lumber,IBP,340.0991,199.3772,-48.3754
842,2026-03-25,Lumber,IBP,340.5832,200.77,-48.3754
843,2026-03-26,Lumber,IBP,341.0679,202.13,-48.3754
844,2026-03-27,Lumber,IBP,341.5533,203.4581,-48.3754
845,2026-03-28,Lumber,IBP,342.0395,204.7555,-48.3754
846,2026-03-29,Lumber,IBP,342.5263,206.0231,-48.3754
847,2026-03-30,Lumber,IBP,343.0138,207.2618,-48.3754
848,2026-03-31,Lumber,IBP,343.502,208.4726,-48.3754
849,2026-04-01,Lumber,IBP,343.9909,209.6563,-48.3754
850,2026-04-02,Lumber,IBP,344.4805,210.8139,-48.3754
851,2026-04-03,Lumber,IBP,344.9707,211.9461,-48.3754
852,2026-04-04,Lumber,IBP,345.4617,213.0538,-48.3754
853,2026-04-05,Lumber,IBP,345.9534,214.1378,-48.3754
854,2026-04-06,Lumber,IBP,346.4458,215.1988,-48.3754
855,2026-04-07,Lumber,IBP,346.9389,216.2376,-48.3754
856,2026-04-08,Lumber,IBP,347.4327,217.2548,-48.3754
857,2026-04-09,Lumber,IBP,347.9271,218.2512,-48.3754
858,2026-04-10,Lumber,IBP,348.4223,219.2274,-48.3754
859,2026-04-11,Lumber,IBP,348.9182,220.1841,-48.3754
860,2026-04-12,Lumber,IBP,349.4148,221.1219,-48.3754
861,2026-04-13,Lumber,IBP,349.9121,222.0415,-48.3754
862,2026-04-14,Lumber,IBP,350.4102,222.9433,-48.3754
863,2026-04-15,Lumber,IBP,350.9089,223.8281,-48.3754
864,2026-04-16,Lumber,IBP,351.4083,224.6963,-48.3754
865,2026-04-17,Lumber,IBP,351.9085,225.5484,-48.3754
866,2026-04-18,Lumber,IBP,352.4093,226.3851,-48.3754
867,2026-04-19,Lumber,IBP,352.9109,227.2067,-48.3754
868,2026-04-20,Lumber,IBP,353.4132,228.0138,-48.3754
869,2026-04-21,Lumber,IBP,353.9162,228.8069,-48.3754
870,2026-04-22,Lumber,IBP,354.4199,229.5864,-48.3754
871,2026-04-23,Lumber,IBP,354.9243,230.3528,-48.3754
872,2026-04-24,Lumber,IBP,355.4295,231.1064,-48.3754
873,2026-04-25,Lumber,IBP,355.9353,231.8477,-48.3754
874,2026-04-26,Lumber,IBP,356.4419,232.5772,-48.3754
875,2026-04-27,Lumber,IBP,356.9492,233.2951,-48.3754
876,2026-04-28,Lumber,IBP,357.4573,234.0019,-48.3754
877,2026-04-29,Lumber,IBP,357.966,234.6979,-48.3754
878,2026-04-30,Lumber,IBP,358.4755,235.3836,-48.3754
879,2026-05-01,Lumber,IBP,358.9857,236.0591,-48.3754
880,2026-05-02,Lumber,IBP,359.4966,236.725,-48.3754
881,2026-05-03,Lumber,IBP,360.0083,237.3814,-48.3754
882,2026-05-04,Lumber,IBP,360.5207,238.0287,-48.3754
883,2026-05-05,Lumber,IBP,361.0338,238.6672,-48.3754
884,2026-05-06,Lumber,IBP,361.5476,239.2972,-48.3754
885,2026-05-07,Lumber,IBP,362.0622,239.919,-48.3754
886,2026-05-08,Lumber,IBP,362.5775,240.5328,-48.3754
887,2026-05-09,Lumber,IBP,363.0936,241.139,-48.3754
888,2026-05-10,Lumber,IBP,363.6104,241.7377,-48.3754
889,2026-05-11,Lumber,IBP,364.1279,242.3293,-48.3754
890,2026-05-12,Lumber,IBP,364.6461,242.9139,-48.3754
891,2026-05-13,Lumber,IBP,365.1651,243.4919,-48.3754
892,2026-05-14,Lumber,IBP,365.6848,244.0633,-48.3754
893,2026-05-15,Lumber,IBP,366.2053,244.6285,-48.3754
894,2026-05-16,Lumber,IBP,366.7265,245.1877,-48.3754
895,2026-05-17,Lumber,IBP,367.2484,245.7411,-48.3754
896,2026-05-18,Lumber,IBP,367.7711,246.2888,-48.3754
897,2026-05-19,Lumber,IBP,368.2946,246.8311,-48.3754
898,2026-05-20,Lumber,IBP,368.8187,247.3681,-48.3754
899,2026-05-21,Lumber,IBP,369.3437,247.9,-48.3754
900,2026-05-22,Lumber,IBP,369.8693,248.4271,-48.3754
