date,ZIM_baseline,ZIM_impacted,MATX_baseline,MATX_impacted,KEX_baseline,KEX_impacted,STNG_baseline,STNG_impacted,FRO_baseline,FRO_impacted,INSW_baseline,INSW_impacted,TEN_baseline,TEN_impacted,DHT_baseline,DHT_impacted,NAT_baseline,NAT_impacted,ESEA_baseline,ESEA_impacted,GSL_baseline,GSL_impacted,DAC_baseline,DAC_impacted,CMRE_baseline,CMRE_impacted,SFL_baseline,SFL_impacted,GOGL_baseline,GOGL_impacted,TRMD_baseline,TRMD_impacted,TNP_baseline,TNP_impacted,SBLK_baseline,SBLK_impacted,GNK_baseline,GNK_impacted,HAFNI_baseline,HAFNI_impacted
2026-02-22,29.3228,28.3768,167.8249,162.4102,131.0092,126.7824,71.7083,69.3947,34.7769,33.6549,67.5652,65.3853,31.1854,30.1793,17.4707,16.907,4.9369,4.7776,61.007,59.0387,40.3271,39.026,110.0733,106.522,17.204,16.6489,10.7409,10.3944,100.0219,96.7948,27.4901,26.6032,100.0219,96.7948,25.2734,24.458,23.9928,23.2187,100.0219,96.7948
2026-02-23,29.3758,27.4802,167.8998,157.0657,131.0785,122.6203,71.7566,67.1263,34.8339,32.5862,67.6606,63.2946,31.2209,29.2063,17.4914,16.3627,4.9438,4.6248,61.1343,57.1895,40.3942,37.7877,110.1667,103.058,17.218,16.107,10.7418,10.0487,100.0438,93.5883,27.5102,25.735,100.0438,93.5883,25.3068,23.6738,24.0256,22.4753,100.0438,93.5883
2026-02-24,29.4288,26.5804,167.9748,151.7163,131.1477,118.4538,71.8049,64.8548,34.891,31.5139,67.756,61.1979,31.2564,28.231,17.5121,15.8171,4.9507,4.4716,61.2618,55.3323,40.4615,36.5452,110.2602,99.588,17.2321,15.5642,10.7427,9.7029,100.0657,90.3803,27.5303,24.8656,100.0657,90.3803,25.3403,22.8876,24.0585,21.7298,100.0657,90.3803
2026-02-25,29.4819,25.6772,168.0497,146.3621,131.2171,114.2829,71.8533,62.5803,34.9482,30.438,67.8516,59.0951,31.2919,27.2535,17.5328,15.2701,4.9577,4.3179,61.3897,53.467,40.5289,35.2984,110.3538,96.1121,17.2461,15.0204,10.7436,9.3571,100.0876,87.1709,27.5504,23.9949,100.0876,87.1709,25.3738,22.0992,24.0914,20.9823,100.0876,87.1709
2026-02-26,29.5352,24.7706,168.1248,141.0032,131.2864,110.1075,71.9017,60.3026,35.0055,29.3585,67.9474,56.9862,31.3275,26.2738,17.5536,14.7218,4.9646,4.1637,61.5177,51.5938,40.5964,34.0474,110.4474,92.6302,17.2602,14.4758,10.7445,9.0112,100.1096,83.9601,27.5706,23.123,100.1096,83.9601,25.4074,21.3087,24.1244,20.2327,100.1096,83.9601
2026-02-27,29.5885,23.8607,168.1998,135.6394,131.3558,105.9277,71.9501,58.0219,35.0629,28.2753,68.0433,54.8713,31.3631,25.2918,17.5743,14.1723,4.9716,4.0092,61.6461,49.7125,40.664,32.7922,110.5412,89.1424,17.2742,13.9303,10.7454,8.6653,100.1315,80.7478,27.5908,22.2497,100.1315,80.7478,25.441,20.516,24.1574,19.4809,100.1315,80.7478
2026-02-28,29.6419,22.9474,168.2749,130.2707,131.4253,101.7434,71.9986,55.738,35.1204,27.1886,68.1393,52.7503,31.3988,24.3075,17.5952,13.6214,4.9785,3.8542,61.7747,47.8232,40.7317,31.5326,110.635,85.6485,17.2883,13.3838,10.7463,8.3193,100.1534,77.5342,27.6109,21.3751,100.1534,77.5342,25.4746,19.7213,24.1904,18.7271,100.1534,77.5342
2026-03-01,29.6954,22.0307,168.35,124.8973,131.4947,97.5547,72.0471,53.451,35.1779,26.0982,68.2354,50.6232,31.4345,23.3209,17.616,13.0691,4.9855,3.6987,61.9036,45.9257,40.7996,30.2688,110.7288,82.1487,17.3024,12.8365,10.7472,7.9733,100.1754,74.3192,27.6311,20.4993,100.1754,74.3192,25.5083,18.9244,24.2235,17.9712,100.1754,74.3192
2026-03-02,29.749,21.1107,168.4252,119.519,131.5642,93.3615,72.0956,51.161,35.2356,25.0041,68.3317,48.49,31.4702,22.3321,17.6369,12.5156,4.9925,3.5428,62.0327,44.0201,40.8675,29.0007,110.8228,78.6429,17.3165,12.2883,10.7481,7.6272,100.1973,71.1027,27.6513,19.6221,100.1973,71.1027,25.542,18.1253,24.2567,17.2132,100.1973,71.1027
2026-03-03,29.8027,20.1873,168.5004,114.136,131.6338,89.1639,72.1442,48.8678,35.2933,23.9064,68.4282,46.3507,31.506,21.341,17.6577,11.9607,4.9995,3.3865,62.1622,42.1064,40.9356,27.7283,110.9169,75.131,17.3306,11.7391,10.749,7.281,100.2193,67.8849,27.6716,18.7437,100.2193,67.8849,25.5758,17.3241,24.2899,16.4531,100.2193,67.8849
2026-03-04,29.8565,19.2604,168.5756,108.748,131.7034,84.9618,72.1927,46.5715,35.3512,22.805,68.5247,44.2053,31.5418,20.3476,17.6786,11.4045,5.0065,3.2297,62.2919,40.1845,41.0037,26.4515,111.011,71.6131,17.3447,11.1891,10.7499,6.9348,100.2412,64.6656,27.6918,17.864,100.2412,64.6656,25.6096,16.5208,24.3231,15.6908,100.2412,64.6656
2026-03-05,29.9104,18.3302,168.6508,103.3553,131.773,80.7552,72.2414,44.2721,35.4091,21.7,68.6214,42.0537,31.5777,19.3519,17.6996,10.8469,5.0135,3.0725,62.4218,38.2543,41.072,25.1704,111.1052,68.0893,17.3589,10.6381,10.7508,6.5885,100.2632,61.4449,27.7121,16.9829,100.2632,61.4449,25.6435,15.7153,24.3564,14.9265,100.2632,61.4449
2026-03-06,29.9644,17.3965,168.7261,97.9577,131.8426,76.5442,72.29,41.9696,35.4672,20.5913,68.7183,39.8959,31.6136,18.354,17.7205,10.2881,5.0205,2.9148,62.552,36.316,41.1404,23.885,111.1995,64.5593,17.373,10.0863,10.7517,6.2422,100.2851,58.2228,27.7323,16.1006,100.2851,58.2228,25.6774,14.9076,24.3897,14.16,100.2851,58.2228
2026-03-07,30.0185,16.4594,168.8014,92.5553,131.9123,72.3287,72.3387,39.664,35.5253,19.4788,68.8152,37.732,31.6495,17.3537,17.7415,9.7278,5.0276,2.7567,62.6826,34.3694,41.209,22.5952,111.2938,61.0234,17.3872,9.5335,10.7526,5.8958,100.3071,54.9993,27.7526,15.217,100.3071,54.9993,25.7114,14.0978,24.4231,13.3914,100.3071,54.9993
2026-03-08,30.0727,15.5189,168.8768,87.148,131.982,68.1087,72.3875,37.3552,35.5836,18.3627,68.9123,35.5619,31.6855,16.3511,17.7625,9.1663,5.0346,2.5981,62.8133,32.4145,41.2776,21.3011,111.3883,57.4814,17.4014,8.9799,10.7535,5.5493,100.3291,51.7743,27.7729,14.3321,100.3291,51.7743,25.7454,13.2858,24.4565,12.6206,100.3291,51.7743
2026-03-09,30.127,15.7142,168.9522,88.1251,132.0518,68.878,72.4362,37.7826,35.6419,18.5907,69.0096,35.9953,31.7215,16.5459,17.7836,9.2759,5.0417,2.6297,62.9444,32.8317,41.3463,21.5662,111.4828,58.1492,17.4155,9.0839,10.7544,5.6095,100.3511,52.3429,27.7932,14.4969,100.3511,52.3429,25.7795,13.4465,24.4899,12.7739,100.3511,52.3429
2026-03-10,30.1814,15.9047,169.0276,89.0723,132.1216,69.624,72.485,38.1974,35.7003,18.813,69.107,36.4172,31.7576,16.7353,17.8046,9.3825,5.0487,2.6605,63.0757,33.2389,41.4152,21.8245,111.5774,58.7978,17.4297,9.1849,10.7553,5.6677,100.373,52.8935,27.8135,14.6569,100.373,52.8935,25.8135,13.6029,24.5235,12.9231,100.373,52.8935
2026-03-11,30.2359,16.0904,169.1031,89.9906,132.1914,70.3475,72.5338,38.5999,35.7588,19.0296,69.2045,36.8281,31.7937,16.9195,17.8257,9.4862,5.0558,2.6905,63.2073,33.6367,41.4842,22.0764,111.6721,59.4279,17.4439,9.283,10.7562,5.7241,100.395,53.4266,27.8339,14.8122,100.395,53.4266,25.8477,13.7552,24.557,13.0684,100.395,53.4266
2026-03-12,30.2904,16.2717,169.1785,90.8808,132.2613,71.0493,72.5827,38.9906,35.8175,19.2407,69.3021,37.2283,31.8298,17.0986,17.8468,9.5871,5.0629,2.7197,63.3392,34.0251,41.5533,22.3219,111.7668,60.0399,17.4582,9.3783,10.7571,5.7786,100.417,53.9429,27.8542,14.963,100.417,53.9429,25.8819,13.9034,24.5906,13.2098,100.417,53.9429
2026-03-13,30.3451,16.4485,169.2541,91.7439,132.3312,71.7299,72.6316,39.3698,35.8762,19.4466,69.3999,37.6181,31.866,17.2729,17.8679,9.6853,5.07,2.7482,63.4713,34.4045,41.6225,22.5614,111.8617,60.6345,17.4724,9.4709,10.758,5.8314,100.439,54.4428,27.8746,15.1094,100.439,54.4428,25.9161,14.0478,24.6243,13.3475,100.439,54.4428
2026-03-14,30.3999,16.6211,169.3296,92.5808,132.4012,72.3902,72.6805,39.738,35.935,19.6474,69.4979,37.9979,31.9023,17.4425,17.8891,9.7809,5.0771,2.7759,63.6037,34.7753,41.6918,22.795,111.9566,61.2122,17.4866,9.5608,10.7589,5.8824,100.461,54.927,27.895,15.2516,100.461,54.927,25.9504,14.1883,24.6579,13.4817,100.461,54.927
2026-03-15,30.4548,16.7896,169.4052,93.3924,132.4711,73.0308,72.7295,40.0954,35.9939,19.8433,69.5959,38.3679,31.9385,17.6076,17.9103,9.8739,5.0842,2.8029,63.7364,35.1376,41.7612,23.0228,112.0516,61.7736,17.5009,9.6482,10.7599,5.9319,100.483,55.3959,27.9154,15.3896,100.483,55.3959,25.9847,14.3253,24.6917,13.6124,100.483,55.3959
2026-03-16,30.5098,16.9541,169.4808,94.1793,132.5412,73.6522,72.7784,40.4425,36.0529,20.0343,69.6941,38.7286,31.9748,17.7682,17.9315,9.9644,5.0913,2.8292,63.8694,35.4918,41.8308,23.2451,112.1467,62.3191,17.5151,9.733,10.7608,5.9797,100.505,55.85,27.9358,15.5237,100.505,55.85,26.0191,14.4586,24.7255,13.7398,100.505,55.85
2026-03-17,30.5649,17.1147,169.5565,94.9425,132.6112,74.2552,72.8275,40.7795,36.112,20.2208,69.7925,39.08,32.0112,17.9246,17.9527,10.0526,5.0985,2.8549,64.0027,35.8381,41.9005,23.462,112.2419,62.8494,17.5294,9.8155,10.7617,6.026,100.5271,56.2898,27.9562,15.654,100.5271,56.2898,26.0535,14.5886,24.7593,13.8639,100.5271,56.2898
2026-03-18,30.62,17.2715,169.6322,95.6828,132.6813,74.8402,72.8765,41.1067,36.1712,20.4027,69.891,39.4227,32.0476,18.0768,17.974,10.1384,5.1056,2.8799,64.1362,36.1767,41.9702,23.6737,112.3371,63.3649,17.5437,9.8957,10.7626,6.0707,100.5491,56.7157,27.9767,15.7805,100.5491,56.7157,26.0879,14.7152,24.7932,13.9848,100.5491,56.7157
2026-03-19,30.6753,17.4248,169.7079,96.4007,132.7515,75.408,72.9256,41.4246,36.2305,20.5803,69.9896,39.7568,32.084,18.225,17.9953,10.222,5.1128,2.9042,64.27,36.5079,42.0401,23.8804,112.4325,63.866,17.558,9.9736,10.7635,6.1141,100.5711,57.1283,27.9972,15.9035,100.5711,57.1283,26.1224,14.8386,24.8271,14.1028,100.5711,57.1283
2026-03-20,30.7307,17.5745,169.7837,97.0972,132.8216,75.959,72.9747,41.7333,36.2899,20.7537,70.0884,40.0827,32.1205,18.3693,18.0166,10.3035,5.1199,2.928,64.4041,36.8319,42.1102,24.0823,112.5279,64.3533,17.5723,10.0494,10.7644,6.156,100.5931,57.528,28.0176,16.0229,100.5931,57.528,26.157,14.9589,24.8611,14.2177,100.5931,57.528
2026-03-21,30.7862,17.7208,169.8595,97.7728,132.8918,76.4939,73.0239,42.0333,36.3493,20.923,70.1873,40.4005,32.157,18.5099,18.0379,10.3828,5.1271,2.9512,64.5385,37.149,42.1803,24.2794,112.6233,64.8271,17.5866,10.123,10.7653,6.1966,100.6152,57.9151,28.0381,16.139,100.6152,57.9151,26.1916,15.0761,24.8951,14.3299,100.6152,57.9151
2026-03-22,30.8417,17.8639,169.9353,98.4283,132.9621,77.013,73.0731,42.3247,36.4089,21.0884,70.2863,40.7106,32.1936,18.6469,18.0593,10.4601,5.1343,2.9738,64.6731,37.4593,42.2505,24.4719,112.7189,65.288,17.601,10.1947,10.7662,6.2359,100.6372,58.2901,28.0586,16.2518,100.6372,58.2901,26.2262,15.1905,24.9291,14.4392,100.6372,58.2901
2026-03-23,30.8974,18.0037,170.0112,99.0642,133.0324,77.517,73.1223,42.6078,36.4686,21.25,70.3855,41.0131,32.2302,18.7803,18.0807,10.5355,5.1415,2.9959,64.8081,37.7632,42.3209,24.6601,112.8146,65.7362,17.6153,10.2643,10.7671,6.2739,100.6592,58.6534,28.0791,16.3615,100.6592,58.6534,26.2609,15.302,24.9633,14.5459,100.6592,58.6534
2026-03-24,30.9532,18.1404,170.087,99.6813,133.1027,78.0062,73.1715,42.883,36.5284,21.4078,70.4848,41.3084,32.2668,18.9103,18.1021,10.6089,5.1487,3.0174,64.9433,38.0607,42.3914,24.8439,112.9103,66.1723,17.6297,10.3321,10.768,6.3107,100.6813,59.0053,28.0997,16.4681,100.6813,59.0053,26.2957,15.4108,24.9974,14.65,100.6813,59.0053
2026-03-25,31.0091,18.2742,170.163,100.2802,133.173,78.4813,73.2208,43.1504,36.5883,21.5621,70.5843,41.5966,32.3035,19.0371,18.1235,10.6805,5.1559,3.0385,65.0788,38.3521,42.462,25.0236,113.0061,66.5966,17.644,10.398,10.7689,6.3463,100.7034,59.3463,28.1202,16.5718,100.7034,59.3463,26.3304,15.517,25.0316,14.7516,100.7034,59.3463
2026-03-26,31.0651,18.4051,170.2389,100.8613,133.2434,78.9426,73.2701,43.4103,36.6482,21.713,70.6839,41.878,32.3403,19.1606,18.145,10.7503,5.1631,3.059,65.2145,38.6376,42.5327,25.1993,113.102,67.0095,17.6584,10.4621,10.7698,6.3808,100.7254,59.6767,28.1408,16.6726,100.7254,59.6767,26.3653,15.6206,25.0659,14.8508,100.7254,59.6767
2026-03-27,31.1211,18.5332,170.3149,101.4254,133.3139,79.3906,73.3195,43.663,36.7083,21.8604,70.7836,42.1528,32.377,19.2811,18.1664,10.8184,5.1703,3.079,65.3506,38.9174,42.6036,25.3711,113.198,67.4113,17.6728,10.5245,10.7707,6.4141,100.7475,59.9968,28.1614,16.7706,100.7475,59.9968,26.4001,15.7217,25.1002,14.9476,100.7475,59.9968
2026-03-28,31.1773,18.6585,170.391,101.9729,133.3843,79.8258,73.3689,43.9087,36.7685,22.0046,70.8835,42.4213,32.4138,19.3985,18.188,10.8848,5.1776,3.0986,65.4869,39.1916,42.6745,25.5392,113.2941,67.8025,17.6872,10.5852,10.7716,6.4464,100.7695,60.307,28.182,16.8659,100.7695,60.307,26.435,15.8204,25.1345,15.0421,100.7695,60.307
2026-03-29,31.2336,18.7812,170.467,102.5045,133.4548,80.2485,73.4183,44.1476,36.8288,22.1457,70.9835,42.6835,32.4507,19.5131,18.2095,10.9497,5.1848,3.1177,65.6236,39.4605,42.7456,25.7036,113.3902,68.1833,17.7016,10.6443,10.7725,6.4777,100.7916,60.6076,28.2026,16.9587,100.7916,60.6076,26.47,15.9168,25.1689,15.1344,100.7916,60.6076
2026-03-30,31.29,18.9014,170.5431,103.0205,133.5254,80.6591,73.4678,44.3799,36.8891,22.2837,71.0837,42.9398,32.4876,19.6249,18.2311,11.0129,5.1921,3.1364,65.7605,39.7241,42.8168,25.8645,113.4864,68.5541,17.7161,10.7018,10.7734,6.5079,100.8137,60.8988,28.2232,17.0489,100.8137,60.8988,26.505,16.011,25.2033,15.2247,100.8137,60.8988
2026-03-31,31.3465,19.0192,170.6193,103.5216,133.5959,81.058,73.5172,44.6059,36.9496,22.4188,71.184,43.1902,32.5245,19.7339,18.2526,11.0746,5.1994,3.1547,65.8977,39.9828,42.8881,26.0219,113.5827,68.9152,17.7305,10.7578,10.7743,6.5372,100.8358,61.1811,28.2439,17.1367,100.8358,61.1811,26.5401,16.1029,25.2378,15.3128,100.8358,61.1811
2026-04-01,31.4031,19.1345,170.6954,104.0081,133.6666,81.4457,73.5668,44.8257,37.0102,22.551,71.2845,43.4351,32.5615,19.8404,18.2743,11.1349,5.2067,3.1725,66.0352,40.2365,42.9595,26.1761,113.6791,69.267,17.745,10.8124,10.7752,6.5656,100.8579,61.4547,28.2645,17.2221,100.8579,61.4547,26.5752,16.1928,25.2723,15.3989,100.8579,61.4547
2026-04-02,31.4598,19.2476,170.7716,104.4807,133.7372,81.8225,73.6163,45.0396,37.0708,22.6805,71.3851,43.6745,32.5985,19.9443,18.2959,11.1937,5.2139,3.19,66.1729,40.4856,43.0311,26.3271,113.7756,69.6096,17.7594,10.8655,10.7761,6.593,100.88,61.7199,28.2852,17.3053,100.88,61.7199,26.6103,16.2806,25.3069,15.4832,100.88,61.7199
2026-04-03,31.5165,19.3584,170.8479,104.9396,133.8079,82.1886,73.6659,45.2477,37.1316,22.8073,71.4858,43.9086,32.6356,20.0457,18.3176,11.2512,5.2213,3.207,66.311,40.7301,43.1027,26.4749,113.8721,69.9435,17.7739,10.9172,10.777,6.6196,100.9021,61.9769,28.3059,17.3863,100.9021,61.9769,26.6455,16.3664,25.3416,15.5655,100.9021,61.9769
2026-04-04,31.5734,19.467,170.9241,105.3854,133.8786,82.5446,73.7155,45.4502,37.1925,22.9315,71.5867,44.1377,32.6727,20.1448,18.3393,11.3073,5.2286,3.2237,66.4493,40.9702,43.1745,26.6198,113.9688,70.2689,17.7884,10.9677,10.7779,6.6453,100.9242,62.2261,28.3266,17.4651,100.9242,62.2261,26.6808,16.4504,25.3762,15.646,100.9242,62.2261
2026-04-05,31.6304,19.5736,171.0004,105.8186,133.9494,82.8906,73.7652,45.6474,37.2534,23.0532,71.6877,44.3618,32.7098,20.2415,18.361,11.3621,5.2359,3.2401,66.588,41.206,43.2464,26.7618,114.0655,70.586,17.8029,11.0168,10.7788,6.6702,100.9463,62.4676,28.3473,17.5419,100.9463,62.4676,26.716,16.5324,25.4109,15.7248,100.9463,62.4676
2026-04-06,31.6875,19.6781,171.0768,106.2394,134.0202,83.2271,73.8149,45.8393,37.3145,23.1725,71.7889,44.5812,32.747,20.336,18.3827,11.4157,5.2432,3.2561,66.7269,41.4377,43.3185,26.9009,114.1623,70.8952,17.8174,11.0647,10.7797,6.6943,100.9684,62.7018,28.368,17.6167,100.9684,62.7018,26.7514,16.6127,25.4457,15.8019,100.9684,62.7018
2026-04-07,31.7447,19.7807,171.1531,106.6483,134.091,83.5543,73.8646,46.0262,37.3757,23.2894,71.8902,44.7959,32.7843,20.4284,18.4045,11.4681,5.2506,3.2717,66.8661,41.6654,43.3906,27.0374,114.2591,71.1967,17.8319,11.1114,10.7806,6.7176,100.9905,62.9288,28.3888,17.6895,100.9905,62.9288,26.7868,16.6913,25.4805,15.8773,100.9905,62.9288
2026-04-08,31.8021,19.8813,171.2295,107.0457,134.1619,83.8725,73.9143,46.2082,37.4369,23.404,71.9916,45.0062,32.8215,20.5187,18.4263,11.5194,5.2579,3.287,67.0056,41.8892,43.4629,27.1712,114.3561,71.4908,17.8464,11.1569,10.7816,6.7402,101.0126,63.149,28.4095,17.7605,101.0126,63.149,26.8222,16.7681,25.5154,15.9512,101.0126,63.149
2026-04-09,31.8595,19.9802,171.306,107.432,134.2328,84.1821,73.9641,46.3855,37.4983,23.5165,72.0932,45.2122,32.8589,20.6069,18.4481,11.5694,5.2653,3.302,67.1454,42.1093,43.5353,27.3025,114.4531,71.7776,17.861,11.2013,10.7825,6.7621,101.0347,63.3624,28.4303,17.8296,101.0347,63.3624,26.8577,16.8434,25.5503,16.0235,101.0347,63.3624
2026-04-10,31.917,20.0773,171.3824,107.8075,134.3038,84.4833,74.0139,46.5582,37.5598,23.6268,72.1949,45.4139,32.8962,20.6932,18.4699,11.6184,5.2727,3.3168,67.2855,42.3257,43.6078,27.4313,114.5503,72.0574,17.8755,11.2445,10.7834,6.7832,101.0569,63.5694,28.4511,17.8971,101.0569,63.5694,26.8932,16.9171,25.5853,16.0943,101.0569,63.5694
2026-04-11,31.9746,20.1726,171.459,108.1725,134.3748,84.7763,74.0638,46.7264,37.6213,23.7351,72.2968,45.6117,32.9336,20.7776,18.4918,11.6664,5.2801,3.3312,67.4259,42.5386,43.6804,27.5577,114.6475,72.3305,17.8901,11.2868,10.7843,6.8037,101.079,63.7702,28.4719,17.9628,101.079,63.7702,26.9288,16.9892,25.6203,16.1637,101.079,63.7702
2026-04-12,32.0323,20.2663,171.5355,108.5275,134.4458,85.0615,74.1137,46.8904,37.683,23.8414,72.3988,45.8055,32.9711,20.8602,18.5137,11.7133,5.2875,3.3453,67.5666,42.7482,43.7531,27.6818,114.7448,72.597,17.9047,11.328,10.7852,6.8236,101.1012,63.9649,28.4927,18.0269,101.1012,63.9649,26.9644,17.0599,25.6553,16.2317,101.1012,63.9649
2026-04-13,32.0902,20.3584,171.6121,108.8727,134.5169,85.3391,74.1636,47.0503,37.7448,23.9457,72.501,45.9955,33.0086,20.941,18.5356,11.7592,5.2949,3.3591,67.7075,42.9545,43.826,27.8037,114.8421,72.8572,17.9193,11.3682,10.7861,6.8428,101.1233,64.1538,28.5136,18.0893,101.1233,64.1538,27.0,17.1291,25.6904,16.2983,101.1233,64.1538
2026-04-14,32.1481,20.4489,171.6887,109.2085,134.588,85.6093,74.2136,47.2061,37.8066,24.0482,72.6033,46.1818,33.0461,21.0201,18.5576,11.8042,5.3023,3.3727,67.8488,43.1576,43.899,27.9235,114.9396,73.1113,17.9339,11.4075,10.787,6.8614,101.1455,64.337,28.5344,18.1503,101.1455,64.337,27.0357,17.197,25.7256,16.3636,101.1455,64.337
2026-04-15,32.2061,20.5379,171.7653,109.5351,134.6591,85.8724,74.2635,47.358,37.8686,24.1489,72.7058,46.3646,33.0837,21.0975,18.5795,11.8482,5.3097,3.386,67.9904,43.3576,43.9721,28.0411,115.0371,73.3594,17.9485,11.4458,10.7879,6.8795,101.1676,64.5148,28.5553,18.2098,101.1676,64.5148,27.0715,17.2636,25.7608,16.4277,101.1676,64.5148
2026-04-16,32.2643,20.6255,171.842,109.8529,134.7303,86.1286,74.3136,47.5062,37.9307,24.2478,72.8084,46.544,33.1213,21.1733,18.6015,11.8914,5.3171,3.3991,68.1322,43.5546,44.0453,28.1567,115.1347,73.6018,17.9631,11.4832,10.7888,6.8969,101.1898,64.6872,28.5762,18.2678,101.1898,64.6872,27.1073,17.3288,25.796,16.4905,101.1898,64.6872
2026-04-17,32.3225,20.7116,171.9187,110.1621,134.8015,86.3781,74.3636,47.6507,37.9929,24.3451,72.9111,46.72,33.1589,21.2476,18.6236,11.9336,5.3246,3.4119,68.2744,43.7488,44.1187,28.2704,115.2324,73.8387,17.9778,11.5198,10.7897,6.9138,101.2119,64.8546,28.5971,18.3244,101.2119,64.8546,27.1432,17.3928,25.8313,16.5522,101.2119,64.8546
2026-04-18,32.3809,20.7964,171.9955,110.463,134.8728,86.6212,74.4137,47.7917,38.0551,24.4407,73.014,46.8928,33.1966,21.3203,18.6456,11.975,5.3321,3.4245,68.4168,43.9403,44.1922,28.3822,115.3302,74.0701,17.9924,11.5555,10.7906,6.9302,101.2341,65.017,28.618,18.3797,101.2341,65.017,27.1791,17.4556,25.8667,16.6127,101.2341,65.017
2026-04-19,32.4393,20.8799,172.0722,110.7559,134.944,86.858,74.4638,47.9294,38.1175,24.5347,73.117,47.0625,33.2344,21.3916,18.6677,12.0156,5.3395,3.4368,68.5595,44.129,44.2658,28.4921,115.4281,74.2964,18.0071,11.5904,10.7915,6.9461,101.2563,65.1746,28.6389,18.4337,101.2563,65.1746,27.215,17.5172,25.9021,16.6721,101.2563,65.1746
2026-04-20,32.4979,20.9621,172.149,111.0411,135.0154,87.0888,74.514,48.0637,38.18,24.6272,73.2202,47.2291,33.2722,21.4615,18.6898,12.0555,5.347,3.449,68.7026,44.3152,44.3395,28.6003,115.526,74.5176,18.0218,11.6246,10.7924,6.9614,101.2785,65.3275,28.6599,18.4864,101.2785,65.3275,27.251,17.5777,25.9375,16.7304,101.2785,65.3275
2026-04-21,32.5565,21.043,172.2259,111.3188,135.0867,87.3138,74.5642,48.1948,38.2426,24.7182,73.3235,47.3929,33.31,21.53,18.7119,12.0945,5.3545,3.4609,68.8459,44.4988,44.4134,28.7067,115.6241,74.734,18.0365,11.6579,10.7933,6.9763,101.3007,65.476,28.6808,18.538,101.3007,65.476,27.287,17.6371,25.973,16.7877,101.3007,65.476
2026-04-22,32.6153,21.1228,172.3028,111.5892,135.1581,87.5331,74.6144,48.3229,38.3053,24.8078,73.427,47.5538,33.3479,21.5972,18.7341,12.1329,5.362,3.4726,68.9896,44.68,44.4873,28.8115,115.7222,74.9457,18.0512,11.6906,10.7942,6.9907,101.3228,65.6202,28.7018,18.5883,101.3228,65.6202,27.3231,17.6954,26.0085,16.844,101.3228,65.6202
2026-04-23,32.6742,21.2014,172.3797,111.8526,135.2296,87.7469,74.6647,48.4479,38.3681,24.896,73.5306,47.7121,33.3858,21.6631,18.7563,12.1705,5.3695,3.4841,69.1335,44.8589,44.5614,28.9147,115.8204,75.1528,18.0659,11.7225,10.7951,7.0047,101.345,65.7601,28.7228,18.6375,101.345,65.7601,27.3593,17.7527,26.0441,16.8993,101.345,65.7601
2026-04-24,32.7332,21.2789,172.4566,112.1092,135.3011,87.9554,74.715,48.5701,38.431,24.9829,73.6344,47.8676,33.4237,21.7278,18.7785,12.2074,5.377,3.4955,69.2777,45.0355,44.6356,29.0164,115.9187,75.3555,18.0806,11.7537,10.796,7.0182,101.3672,65.896,28.7438,18.6855,101.3672,65.896,27.3955,17.809,26.0797,16.9537,101.3672,65.896
2026-04-25,32.7923,21.3554,172.5336,112.3593,135.3726,88.1588,74.7653,48.6895,38.494,25.0685,73.7383,48.0207,33.4617,21.7913,18.8007,12.2436,5.3846,3.5066,69.4223,45.2099,44.71,29.1165,116.0171,75.5539,18.0953,11.7842,10.7969,7.0313,101.3894,66.028,28.7648,18.7325,101.3894,66.028,27.4317,17.8644,26.1154,17.0072,101.3894,66.028
2026-04-26,32.8515,21.4307,172.6107,112.603,135.4441,88.3573,74.8156,48.8062,38.5571,25.1528,73.8423,48.1712,33.4998,21.8537,18.823,12.2792,5.3921,3.5176,69.5671,45.3823,44.7844,29.2152,116.1155,75.7482,18.1101,11.8142,10.7979,7.044,101.4117,66.1561,28.7859,18.7785,101.4117,66.1561,27.468,17.9188,26.1512,17.0598,101.4117,66.1561
2026-04-27,32.9108,21.5051,172.6877,112.8405,135.5157,88.551,74.866,48.9202,38.6203,25.2359,73.9465,48.3194,33.5379,21.9149,18.8453,12.3142,5.3997,3.5283,69.7122,45.5525,44.859,29.3125,116.214,75.9385,18.1248,11.8434,10.7988,7.0563,101.4339,66.2806,28.8069,18.8235,101.4339,66.2806,27.5043,17.9723,26.1869,17.1115,101.4339,66.2806
2026-04-28,32.9702,21.5785,172.7648,113.0721,135.5874,88.74,74.9165,49.0317,38.6836,25.3178,74.0509,48.4652,33.576,21.975,18.8676,12.3486,5.4072,3.539,69.8577,45.7208,44.9337,29.4085,116.3127,76.125,18.1396,11.8721,10.7997,7.0682,101.4561,66.4015,28.828,18.8675,101.4561,66.4015,27.5407,18.025,26.2228,17.1624,101.4561,66.4015
2026-04-29,33.0297,21.651,172.8419,113.2979,135.659,88.9245,74.9669,49.1408,38.747,25.3986,74.1554,48.6088,33.6142,22.0341,18.8899,12.3824,5.4148,3.5494,70.0034,45.8873,45.0086,29.5031,116.4114,76.3076,18.1544,11.9002,10.8006,7.0798,101.4783,66.519,28.8491,18.9106,101.4783,66.519,27.5771,18.0768,26.2587,17.2125,101.4783,66.519
2026-04-30,33.0893,21.7225,172.9191,113.5181,135.7307,89.1047,75.0174,49.2475,38.8105,25.4784,74.26,48.7503,33.6524,22.0922,18.9123,12.4156,5.4224,3.5597,70.1495,46.0518,45.0835,29.5965,116.5101,76.4867,18.1692,11.9277,10.8015,7.091,101.5005,66.6332,28.8702,18.9527,101.5005,66.6332,27.6136,18.1278,26.2946,17.2619,101.5005,66.6332
2026-05-01,33.1491,21.7932,172.9963,113.733,135.8025,89.2807,75.068,49.3519,38.8741,25.557,74.3648,48.8897,33.6907,22.1493,18.9347,12.4482,5.43,3.5698,70.2958,46.2146,45.1586,29.6886,116.609,76.6623,18.184,11.9547,10.8024,7.1018,101.5228,66.7441,28.8913,18.994,101.5228,66.7441,27.6501,18.178,26.3306,17.3105,101.5228,66.7441
2026-05-02,33.2089,21.863,173.0735,113.9426,135.8743,89.4526,75.1185,49.4541,38.9378,25.6346,74.4697,49.027,33.729,22.2054,18.9571,12.4804,5.4376,3.5798,70.4425,46.3757,45.2338,29.7796,116.708,76.8345,18.1988,11.9812,10.8033,7.1123,101.545,66.852,28.9124,19.0344,101.545,66.852,27.6867,18.2275,26.3666,17.3584,101.545,66.852
2026-05-03,33.2689,21.932,173.1508,114.1472,135.9461,89.6206,75.1691,49.5542,39.0017,25.7113,74.5748,49.1624,33.7673,22.2606,18.9796,12.512,5.4452,3.5897,70.5895,46.5351,45.3092,29.8694,116.807,77.0034,18.2137,12.0071,10.8042,7.1225,101.5673,66.9568,28.9336,19.074,101.5673,66.9568,27.7233,18.2762,26.4027,17.4056,101.5673,66.9568
2026-05-04,33.3289,22.0002,173.2281,114.3469,136.0179,89.7847,75.2197,49.6522,39.0656,25.787,74.6801,49.2959,33.8057,22.315,19.002,12.5431,5.4528,3.5994,70.7367,46.693,45.3846,29.9581,116.9061,77.1691,18.2285,12.0325,10.8051,7.1324,101.5895,67.0587,28.9547,19.1129,101.5895,67.0587,27.76,18.3242,26.4388,17.4521,101.5895,67.0587
2026-05-05,33.3891,22.0677,173.3054,114.5419,136.0898,89.9452,75.2704,49.7481,39.1296,25.8618,74.7854,49.4276,33.8441,22.3684,19.0245,12.5738,5.4605,3.609,70.8843,46.8492,45.4602,30.0458,117.0053,77.3318,18.2434,12.0575,10.806,7.142,101.6118,67.1578,28.9759,19.1509,101.6118,67.1578,27.7967,18.3715,26.475,17.498,101.6118,67.1578
2026-05-06,33.4494,22.1344,173.3828,114.7323,136.1618,90.1021,75.3211,49.8421,39.1938,25.9356,74.891,49.5575,33.8826,22.4211,19.0471,12.604,5.4681,3.6184,71.0322,47.004,45.5359,30.1324,117.1046,77.4915,18.2582,12.082,10.8069,7.1512,101.634,67.2541,28.9971,19.1882,101.634,67.2541,27.8334,18.4182,26.5112,17.5432,101.634,67.2541
2026-05-07,33.5098,22.2004,173.4602,114.9183,136.2337,90.2556,75.3718,49.9343,39.258,26.0087,74.9967,49.6857,33.9211,22.4729,19.0696,12.6337,5.4758,3.6277,71.1804,47.1574,45.6118,30.218,117.204,77.6483,18.2731,12.106,10.8078,7.1602,101.6563,67.3479,29.0183,19.2248,101.6563,67.3479,27.8702,18.4642,26.5475,17.5878,101.6563,67.3479
2026-05-08,33.5703,22.2657,173.5376,115.1,136.3058,90.4058,75.4226,50.0246,39.3224,26.0808,75.1025,49.8123,33.9597,22.524,19.0922,12.663,5.4835,3.6369,71.3289,47.3094,45.6877,30.3027,117.3035,77.8024,18.288,12.1297,10.8087,7.169,101.6785,67.439,29.0395,19.2607,101.6785,67.439,27.9071,18.5096,26.5838,17.6319,101.6785,67.439
2026-05-09,33.6309,22.3304,173.6151,115.2776,136.3778,90.5527,75.4734,50.1131,39.3868,26.1522,75.2085,49.9372,33.9983,22.5743,19.1148,12.6919,5.4911,3.646,71.4777,47.4601,45.7638,30.3864,117.403,77.9537,18.3029,12.1528,10.8096,7.1774,101.7008,67.5277,29.0608,19.2959,101.7008,67.5277,27.944,18.5544,26.6202,17.6754,101.7008,67.5277
2026-05-10,33.6916,22.3943,173.6926,115.4512,136.4499,90.6965,75.5243,50.2,39.4514,26.2228,75.3146,50.0606,34.037,22.6239,19.1375,12.7204,5.4988,3.655,71.6269,47.6095,45.84,30.4693,117.5026,78.1025,18.3178,12.1756,10.8106,7.1856,101.7231,67.614,29.082,19.3304,101.7231,67.614,27.981,18.5986,26.6566,17.7183,101.7231,67.614
2026-05-11,33.7524,22.4577,173.7701,115.6209,136.522,90.8373,75.5751,50.2852,39.5161,26.2927,75.4209,50.1826,34.0757,22.6728,19.1601,12.7485,5.5065,3.6639,71.7763,47.7576,45.9164,30.5513,117.6023,78.2487,18.3328,12.198,10.8115,7.1936,101.7454,67.698,29.1033,19.3644,101.7454,67.698,28.018,18.6422,26.6931,17.7607,101.7454,67.698
2026-05-12,33.8133,22.5205,173.8477,115.7869,136.5942,90.9751,75.626,50.3688,39.5808,26.3618,75.5273,50.3031,34.1144,22.721,19.1828,12.7762,5.5142,3.6726,71.9261,47.9045,45.9929,30.6324,117.7021,78.3925,18.3477,12.22,10.8124,7.2013,101.7677,67.7798,29.1246,19.3977,101.7677,67.7798,28.055,18.6854,26.7296,17.8026,101.7677,67.7798
2026-05-13,33.8744,22.5827,173.9253,115.9492,136.6664,91.1101,75.677,50.4509,39.6457,26.4302,75.6339,50.4222,34.1532,22.7686,19.2055,12.8036,5.522,3.6813,72.0761,48.0503,46.0695,30.7127,117.802,78.534,18.3627,12.2417,10.8133,7.2088,101.79,67.8594,29.1459,19.4304,101.79,67.8594,28.0921,18.7279,26.7661,17.8439,101.79,67.8594
2026-05-14,33.9355,22.6444,174.0029,116.108,136.7386,91.2424,75.7279,50.5315,39.7107,26.498,75.7406,50.5399,34.192,22.8155,19.2283,12.8306,5.5297,3.6898,72.2265,48.195,46.1462,30.7923,117.902,78.6732,18.3776,12.263,10.8142,7.216,101.8123,67.9369,29.1672,19.4626,101.8123,67.9369,28.1293,18.77,26.8028,17.8849,101.8123,67.9369
2026-05-15,33.9968,22.7055,174.0806,116.2634,136.8109,91.3721,75.779,50.6106,39.7758,26.5651,75.8475,50.6564,34.2309,22.8618,19.251,12.8572,5.5375,3.6983,72.3772,48.3386,46.223,30.871,118.002,78.8102,18.3926,12.2839,10.8151,7.2231,101.8346,68.0124,29.1885,19.4942,101.8346,68.0124,28.1665,18.8116,26.8394,17.9253,101.8346,68.0124
2026-05-16,34.0582,22.7661,174.1583,116.4156,136.8832,91.4992,75.83,50.6883,39.841,26.6316,75.9545,50.7716,34.2698,22.9076,19.2738,12.8835,5.5452,3.7067,72.5282,48.4812,46.3,30.9491,118.1022,78.945,18.4076,12.3045,10.816,7.2299,101.8569,68.0859,29.2099,19.5252,101.8569,68.0859,28.2038,18.8527,26.8762,17.9653,101.8569,68.0859
2026-05-17,34.1196,22.8262,174.2361,116.5646,136.9556,91.6238,75.8811,50.7647,39.9063,26.6975,76.0617,50.8856,34.3088,22.9527,19.2966,12.9095,5.553,3.715,72.6795,48.6229,46.3771,31.0265,118.2024,79.0778,18.4226,12.3248,10.8169,7.2365,101.8792,68.1575,29.2312,19.5558,101.8792,68.1575,28.2411,18.8934,26.9129,18.0049,101.8792,68.1575
2026-05-18,34.1812,22.8858,174.3138,116.7105,137.028,91.746,75.9322,50.8398,39.9717,26.7627,76.169,50.9984,34.3478,22.9973,19.3195,12.9352,5.5608,3.7232,72.8311,48.7635,46.4544,31.1032,118.3027,79.2086,18.4376,12.3448,10.8178,7.243,101.9015,68.2274,29.2526,19.5858,101.9015,68.2274,28.2784,18.9336,26.9498,18.044,101.9015,68.2274
2026-05-19,34.2429,22.9449,174.3916,116.8534,137.1004,91.8659,75.9833,50.9136,40.0372,26.8275,76.2765,51.1101,34.3869,23.0414,19.3424,12.9606,5.5686,3.7313,72.9831,48.9033,46.5317,31.1792,118.4031,79.3375,18.4526,12.3644,10.8187,7.2492,101.9238,68.2954,29.274,19.6154,101.9238,68.2954,28.3158,18.9734,26.9866,18.0827,101.9238,68.2954
2026-05-20,34.3048,23.0036,174.4695,116.9935,137.1729,91.9836,76.0345,50.9862,40.1029,26.8916,76.3842,51.2207,34.4259,23.0849,19.3653,12.9857,5.5764,3.7393,73.1354,49.0421,46.6092,31.2546,118.5036,79.4646,18.4677,12.3838,10.8196,7.2553,101.9461,68.3617,29.2954,19.6445,101.9461,68.3617,28.3533,19.0128,27.0236,18.1211,101.9461,68.3617
2026-05-21,34.3667,23.0619,174.5474,117.1307,137.2454,92.0991,76.0857,51.0576,40.1686,26.9553,76.492,51.3302,34.4651,23.1279,19.3882,13.0105,5.5842,3.7473,73.2879,49.1802,46.6869,31.3294,118.6041,79.5898,18.4827,12.4029,10.8205,7.2612,101.9685,68.4264,29.3168,19.6732,101.9685,68.4264,28.3908,19.0517,27.0605,18.1591,101.9685,68.4264
2026-05-22,34.4287,23.1198,174.6253,117.2653,137.3179,92.2125,76.137,51.1279,40.2344,27.0184,76.5999,51.4388,34.5043,23.1705,19.4112,13.0351,5.592,3.7552,73.4408,49.3174,46.7646,31.4036,118.7048,79.7133,18.4978,12.4217,10.8214,7.2669,101.9908,68.4894,29.3383,19.7014,101.9908,68.4894,28.4283,19.0903,27.0976,18.1967,101.9908,68.4894
