date,NUE_baseline,NUE_impacted,STLD_baseline,STLD_impacted,CLF_baseline,CLF_impacted,X_baseline,X_impacted,AA_baseline,AA_impacted,FCX_baseline,FCX_impacted,ATI_baseline,ATI_impacted,CMC_baseline,CMC_impacted,SCCO_baseline,SCCO_impacted,WPM_baseline,WPM_impacted,AEM_baseline,AEM_impacted,NEM_baseline,NEM_impacted,GOLD_baseline,GOLD_impacted,KGC_baseline,KGC_impacted,MP_baseline,MP_impacted,CENX_baseline,CENX_impacted,HL_baseline,HL_impacted,PAAS_baseline,PAAS_impacted,AGI_baseline,AGI_impacted,CRUS_baseline,CRUS_impacted
2026-02-22,180.1933,177.0214,193.6138,190.2056,10.6511,10.4636,100.0219,98.2612,60.5668,59.5006,64.4214,63.2873,159.2812,156.4773,76.8891,75.5356,201.4201,197.8745,150.7473,148.0936,228.8388,224.8105,122.4752,120.3192,58.9342,57.8967,33.5468,32.9562,55.4853,54.5086,52.7679,51.839,24.11,23.6856,64.8804,63.7383,47.9474,47.1034,142.2603,139.756
2026-02-23,180.3768,174.0265,193.8379,187.0136,10.6522,10.2772,100.0438,96.5217,60.6437,58.5087,64.5028,62.2319,159.6934,154.0712,76.9783,74.2682,201.831,194.7253,151.1154,145.7952,229.419,221.3421,122.8213,118.4973,59.0486,56.9697,33.6438,32.4593,55.6309,53.6724,52.8961,51.0338,24.2004,23.3484,65.0613,62.7708,48.055,46.3632,142.3806,137.368
2026-02-24,180.5605,171.0253,194.0622,183.8139,10.6533,10.0907,100.0657,94.7813,60.7207,57.5141,64.5844,61.1737,160.1067,151.6516,77.0676,72.9978,202.2428,191.5625,151.4844,143.4847,230.0008,217.8546,123.1685,116.664,59.1632,56.0388,33.7411,31.9593,55.777,52.8314,53.0246,50.2244,24.2911,23.0083,65.2428,61.7973,48.1628,45.6194,142.5011,134.9757
2026-02-25,180.7444,168.0178,194.2868,180.6066,10.6544,9.9042,100.0876,93.0403,60.7978,56.5168,64.666,60.1127,160.5211,149.2185,77.1571,71.7243,202.6554,188.386,151.8544,141.162,230.584,214.348,123.5166,114.8195,59.278,55.1041,33.8387,31.4561,55.9234,51.9857,53.1534,49.4108,24.3822,22.6654,65.4247,60.818,48.2709,44.8721,142.6217,132.5794
2026-02-26,180.9285,165.004,194.5117,177.3917,10.6555,9.7176,100.1096,91.2984,60.8749,55.517,64.7478,59.049,160.9366,146.7717,77.2466,70.4477,203.0688,185.1957,152.2252,138.8271,231.1686,210.8223,123.8657,112.9636,59.3931,54.1656,33.9366,30.9497,56.0702,51.1351,53.2826,48.5929,24.4736,22.3195,65.6071,59.8327,48.3793,44.1212,142.7423,130.1788
2026-02-27,181.1128,161.9839,194.7368,174.169,10.6566,9.5311,100.1315,89.5558,60.9522,54.5145,64.8297,57.9825,161.3531,144.3113,77.3362,69.1681,203.4831,181.9916,152.597,136.4799,231.7548,207.2772,124.2157,111.0963,59.5083,53.2232,34.0348,30.4401,56.2174,50.2798,53.412,47.7707,24.5653,21.9708,65.7901,58.8414,48.4879,43.3666,142.8631,127.7741
2026-02-28,181.2972,158.9575,194.9621,170.9386,10.6577,9.3444,100.1534,87.8124,61.0296,53.5094,64.9116,56.9131,161.7707,141.8371,77.4259,67.8854,203.8983,178.7736,152.9697,134.1205,232.3424,203.7129,124.5668,109.2175,59.6238,52.2769,34.1332,29.9273,56.3649,49.4196,53.5418,46.9443,24.6574,21.6191,65.9735,57.8442,48.5967,42.6085,142.984,125.3653
2026-03-01,181.4819,155.9248,195.1878,167.7005,10.6588,9.1578,100.1754,86.0682,61.1071,52.5017,64.9937,55.841,162.1894,139.3492,77.5158,66.5997,204.3143,175.5418,153.3432,131.7487,232.9316,200.1291,124.9189,107.3272,59.7396,51.3268,34.232,29.4113,56.5129,48.5545,53.6719,46.1136,24.7498,21.2644,66.1575,56.8409,48.7057,41.8468,143.105,122.9523
2026-03-02,181.6667,152.8857,195.4137,164.4547,10.6599,8.9711,100.1973,84.3233,61.1846,51.4913,65.0759,54.7661,162.6092,136.8474,77.6057,65.3108,204.7311,172.296,153.7177,129.3646,233.5222,196.5258,125.2719,105.4254,59.8555,50.3727,34.331,28.892,56.6612,47.6845,53.8023,45.2785,24.8426,20.9068,66.342,55.8316,48.8151,41.0814,143.2261,120.5351
2026-03-03,181.8517,149.8403,195.6398,161.2012,10.661,8.7843,100.2193,82.5776,61.2623,50.4783,65.1582,53.6883,163.03,134.3318,77.6958,64.0189,205.1488,169.0363,154.0931,126.968,234.1143,192.903,125.626,103.512,59.9717,49.4148,34.4303,28.3695,56.81,46.8097,53.933,44.4392,24.9357,20.5463,66.527,54.8162,48.9246,40.3124,143.3473,118.1137
2026-03-04,182.0369,146.7885,195.8662,157.9399,10.6621,8.5975,100.2412,80.8311,61.3401,49.4626,65.2406,52.6078,163.452,131.8022,77.7859,62.7239,205.5673,165.7625,154.4694,124.5589,234.708,189.2606,125.981,101.5869,60.0881,48.453,34.5299,27.8437,56.9591,45.9299,54.0641,43.5954,25.0292,20.1827,66.7125,53.7947,49.0344,39.5397,143.4685,115.6882
2026-03-05,182.2223,143.7303,196.0929,154.6709,10.6632,8.4107,100.2632,79.0839,61.418,48.4442,65.3231,51.5244,163.875,129.2586,77.8762,61.4259,205.9867,162.4747,154.8467,122.1374,235.3031,185.5984,126.3371,99.6501,60.2047,47.4873,34.6298,27.3147,57.1086,45.0452,54.1954,42.7473,25.123,19.8161,66.8985,52.7671,49.1445,38.7634,143.5899,113.2585
2026-03-06,182.4079,140.6657,196.3199,151.394,10.6643,8.2239,100.2851,77.3359,61.4959,47.4232,65.4057,50.4382,164.2992,126.701,77.9665,60.1247,206.4069,159.1728,155.2248,119.7032,235.8997,181.9165,126.6942,97.7015,60.3216,46.5176,34.7299,26.7823,57.2585,44.1555,54.3271,41.8949,25.2172,19.4465,67.0851,51.7333,49.2548,37.9833,143.7114,110.8245
2026-03-07,182.5937,137.5948,196.5471,148.1094,10.6654,8.037,100.3071,75.5871,61.574,46.3995,65.4884,49.3492,164.7244,124.1292,78.057,58.8204,206.8281,155.8567,155.6039,117.2564,236.4979,178.2147,127.0523,95.7411,60.4387,45.544,34.8304,26.2467,57.4089,43.2608,54.4591,41.038,25.3117,19.0738,67.2722,50.6934,49.3653,37.1996,143.833,108.3864
2026-03-08,182.7797,134.5174,196.7745,144.817,10.6665,7.85,100.3291,73.8376,61.6522,45.3732,65.5712,48.2574,165.1507,121.5433,78.1476,57.513,207.25,152.5265,155.9839,114.797,237.0976,174.4929,127.4113,93.7689,60.556,44.5664,34.9312,25.7077,57.5596,42.3612,54.5914,40.1767,25.4066,18.6981,67.4597,49.6473,49.4761,36.4121,143.9547,105.944
2026-03-09,182.9658,135.2088,197.0023,145.5815,10.6676,7.8832,100.3511,74.1578,61.7304,45.6178,65.6541,48.5173,165.5782,122.3596,78.2382,57.8168,207.6728,153.4669,156.3649,115.5511,237.6988,175.6555,127.7714,94.421,60.6735,44.8367,35.0322,25.8882,57.7107,42.6472,54.724,40.4402,25.5018,18.8454,67.6479,49.9907,49.5872,36.6441,144.0765,106.4702
2026-03-10,183.1522,135.8832,197.2303,146.3279,10.6687,7.9152,100.373,74.4682,61.8088,45.8568,65.7371,48.7713,166.0067,123.1627,78.329,58.1134,208.0965,154.3898,156.7467,116.2926,238.3015,176.7993,128.1326,95.0634,60.7913,45.1019,35.1335,26.0661,57.8621,42.9287,54.857,40.6992,25.5974,18.9911,67.8365,50.3289,49.6985,36.872,144.1984,106.9829
2026-03-11,183.3387,136.5412,197.4585,147.0569,10.6698,7.9463,100.395,74.7691,61.8873,46.0904,65.8202,49.0195,166.4364,123.9532,78.4199,58.4031,208.5211,155.2958,157.1295,117.022,238.9057,177.9247,128.4947,95.6962,60.9093,45.3621,35.2352,26.2413,58.014,43.2059,54.9903,40.9539,25.6933,19.1351,68.0257,50.662,49.81,37.0959,144.3204,107.4824
2026-03-12,183.5254,137.1834,197.687,147.7691,10.6709,7.9764,100.417,75.0607,61.9658,46.3188,65.9034,49.2622,166.8671,124.7315,78.5109,58.6861,208.9465,156.1854,157.5133,117.7396,239.5115,179.0325,128.8579,96.32,61.0275,45.6174,35.3371,26.4141,58.1663,43.4787,55.1239,41.2045,25.7897,19.2775,68.2154,50.9903,49.9218,37.316,144.4425,107.9694
2026-03-13,183.7123,137.8102,197.9158,148.4649,10.672,8.0055,100.439,75.3435,62.0445,46.5422,65.9868,49.4994,167.299,125.4979,78.602,58.9626,209.3728,157.0592,157.8979,118.4458,240.1188,180.1231,129.2221,96.9348,61.1459,45.8681,35.4393,26.5845,58.319,43.7475,55.2578,41.4512,25.8863,19.4184,68.4056,51.3139,50.0338,37.5325,144.5648,108.444
2026-03-14,183.8994,138.4222,198.1449,149.1449,10.6731,8.0337,100.461,75.6176,62.1233,46.7606,66.0702,49.7315,167.732,126.2529,78.6932,59.2328,209.7999,157.9177,158.2835,119.141,240.7277,181.1972,129.5873,97.5412,61.2646,46.1143,35.5418,26.7526,58.4721,44.0123,55.392,41.6939,25.9834,19.5578,68.5963,51.6329,50.1461,37.7453,144.6871,108.9069
2026-03-15,184.0867,139.0198,198.3742,149.8096,10.6742,8.061,100.483,75.8834,62.2021,46.9742,66.1537,49.9584,168.1661,126.9968,78.7845,59.497,210.228,158.7614,158.6701,119.8255,241.3381,182.2553,129.9535,98.1392,61.3835,46.356,35.6446,26.9184,58.6256,44.2733,55.5266,41.933,26.0808,19.6958,68.7876,51.9475,50.2587,37.9547,144.8095,109.3582
2026-03-16,184.2742,139.6036,198.6038,150.4594,10.6753,8.0874,100.505,76.1412,62.2811,47.1833,66.2374,50.1805,168.6014,127.73,78.8759,59.7553,210.6569,159.5907,159.0576,120.4998,241.95,183.298,130.3208,98.7292,61.5027,46.5936,35.7477,27.082,58.7795,44.5305,55.6615,42.1684,26.1785,19.8325,68.9794,52.2579,50.3715,38.1607,144.932,109.7985
2026-03-17,184.4619,140.1738,198.8336,151.095,10.6764,8.113,100.5271,76.3912,62.3602,47.3879,66.3211,50.3979,169.0377,128.4529,78.9674,60.0079,211.0866,160.4061,159.446,121.1641,242.5635,184.3256,130.6891,99.3115,61.622,46.827,35.8512,27.2435,58.9338,44.7842,55.7968,42.4003,26.2766,19.9678,69.1718,52.5641,50.4845,38.3635,145.0546,110.228
2026-03-18,184.6497,140.731,199.0637,151.7166,10.6775,8.1378,100.5491,76.6336,62.4393,47.5882,66.405,50.6106,169.4752,129.1657,79.059,60.2549,211.5173,161.2081,159.8354,121.8187,243.1786,185.3388,131.0585,99.8864,61.7416,47.0565,35.9549,27.403,59.0885,45.0344,55.9323,42.6289,26.3751,20.1018,69.3647,52.8664,50.5978,38.5632,145.1774,110.6471
2026-03-19,184.8378,141.2756,199.2941,152.3249,10.6786,8.1619,100.5711,76.8687,62.5186,47.7843,66.489,50.819,169.9139,129.8689,79.1508,60.4967,211.9488,161.9971,160.2258,122.4641,243.7952,186.338,131.4289,100.454,61.8615,47.2821,36.0589,27.5606,59.2436,45.2812,56.0682,42.8542,26.474,20.2347,69.5581,53.1648,50.7114,38.7598,145.3002,111.0561
2026-03-20,185.026,141.808,199.5248,152.9201,10.6797,8.1851,100.5931,77.0968,62.598,47.9764,66.573,51.023,170.3536,130.5627,79.2426,60.7333,212.3812,162.7736,160.617,123.1004,244.4134,187.3237,131.8004,101.0147,61.9816,47.504,36.1632,27.7162,59.3991,45.5248,56.2045,43.0763,26.5732,20.3663,69.7521,53.4595,50.8252,38.9536,145.4232,111.4555
2026-03-21,185.2145,142.3286,199.7557,153.5028,10.6808,8.2077,100.6152,77.318,62.6774,48.1646,66.6572,51.2229,170.7945,131.2475,79.3345,60.9648,212.8145,163.5379,161.0093,123.728,245.0331,188.2964,132.1729,101.5686,62.1019,47.7223,36.2678,27.8701,59.5551,45.7652,56.341,43.2954,26.6728,20.4968,69.9466,53.7506,50.9393,39.1444,145.5462,111.8454
2026-03-22,185.4031,142.8377,199.9868,154.0733,10.6819,8.2295,100.6372,77.5326,62.757,48.349,66.7415,51.4188,171.2366,131.9236,79.4266,61.1916,213.2487,164.2904,161.4025,124.3472,245.6544,189.2563,132.5465,102.116,62.2224,47.9372,36.3727,28.0221,59.7114,46.0027,56.4779,43.5115,26.7728,20.6262,70.1416,54.0383,51.0536,39.3326,145.6693,112.2261
2026-03-23,185.5919,143.3358,200.2183,154.632,10.683,8.2506,100.6592,77.7408,62.8367,48.5298,66.8259,51.6108,171.6798,132.5912,79.5188,61.4137,213.6837,165.0316,161.7967,124.9583,246.2773,190.2041,132.9211,102.6572,62.3432,48.1487,36.4779,28.1725,59.8681,46.2372,56.6151,43.7248,26.8732,20.7546,70.3372,54.3226,51.1682,39.5181,145.7926,112.5981
2026-03-24,185.781,143.8232,200.45,155.1793,10.6841,8.2711,100.6813,77.9429,62.9164,48.707,66.9104,51.799,172.1241,133.2507,79.611,61.6312,214.1197,165.7617,162.1918,125.5615,246.9018,191.1402,133.2967,103.1923,62.4642,48.3569,36.5834,28.3212,60.0253,46.4689,56.7527,43.9353,26.9739,20.882,70.5334,54.6037,51.283,39.701,145.916,112.9615
2026-03-25,185.9702,144.3002,200.682,155.7156,10.6852,8.291,100.7034,78.1389,62.9963,48.8808,66.995,51.9836,172.5696,133.9023,79.7034,61.8444,214.5565,166.4813,162.5879,126.1571,247.5279,192.0648,133.6735,103.7215,62.5854,48.562,36.6892,28.4684,60.1829,46.6978,56.8905,44.1432,27.075,21.0084,70.73,54.8817,51.3981,39.8815,146.0394,113.3166
2026-03-26,186.1596,144.7672,200.9142,156.2412,10.6863,8.3102,100.7254,78.3292,63.0763,49.0513,67.0797,52.1646,173.0162,134.5463,79.7959,62.0533,214.9943,167.1905,162.985,126.7454,248.1555,192.9784,134.0513,104.2451,62.7069,48.7641,36.7954,28.614,60.3408,46.9241,57.0288,44.3485,27.1765,21.1338,70.9273,55.1567,51.5135,40.0595,146.163,113.6638
2026-03-27,186.3492,145.2245,201.1468,156.7565,10.6874,8.3288,100.7475,78.5139,63.1563,49.2186,67.1645,52.3422,173.464,135.1829,79.8885,62.2582,215.4329,167.8898,163.383,127.3266,248.7847,193.8814,134.4302,104.7633,62.8286,48.9632,36.9018,28.7581,60.4992,47.1479,57.1673,44.5513,27.2784,21.2584,71.1251,55.4287,51.6291,40.2353,146.2867,114.0032
2026-03-28,186.539,145.6724,201.3796,157.2617,10.6885,8.3469,100.7695,78.6932,63.2365,49.3828,67.2495,52.5166,173.913,135.8125,79.9811,62.459,215.8724,168.5795,163.782,127.901,249.4156,194.7741,134.8101,105.2762,62.9505,49.1595,37.0086,28.9008,60.6581,47.3692,57.3062,44.7517,27.3806,21.3821,71.3234,55.698,51.745,40.4088,146.4104,114.3351
2026-03-29,186.7289,146.1112,201.6126,157.7574,10.6896,8.3644,100.7916,78.8672,63.3168,49.544,67.3345,52.6877,174.3631,136.4352,80.074,62.6561,216.3128,169.2599,164.182,128.4687,250.048,195.657,135.1911,105.784,63.0727,49.353,37.1156,29.0421,60.8173,47.5882,57.4455,44.9498,27.4833,21.505,71.5223,55.9646,51.8611,40.5802,146.5343,114.6598
2026-03-30,186.9191,146.5412,201.8459,158.2436,10.6907,8.3813,100.8137,79.0361,63.3972,49.7023,67.4196,52.8558,174.8144,137.0514,80.1669,62.8494,216.7541,169.9314,164.5829,129.0301,250.682,196.5302,135.5732,106.287,63.1952,49.5439,37.223,29.1821,60.9769,47.8048,57.585,45.1456,27.5863,21.6272,71.7217,56.2286,51.9775,40.7494,146.6583,114.9775
2026-03-31,187.1095,146.9628,202.0795,158.7208,10.6918,8.3977,100.8358,79.2002,63.4777,49.8577,67.5049,53.0209,175.2668,137.6611,80.2599,63.0391,217.1963,170.5941,164.9849,129.5853,251.3177,197.3943,135.9564,106.7852,63.3178,49.7322,37.3306,29.3209,61.137,48.0193,57.7249,45.3393,27.6897,21.7485,71.9217,56.49,52.0942,40.9167,146.7824,115.2884
2026-04-01,187.3,147.3761,202.3134,159.1893,10.6929,8.4136,100.8579,79.3595,63.5582,50.0105,67.5902,53.183,175.7205,138.2647,80.353,63.2253,217.6395,171.2485,165.3878,130.1345,251.9549,198.2494,136.3406,107.2789,63.4407,49.918,37.4386,29.4584,61.2975,48.2316,57.8652,45.5309,27.7935,21.8692,72.1223,56.749,52.2111,41.082,146.9066,115.5927
2026-04-02,187.4908,147.7814,202.5476,159.6492,10.694,8.4291,100.88,79.5142,63.6389,50.1606,67.6757,53.3424,176.1753,138.8624,80.4462,63.4082,218.0835,171.8948,165.7917,130.678,252.5938,199.096,136.726,107.7683,63.5638,50.1014,37.5469,29.5947,61.4584,48.4419,58.0058,45.7205,27.8977,21.9891,72.3234,57.0058,52.3283,41.2455,147.0309,115.8907
2026-04-03,187.6817,148.179,202.782,160.101,10.6951,8.444,100.9021,79.6645,63.7197,50.3082,67.7613,53.4991,176.6312,139.4544,80.5396,63.5878,218.5284,172.5332,166.1966,131.216,253.2343,199.9343,137.1124,108.2534,63.6872,50.2825,37.6555,29.7299,61.6197,48.6502,58.1467,45.9082,28.0022,22.1084,72.5251,57.2602,52.4457,41.4071,147.1553,116.1825
2026-04-04,187.8729,148.5692,203.0167,160.5449,10.6962,8.4585,100.9242,79.8105,63.8006,50.4533,67.8469,53.6531,177.0884,140.0409,80.633,63.7643,218.9742,173.1641,166.6024,131.7486,253.8764,200.7646,137.4999,108.7345,63.8108,50.4614,37.7645,29.864,61.7815,48.8566,58.288,46.0939,28.1072,22.2271,72.7273,57.5125,52.5634,41.567,147.2798,116.4683
2026-04-05,188.0642,148.9522,203.2516,160.981,10.6973,8.4726,100.9463,79.9523,63.8816,50.596,67.9327,53.8046,177.5467,140.622,80.7266,63.9377,219.421,173.7876,167.0093,132.2761,254.5201,201.5871,137.8885,109.2116,63.9347,50.6381,37.8737,29.997,61.9437,49.0611,58.4296,46.2779,28.2126,22.3451,72.9301,57.7627,52.6814,41.7252,147.4044,116.7485
2026-04-06,188.2558,149.3282,203.4868,161.4098,10.6984,8.4862,100.9684,80.0901,63.9627,50.7365,68.0186,53.9537,178.0062,141.1981,80.8202,64.1082,219.8686,174.4041,167.4172,132.7986,255.1655,202.4023,138.2782,109.685,64.0588,50.8127,37.9833,30.1291,62.1063,49.2639,58.5715,46.4601,28.3183,22.4626,73.1335,58.0109,52.7996,41.8817,147.5291,117.023
2026-04-07,188.4475,149.6974,203.7223,161.8313,10.6995,8.4994,100.9905,80.224,64.0439,50.8747,68.1046,54.1004,178.4669,141.7692,80.914,64.2758,220.3172,175.0138,167.826,133.3163,255.8125,203.2103,138.6691,110.1548,64.1831,50.9853,38.0931,30.2601,62.2693,49.465,58.7139,46.6406,28.4245,22.5796,73.3374,58.2572,52.9181,42.0367,147.6539,117.2922
2026-04-08,188.6394,150.0601,203.9581,162.246,10.7006,8.5122,101.0126,80.3542,64.1252,51.0107,68.1908,54.2448,178.9288,142.3355,81.0079,64.4407,220.7667,175.617,168.2359,133.8294,256.4611,204.0114,139.061,110.6212,64.3077,51.1559,38.2033,30.3902,62.4328,49.6644,58.8565,46.8196,28.531,22.696,73.5419,58.5016,53.0369,42.1902,147.7789,117.5561
2026-04-09,188.8315,150.4165,204.1941,162.6539,10.7017,8.5246,101.0347,80.4807,64.2066,51.1447,68.277,54.387,179.3919,142.8973,81.1019,64.6029,221.2171,176.2137,168.6467,134.338,257.1114,204.8059,139.454,111.0841,64.4325,51.3247,38.3138,30.5194,62.5966,49.8623,58.9995,46.9969,28.638,22.812,73.747,58.7443,53.1559,42.3422,147.9039,117.815
2026-04-10,189.0239,150.7668,204.4305,163.0553,10.7028,8.5366,101.0569,80.6037,64.2881,51.2767,68.3633,54.5271,179.8562,143.4547,81.196,64.7625,221.6684,176.8044,169.0586,134.8424,257.7634,205.594,139.8481,111.5439,64.5576,51.4916,38.4247,30.6478,62.761,50.0586,59.1428,47.1728,28.7453,22.9275,73.9526,58.9852,53.2753,42.4927,148.0291,118.0691
2026-04-11,189.2164,151.1112,204.6671,163.4504,10.7039,8.5483,101.079,80.7233,64.3697,51.4067,68.4497,54.6651,180.3217,144.0078,81.2902,64.9197,222.1206,177.3891,169.4715,135.3426,258.417,206.3759,140.2434,112.0006,64.6829,51.6568,38.5358,30.7753,62.9257,50.2535,59.2865,47.3472,28.853,23.0425,74.1589,59.2245,53.3948,42.642,148.1543,118.3184
2026-04-12,189.4091,151.4499,204.9039,163.8394,10.705,8.5596,101.1012,80.8396,64.4515,51.5348,68.5363,54.801,180.7884,144.5569,81.3845,65.0744,222.5738,177.9681,169.8853,135.8389,259.0722,207.1519,140.6398,112.4544,64.8084,51.8203,38.6473,30.902,63.0909,50.4469,59.4306,47.5202,28.9612,23.1571,74.3657,59.4621,53.5147,42.7899,148.2797,118.5631
2026-04-13,189.602,151.783,205.1411,164.2226,10.7061,8.5706,101.1233,80.9527,64.5333,51.6611,68.623,54.9351,181.2564,145.102,81.479,65.2267,223.0279,178.5416,170.3002,136.3313,259.7291,207.9222,141.0373,112.9052,64.9342,51.9821,38.7591,31.028,63.2565,50.6391,59.575,47.6918,29.0698,23.2714,74.573,59.6983,53.6348,42.9365,148.4051,118.8035
2026-04-14,189.7951,152.1108,205.3785,164.6,10.7072,8.5813,101.1455,81.0628,64.6152,51.7857,68.7097,55.0672,181.7255,145.6434,81.5735,65.3769,223.4829,179.1098,170.7161,136.82,260.3877,208.6871,141.4359,113.3534,65.0602,52.1424,38.8712,31.1532,63.4226,50.8299,59.7197,47.8622,29.1787,23.3852,74.781,59.933,53.7551,43.0819,148.5307,119.0395
2026-04-15,189.9884,152.4334,205.6162,164.972,10.7083,8.5916,101.1676,81.1698,64.6972,51.9085,68.7966,55.1976,182.1958,146.1812,81.6681,65.5248,223.9388,179.6729,171.133,137.3052,261.048,209.4466,141.8356,113.799,65.1865,52.3011,38.9836,31.2777,63.5891,51.0194,59.8648,48.0313,29.2881,23.4987,74.9895,60.1663,53.8758,43.2262,148.6564,119.2715
2026-04-16,190.1819,152.751,205.8541,165.3387,10.7094,8.6016,101.1898,81.274,64.7794,52.0297,68.8836,55.3262,182.6674,146.7155,81.7629,65.6706,224.3957,180.231,171.551,137.787,261.7099,210.2011,142.2365,114.242,65.313,52.4584,39.0964,31.4016,63.756,51.2078,60.0103,48.1993,29.3979,23.6119,75.1986,60.3983,53.9967,43.3693,148.7821,119.4994
2026-04-17,190.3756,153.0638,206.0924,165.7002,10.7105,8.6114,101.2119,81.3754,64.8616,52.1493,68.9707,55.4531,183.1401,147.2464,81.8578,65.8144,224.8535,180.7844,171.9699,138.2654,262.3735,210.9508,142.6385,114.6827,65.4398,52.6142,39.2095,31.5248,63.9233,51.395,60.1561,48.366,29.5081,23.7248,75.4083,60.629,54.1179,43.5113,148.908,119.7235
2026-04-18,190.5695,153.3718,206.3309,166.0568,10.7116,8.6208,101.2341,81.474,64.9439,52.2674,69.0579,55.5784,183.6141,147.7741,81.9527,65.9562,225.3123,181.3331,172.3899,138.7408,263.0388,211.6957,143.0416,115.1211,65.5668,52.7687,39.3229,31.6474,64.0911,51.5811,60.3022,48.5317,29.6187,23.8374,75.6186,60.8585,54.2394,43.6523,149.034,119.9438
2026-04-19,190.7635,153.6754,206.5697,166.4085,10.7127,8.63,101.2563,81.5701,65.0264,52.384,69.1452,55.702,184.0894,148.2988,82.0478,66.0961,225.7719,181.8775,172.8109,139.2131,263.7058,212.4362,143.4459,115.5572,65.6941,52.9219,39.4367,31.7694,64.2594,51.7661,60.4487,48.6963,29.7297,23.9497,75.8295,61.0867,54.3611,43.7922,149.1601,120.1605
2026-04-20,190.9578,153.9746,206.8087,166.7556,10.7138,8.6389,101.2785,81.6636,65.1089,52.4991,69.2327,55.8242,184.5658,148.8205,82.143,66.2342,226.2325,182.4176,173.2329,139.6825,264.3744,213.1724,143.8513,115.9913,65.8216,53.0738,39.5507,31.8909,64.4281,51.9501,60.5956,48.8599,29.8411,24.0617,76.0409,61.3139,54.4831,43.9312,149.2863,120.3737
2026-04-21,191.1523,154.2695,207.0481,167.0982,10.7149,8.6475,101.3007,81.7547,65.1916,52.6129,69.3202,55.9449,185.0435,149.3394,82.2383,66.3705,226.6941,182.9535,173.656,140.1491,265.0448,213.9045,144.2579,116.4234,65.9494,53.2245,39.6651,32.0118,64.5972,52.1332,60.7428,49.0225,29.953,24.1736,76.253,61.54,54.6054,44.0693,149.4126,120.5835
2026-04-22,191.347,154.5604,207.2877,167.4365,10.716,8.6559,101.3228,81.8435,65.2743,52.7253,69.4078,56.0641,185.5224,149.8556,82.3338,66.505,227.1566,183.4856,174.0801,140.6131,265.7168,214.6326,144.6656,116.8535,66.0774,53.3739,39.7799,32.1322,64.7668,52.3153,60.8904,49.1842,30.0653,24.2852,76.4656,61.765,54.7279,44.2065,149.5391,120.7901
2026-04-23,191.5419,154.8473,207.5276,167.7706,10.7171,8.664,101.345,81.9299,65.3572,52.8364,69.4956,56.182,186.0026,150.3692,82.4293,66.6379,227.62,184.0138,174.5052,141.0744,266.3906,215.3569,145.0745,117.2819,66.2056,53.5223,39.895,32.2521,64.9368,52.4965,61.0383,49.3449,30.178,24.3966,76.6788,61.9891,54.8508,44.3428,149.6656,120.9935
2026-04-24,191.7369,155.1304,207.7678,168.1006,10.7182,8.6719,101.3672,82.0141,65.4402,52.9463,69.5835,56.2985,186.484,150.8803,82.5249,66.7692,228.0844,184.5383,174.9314,141.5333,267.0661,216.0776,145.4845,117.7085,66.3341,53.6696,40.0104,32.3715,65.1073,52.6769,61.1866,49.5048,30.2911,24.5079,76.8926,62.2122,54.9739,44.4782,149.7922,121.1938
2026-04-25,191.9322,155.4097,208.0082,168.4267,10.7193,8.6796,101.3894,82.0962,65.5233,53.0549,69.6715,56.4138,186.9666,151.3891,82.6207,66.8989,228.5497,185.0594,175.3586,141.9899,267.7433,216.7948,145.8957,118.1334,66.4629,53.8158,40.1261,32.4906,65.2782,52.8565,61.3353,49.6639,30.4046,24.619,77.1071,62.4345,55.0973,44.6129,149.919,121.3911
2026-04-26,192.1277,155.6855,208.2489,168.749,10.7205,8.687,101.4117,82.1762,65.6064,53.1624,69.7596,56.5278,187.4505,151.8955,82.7165,67.0271,229.016,185.577,175.7868,142.4442,268.4222,217.5087,146.308,118.5568,66.5919,53.9609,40.2422,32.6092,65.4495,53.0353,61.4843,49.8222,30.5186,24.7299,77.3221,62.6559,55.2209,44.7468,150.0458,121.5856
2026-04-27,192.3234,155.9579,208.49,169.0676,10.7216,8.6943,101.4339,82.2542,65.6897,53.2688,69.8478,56.6406,187.9357,152.3999,82.8125,67.1539,229.4832,186.0914,176.2161,142.8963,269.1028,218.2195,146.7215,118.9787,66.7211,54.1052,40.3586,32.7274,65.6213,53.2133,61.6337,49.9797,30.633,24.8408,77.5377,62.8765,55.3449,44.88,150.1728,121.7773
2026-04-28,192.5192,156.2269,208.7312,169.3827,10.7227,8.7013,101.4561,82.3303,65.7731,53.374,69.9361,56.7522,188.4221,152.9021,82.9086,67.2793,229.9514,186.6026,176.6465,143.3463,269.7851,218.9272,147.1362,119.3992,66.8506,54.2484,40.4753,32.8452,65.7936,53.3907,61.7834,50.1365,30.7478,24.9515,77.7539,63.0963,55.4691,45.0124,150.2998,121.9664
2026-04-29,192.7153,156.4927,208.9728,169.6944,10.7238,8.7081,101.4783,82.4045,65.8566,53.4783,70.0245,56.8628,188.9098,153.4024,83.0048,67.4033,230.4206,187.1109,177.0779,143.7944,270.4692,219.632,147.5521,119.8183,66.9804,54.3908,40.5924,32.9627,65.9663,53.5673,61.9336,50.2926,30.8631,25.0621,77.9707,63.3154,55.5936,45.1442,150.427,122.1528
2026-04-30,192.9116,156.7553,209.2147,170.0028,10.7249,8.7148,101.5005,82.4769,65.9402,53.5814,70.1131,56.9722,189.3987,153.9009,83.1011,67.526,230.8906,187.6162,177.5103,144.2406,271.155,220.3341,147.9691,120.2361,67.1104,54.5323,40.7098,33.0798,66.1395,53.7433,62.084,50.448,30.9788,25.1726,78.1882,63.5338,55.7183,45.2754,150.5543,122.3368
2026-05-01,193.108,157.015,209.4568,170.308,10.726,8.7212,101.5228,82.5475,66.0239,53.6836,70.2017,57.0806,189.8889,154.3975,83.1975,67.6474,231.3617,188.1188,177.9438,144.685,271.8426,221.0335,148.3873,120.6528,67.2406,54.673,40.8276,33.1967,66.3131,53.9188,62.2349,50.6028,31.0949,25.2831,78.4062,63.7516,55.8434,45.4059,150.6817,122.5183
2026-05-02,193.3047,157.2717,209.6992,170.6101,10.7271,8.7275,101.545,82.6165,66.1077,53.7849,70.2905,57.188,190.3804,154.8924,83.2941,67.7676,231.8337,188.6187,178.3784,145.1277,272.5319,221.7305,148.8067,121.0683,67.3712,54.8128,40.9457,33.3132,66.4872,54.0936,62.3861,50.757,31.2115,25.3935,78.6248,63.9687,55.9687,45.5359,150.8092,122.6975
2026-05-03,193.5016,157.5256,209.9419,170.9093,10.7282,8.7336,101.5673,82.6838,66.1917,53.8853,70.3794,57.2944,190.8731,155.3858,83.3907,67.8866,232.3067,189.116,178.814,145.5687,273.2229,222.425,149.2273,121.4828,67.5019,54.9519,41.0641,33.4294,66.6617,54.2679,62.5376,50.9106,31.3284,25.5038,78.8441,64.1853,56.0943,45.6652,150.9368,122.8745
2026-05-04,193.6987,157.7768,210.1849,171.2056,10.7293,8.7395,101.5895,82.7495,66.2757,53.9847,70.4683,57.3998,191.3671,155.8776,83.4875,68.0045,232.7806,189.6109,179.2507,146.0082,273.9157,223.1174,149.649,121.8962,67.6329,55.0902,41.1829,33.5454,66.8367,54.4417,62.6896,51.0637,31.4459,25.6142,79.0639,64.4013,56.2202,45.7941,151.0645,123.0492
2026-05-05,193.8959,158.0253,210.4281,171.4991,10.7304,8.7453,101.6118,82.8137,66.3598,54.0833,70.5574,57.5044,191.8624,156.368,83.5843,68.1213,233.2555,190.1034,179.6885,146.4462,274.6102,223.8075,150.072,122.3088,67.7642,55.2279,41.302,33.6612,67.0121,54.6149,62.8419,51.2162,31.5637,25.7245,79.2844,64.6169,56.3464,45.9224,151.1923,123.2218
2026-05-06,194.0934,158.2713,210.6716,171.7899,10.7315,8.7509,101.634,82.8763,66.4441,54.1811,70.6467,57.608,192.359,156.857,83.6813,68.237,233.7314,190.5937,180.1273,146.8828,275.3066,224.4957,150.4961,122.7204,67.8957,55.3648,41.4215,33.7767,67.188,54.7878,62.9946,51.3682,31.6821,25.8348,79.5055,64.8319,56.4729,46.0502,151.3202,123.3924
2026-05-07,194.2911,158.5149,210.9154,172.0781,10.7326,8.7563,101.6563,82.9376,66.5284,54.2781,70.736,57.7109,192.8568,157.3447,83.7784,68.3517,234.2083,191.0819,180.5672,147.3181,276.0046,225.182,150.9215,123.1312,68.0275,55.5011,41.5413,33.892,67.3644,54.9601,63.1476,51.5198,31.8008,25.9451,79.7272,65.0465,56.5996,46.1775,151.4482,123.561
2026-05-08,194.489,158.7561,211.1595,172.3638,10.7337,8.7616,101.6785,82.9974,66.6129,54.3743,70.8254,57.8129,193.356,157.8313,83.8756,68.4654,234.6861,191.5679,181.0081,147.7521,276.7045,225.8664,151.348,123.5413,68.1596,55.6368,41.6615,34.0072,67.5412,55.1321,63.3011,51.6709,31.92,26.0555,79.9495,65.2606,56.7267,46.3044,151.5764,123.7277
2026-05-09,194.687,158.995,211.4039,172.6471,10.7348,8.7668,101.7008,83.056,66.6975,54.4698,70.915,57.9141,193.8564,158.3166,83.9729,68.5781,235.1649,192.052,181.4502,148.1849,277.4061,226.5491,151.7758,123.9507,68.2919,55.7719,41.782,34.1221,67.7185,55.3037,63.4549,51.8216,32.0397,26.1658,80.1725,65.4744,56.854,46.4309,151.7046,123.8926
2026-05-10,194.8853,159.2317,211.6486,172.9281,10.7359,8.7718,101.7231,83.1132,66.7821,54.5645,71.0047,58.0146,194.3582,158.8009,84.0704,68.69,235.6447,192.5342,181.8933,148.6165,278.1095,227.2303,152.2047,124.3594,68.4244,55.9064,41.9029,34.2369,67.8963,55.4749,63.609,51.972,32.1598,26.2762,80.396,65.6878,56.9816,46.557,151.833,124.0556
2026-05-11,195.0838,159.4662,211.8935,173.2069,10.737,8.7767,101.7454,83.1691,66.8669,54.6586,71.0944,58.1143,194.8612,159.2842,84.1679,68.8009,236.1254,193.0146,182.3375,149.0471,278.8147,227.9099,152.6349,124.7675,68.5572,56.0403,42.0241,34.3515,68.0745,55.6458,63.7636,52.1219,32.2803,26.3867,80.6202,65.9009,57.1095,46.6827,151.9615,124.217
2026-05-12,195.2825,159.6987,212.1388,173.4835,10.7381,8.7815,101.7677,83.2239,66.9518,54.752,71.1843,58.2133,195.3655,159.7666,84.2656,68.911,236.6072,193.4933,182.7828,149.4767,279.5217,228.5881,153.0663,125.175,68.6903,56.1737,42.1456,34.466,68.2532,55.8163,63.9185,52.2715,32.4013,26.4972,80.845,66.1137,57.2376,46.808,152.09,124.3767
2026-05-13,195.4814,159.9292,212.3843,173.758,10.7392,8.7861,101.79,83.2774,67.0368,54.8448,71.2743,58.3117,195.8712,160.2481,84.3633,69.0202,237.0899,193.9704,183.2292,149.9053,280.2304,229.265,153.4989,125.5821,68.8236,56.3067,42.2676,34.5804,68.4324,55.9866,64.0738,52.4207,32.5228,26.6079,81.0705,66.3262,57.3661,46.9329,152.2187,124.5347
2026-05-14,195.6805,160.1578,212.6301,174.0304,10.7404,8.7906,101.8123,83.3299,67.1219,54.937,71.3645,58.4094,196.3781,160.7288,84.4612,69.1286,237.5736,194.4458,183.6767,150.3331,280.941,229.9406,153.9328,125.9887,68.9572,56.4391,42.3898,34.6946,68.6121,56.1566,64.2295,52.5696,32.6447,26.7186,81.2965,66.5384,57.4949,47.0576,152.3475,124.6912
2026-05-15,195.8797,160.3845,212.8761,174.301,10.7415,8.795,101.8346,83.3812,67.2071,55.0285,71.4547,58.5064,196.8864,161.2087,84.5592,69.2363,238.0583,194.9198,184.1252,150.76,281.6534,230.6151,154.3678,126.3949,69.091,56.5711,42.5124,34.8088,68.7922,56.3264,64.3855,52.7182,32.767,26.8293,81.5232,66.7505,57.6239,47.1819,152.4764,124.8462
2026-05-16,196.0792,160.6094,213.1225,174.5696,10.7426,8.7993,101.8569,83.4314,67.2924,55.1195,71.545,58.6029,197.3959,161.6879,84.6573,69.3432,238.5439,195.3924,184.5749,151.1861,282.3675,231.2885,154.8041,126.8008,69.2251,56.7026,42.6354,34.9229,68.9727,56.4959,64.5419,52.8666,32.8899,26.9402,81.7506,66.9623,57.7532,47.3059,152.6054,124.9998
2026-05-17,196.2789,160.8326,213.3692,174.8365,10.7437,8.8035,101.8792,83.4806,67.3778,55.21,71.6355,58.6987,197.9068,162.1665,84.7556,69.4494,239.0306,195.8637,185.0257,151.6116,283.0835,231.961,155.2416,127.2063,69.3595,56.8337,42.7587,35.0369,69.1538,56.6652,64.6988,53.0147,33.0132,27.0513,81.9785,67.1739,57.8828,47.4297,152.7346,125.152
2026-05-18,196.4788,161.0541,213.6161,175.1016,10.7448,8.8075,101.9015,83.5289,67.4634,55.2999,71.7261,58.794,198.4191,162.6445,84.8539,69.5549,239.5183,196.3336,185.4775,152.0363,283.8013,232.6326,155.6804,127.6116,69.4941,56.9645,42.8824,35.1508,69.3353,56.8343,64.8559,53.1626,33.1369,27.1624,82.2071,67.3854,58.0128,47.5532,152.8638,125.3028
2026-05-19,196.6789,161.274,213.8633,175.365,10.7459,8.8115,101.9238,83.5761,67.549,55.3893,71.8168,58.8888,198.9326,163.122,84.9524,69.6598,240.0069,196.8024,185.9305,152.4605,284.5209,233.3033,156.1204,128.0166,69.629,57.0948,43.0065,35.2647,69.5173,57.0033,65.0135,53.3102,33.2611,27.2737,82.4364,67.5967,58.143,47.6764,152.9931,125.4523
2026-05-20,196.8793,161.4924,214.1108,175.6268,10.747,8.8153,101.9461,83.6225,67.6348,55.4782,71.9076,58.983,199.4475,163.599,85.0509,69.764,240.4966,197.27,186.3846,152.884,285.2424,233.9732,156.5616,128.4214,69.7641,57.2248,43.1309,35.3786,69.6998,57.1721,65.1715,53.4576,33.3858,27.3851,82.6663,67.8079,58.2735,47.7995,153.1226,125.6005
2026-05-21,197.0798,161.7093,214.3586,175.887,10.7481,8.8191,101.9685,83.6679,67.7206,55.5666,71.9985,59.0767,199.9637,164.0756,85.1496,69.8676,240.9872,197.7365,186.8397,153.307,285.9657,234.6425,157.0041,128.8261,69.8996,57.3545,43.2556,35.4924,69.8828,57.3407,65.3298,53.6049,33.5109,27.4966,82.8968,68.019,58.4042,47.9223,153.2521,125.7475
2026-05-22,197.2805,161.9247,214.6067,176.1458,10.7492,8.8228,101.9908,83.7124,67.8066,55.6546,72.0896,59.17,200.4812,164.5518,85.2484,69.9705,241.4789,198.202,187.296,153.7296,286.6908,235.3112,157.4479,129.2307,70.0352,57.4838,43.3808,35.6062,70.0662,57.5093,65.4885,53.752,33.6365,27.6083,83.1279,68.2301,58.5353,48.0449,153.3818,125.8933
