date,FCX_baseline,FCX_impacted,NEM_baseline,NEM_impacted,GOLD_baseline,GOLD_impacted,AEM_baseline,AEM_impacted,WPM_baseline,WPM_impacted,PAAS_baseline,PAAS_impacted,HL_baseline,HL_impacted,CDE_baseline,CDE_impacted,EGO_baseline,EGO_impacted,KGC_baseline,KGC_impacted,AG_baseline,AG_impacted,FSM_baseline,FSM_impacted,MAG_baseline,MAG_impacted,SSRM_baseline,SSRM_impacted,IAG_baseline,IAG_impacted,BTG_baseline,BTG_impacted,MUX_baseline,MUX_impacted,AGI_baseline,AGI_impacted,PVG_baseline,PVG_impacted,GATO_baseline,GATO_impacted
2026-02-22,64.4214,62.1833,122.4752,118.2202,58.9342,56.8867,228.8388,220.8886,150.7473,145.5101,64.8804,62.6264,24.11,23.2724,24.7136,23.855,43.1091,41.6114,33.5468,32.3813,27.6572,26.6963,12.3004,11.8731,100.0219,96.547,30.5681,29.5062,22.277,21.503,5.4005,5.2129,26.2851,25.3719,47.9474,46.2816,100.0219,96.547,100.0219,96.547
2026-02-23,64.5028,60.021,122.8213,114.2873,59.0486,54.9457,229.419,213.4783,151.1154,140.6154,65.0613,60.5407,24.2004,22.5189,24.7975,23.0745,43.2185,40.2156,33.6438,31.3061,27.7648,25.8356,12.3309,11.4741,100.0438,93.0925,30.6767,28.5451,22.3542,20.801,5.411,5.035,26.3605,24.5289,48.055,44.716,100.0438,93.0925,100.0438,93.0925
2026-02-24,64.5844,57.8531,123.1685,110.3313,59.1632,52.9969,230.0008,206.029,151.4844,135.696,65.2428,58.4429,24.2911,21.7594,24.8817,22.2884,43.3282,38.8123,33.7411,30.2245,27.8728,24.9678,12.3614,11.0731,100.0657,89.6364,30.7856,27.5769,22.4317,20.0938,5.4215,4.8565,26.436,23.6808,48.1628,43.1431,100.0657,89.6364,100.0657,89.6364
2026-02-25,64.666,55.6796,123.5166,106.3519,59.278,51.0404,230.584,198.5406,151.8544,130.7518,65.4247,56.3329,24.3822,20.9939,24.9661,21.4967,43.4382,37.4017,33.8387,29.1363,27.9812,24.0928,12.392,10.67,100.0876,86.1789,30.8948,26.6015,22.5095,19.3814,5.432,4.6772,26.5118,22.8276,48.2709,41.5629,100.0876,86.1789,100.0876,86.1789
2026-02-26,64.7478,53.5006,123.8657,102.3492,59.3931,49.076,231.1686,191.0129,152.2252,125.7826,65.6071,54.2107,24.4736,20.2223,25.0508,20.6993,43.5484,35.9837,33.9366,28.0416,28.0901,23.2106,12.4227,10.2648,100.1096,82.7198,31.0045,25.6188,22.5875,18.6639,5.4426,4.4972,26.5878,21.9693,48.3793,39.9754,100.1096,82.7198,100.1096,82.7198
2026-02-27,64.8297,51.316,124.2157,98.3231,59.5083,47.1039,231.7548,183.4457,152.597,120.7883,65.7901,52.0762,24.5653,19.4447,25.1359,19.8963,43.6589,34.5583,34.0348,26.9403,28.1994,22.3212,12.4535,9.8576,100.1315,79.2592,31.1146,24.6288,22.6658,17.9411,5.4532,4.3165,26.664,21.1059,48.4879,38.3806,100.1315,79.2592,100.1315,79.2592
2026-02-28,64.9116,49.1257,124.5668,94.2733,59.6238,45.1239,232.3424,175.8389,152.9697,115.7689,65.9735,49.9294,24.6574,18.6609,25.2212,19.0876,43.7697,33.1253,34.1332,25.8323,28.3091,21.4246,12.4844,9.4483,100.1534,75.797,31.2251,23.6314,22.7444,17.2132,5.4638,4.1351,26.7405,20.2374,48.5967,36.7784,100.1534,75.797,100.1534,75.797
2026-03-01,64.9937,46.9299,124.9189,90.1999,59.7396,43.136,232.9316,168.1924,153.3432,110.7242,66.1575,47.7702,24.7498,17.871,25.3068,18.2732,43.8808,31.6849,34.232,24.7178,28.4192,20.5206,12.5153,9.0369,100.1754,72.3334,31.3359,22.6266,22.8232,16.4799,5.4744,3.9529,26.8171,19.3638,48.7057,35.1688,100.1754,72.3334,100.1754,72.3334
2026-03-02,65.0759,44.7284,125.2719,86.1027,59.8555,41.1403,233.5222,160.5059,153.7177,105.6542,66.342,45.5986,24.8426,17.075,25.3927,17.4531,43.9922,30.237,34.331,23.5966,28.5298,19.6093,12.5463,8.6234,100.1973,68.8682,31.4472,21.6145,22.9024,15.7414,5.4851,3.77,26.894,18.4849,48.8151,33.5519,100.1973,68.8682,100.1973,68.8682
2026-03-03,65.1582,42.5212,125.626,81.9816,59.9717,39.1366,234.1143,152.7794,154.0931,100.5588,66.527,43.4145,24.9357,16.2727,25.4789,16.6271,44.1038,28.7815,34.4303,22.4687,28.6408,18.6905,12.5774,8.2078,100.2193,65.4016,31.5588,20.5948,22.9818,14.9976,5.4957,3.5864,26.9711,17.6009,48.9246,31.9275,100.2193,65.4016,100.2193,65.4016
2026-03-04,65.2406,40.3084,125.981,77.8365,60.0881,37.125,234.708,145.0127,154.4694,95.4379,66.7125,41.2179,25.0292,15.4641,25.5654,15.7954,44.2157,27.3184,34.5299,21.3341,28.7522,17.7643,12.6086,7.7901,100.2412,61.9334,31.6708,19.5676,23.0615,14.2484,5.5064,3.4021,27.0484,16.7117,49.0344,30.2956,100.2412,61.9334,100.2412,61.9334
2026-03-05,65.3231,38.09,126.3371,73.6674,60.2047,35.1055,235.3031,137.2056,154.8467,90.2913,66.8985,39.0086,25.123,14.6493,25.6521,14.9578,44.3279,25.8477,34.6298,20.1927,28.864,16.8307,12.6398,7.3703,100.2632,58.4636,31.7833,18.5329,23.1414,13.4938,5.5171,3.217,27.1259,15.8172,49.1445,28.6562,100.2632,58.4636,100.2632,58.4636
2026-03-06,65.4057,35.8659,126.6942,69.474,60.3216,33.0779,235.8997,129.358,155.2248,85.1191,67.0851,36.7868,25.2172,13.8281,25.7392,14.1144,44.4404,24.3694,34.7299,19.0445,28.9763,15.8895,12.6711,6.9483,100.2851,54.9924,31.8961,17.4905,23.2216,12.7338,5.5279,3.0313,27.2037,14.9174,49.2548,27.0094,100.2851,54.9924,100.2851,54.9924
2026-03-07,65.4884,33.636,127.0523,65.2564,60.4387,31.0424,236.4979,121.4697,155.6039,79.9211,67.2722,34.5522,25.3117,13.0006,25.8266,13.265,44.5532,22.8834,34.8304,17.8895,29.0891,14.9407,12.7025,6.5242,100.3071,51.5196,32.0093,16.4406,23.3021,11.9684,5.5386,2.8447,27.2817,14.0124,49.3653,25.3549,100.3071,51.5196,100.3071,51.5196
2026-03-08,65.5712,31.4005,127.4113,61.0144,60.556,28.9989,237.0976,113.5406,155.9839,74.6971,67.4597,32.3049,25.4066,12.1666,25.9142,12.4097,44.6663,21.3897,34.9312,16.7277,29.2022,13.9843,12.734,6.098,100.3291,48.0453,32.123,15.3829,23.3829,11.1975,5.5494,2.6575,27.3599,13.102,49.4761,23.693,100.3291,48.0453,100.3291,48.0453
2026-03-09,65.6541,31.8328,127.7714,61.9508,60.6735,29.4179,237.6988,115.2498,156.3649,75.8145,67.6479,32.7995,25.5018,12.3647,26.0022,12.6073,44.7796,21.7117,35.0322,16.9856,29.3158,14.214,12.7655,6.1894,100.3511,48.6559,32.237,15.6303,23.464,11.3767,5.5602,2.6959,27.4383,13.3036,49.5872,24.0427,100.3511,48.6559,100.3511,48.6559
2026-03-10,65.7371,32.2533,128.1326,62.867,60.7913,29.8266,238.3015,116.9203,156.7467,76.9062,67.8365,33.2833,25.5974,12.5591,26.0904,12.801,44.8933,22.0264,35.1335,17.2379,29.4299,14.4395,12.7971,6.2788,100.373,49.247,32.3514,15.8729,23.5453,11.5523,5.571,2.7333,27.517,13.5009,49.6985,24.3841,100.373,49.247,100.373,49.247
2026-03-11,65.8202,32.6622,128.4947,63.7634,60.9093,30.2252,238.9057,118.5531,157.1295,77.973,68.0257,33.7566,25.6933,12.7499,26.179,12.9909,45.0072,22.3341,35.2352,17.4849,29.5444,14.6609,12.8288,6.3661,100.395,49.8194,32.4663,16.1109,23.627,11.7245,5.5818,2.7699,27.5958,13.694,49.81,24.7174,100.395,49.8194,100.395,49.8194
2026-03-12,65.9034,33.0601,128.8579,64.6408,61.0275,30.6141,239.5115,120.1496,157.5133,79.0157,68.2154,34.2199,25.7897,12.9372,26.2679,13.1771,45.1214,22.6349,35.3371,17.7267,29.6593,14.8784,12.8606,6.4515,100.417,50.3736,32.5816,16.3444,23.7089,11.8934,5.5927,2.8055,27.6749,13.883,49.9218,25.043,100.417,50.3736,100.417,50.3736
2026-03-13,65.9868,33.4472,129.2221,65.4998,61.1459,30.9935,240.1188,121.7109,157.8979,80.0349,68.4056,34.6733,25.8863,13.1212,26.357,13.3598,45.2359,22.9291,35.4393,17.9634,29.7747,15.0921,12.8925,6.5349,100.439,50.9103,32.6972,16.5735,23.7911,12.0592,5.6035,2.8403,27.7543,14.068,50.0338,25.361,100.439,50.9103,100.439,50.9103
2026-03-14,66.0702,33.8239,129.5873,66.3408,61.2646,31.3638,240.7277,123.238,158.2835,81.0316,68.5963,35.1172,25.9834,13.3019,26.4465,13.539,45.3507,23.2168,35.5418,18.1953,29.8905,15.3021,12.9244,6.6165,100.461,51.4299,32.8133,16.7984,23.8736,12.2218,5.6144,2.8743,27.8338,14.2492,50.1461,25.6718,100.461,51.4299,100.461,51.4299
2026-03-15,66.1537,34.1906,129.9535,67.1645,61.3835,31.7251,241.3381,124.7319,158.6701,82.0062,68.7876,35.5518,26.0808,13.4794,26.5362,13.7149,45.4658,23.4983,35.6446,18.4224,30.0068,15.5086,12.9564,6.6963,100.483,51.9331,32.9298,17.0193,23.9563,12.3815,5.6254,2.9074,27.9136,14.4267,50.2587,25.9754,100.483,51.9331,100.483,51.9331
2026-03-16,66.2374,34.5474,130.3208,67.9714,61.5027,32.078,241.95,126.1939,159.0576,82.9597,68.9794,35.9776,26.1785,13.6539,26.6263,13.8875,45.5812,23.7738,35.7477,18.645,30.1236,15.7116,12.9885,6.7744,100.505,52.4204,33.0467,17.2362,24.0394,12.5382,5.6363,2.9397,27.9936,14.6006,50.3715,26.2723,100.505,52.4204,100.505,52.4204
2026-03-17,66.3211,34.8949,130.6891,68.7621,61.622,32.4224,242.5635,127.6248,159.446,83.8925,69.1718,36.3947,26.2766,13.8255,26.7167,14.057,45.6969,24.0434,35.8512,18.8631,30.2408,15.9112,13.0207,6.8509,100.5271,52.8923,33.164,17.4492,24.1227,12.6922,5.6473,2.9713,28.0739,14.7711,50.4845,26.5624,100.5271,52.8923,100.5271,52.8923
2026-03-18,66.405,35.2332,131.0585,69.537,61.7416,32.7589,243.1786,129.0256,159.8354,84.8054,69.3647,36.8035,26.3751,13.9941,26.8074,14.2234,45.8129,24.3074,35.9549,19.0769,30.3584,16.1076,13.053,6.9256,100.5491,53.3493,33.2817,17.6586,24.2064,12.8434,5.6582,3.0021,28.1544,14.9381,50.5978,26.8462,100.5491,53.3493,100.5491,53.3493
2026-03-19,66.489,35.5626,131.4289,70.2966,61.8615,33.0875,243.7952,130.3973,160.2258,85.699,69.5581,37.2041,26.474,14.16,26.8984,14.387,45.9291,24.5659,36.0589,19.2866,30.4765,16.3008,13.0853,6.9989,100.5711,53.7919,33.3999,17.8644,24.2903,12.992,5.6692,3.0323,28.2351,15.1019,50.7114,27.1237,100.5711,53.7919,100.5711,53.7919
2026-03-20,66.573,35.8834,131.8004,71.0415,61.9816,33.4086,244.4134,131.7408,160.617,86.5739,69.7521,37.5969,26.5732,14.3232,26.9897,14.5477,46.0457,24.819,36.1632,19.4922,30.5951,16.491,13.1177,7.0706,100.5931,54.2205,33.5185,18.0667,24.3745,13.1381,5.6803,3.0617,28.316,15.2626,50.8252,27.3952,100.5931,54.2205,100.5931,54.2205
2026-03-21,66.6572,36.196,132.1729,71.7721,62.1019,33.7223,245.0331,133.057,161.0093,87.4307,69.9466,37.9821,26.6728,14.4838,27.0813,14.7056,46.1625,25.067,36.2678,19.694,30.7141,16.6783,13.1502,7.1408,100.6152,54.6357,33.6375,18.2657,24.459,13.2816,5.6913,3.0905,28.3972,15.4201,50.9393,27.6609,100.6152,54.6357,100.6152,54.6357
2026-03-22,66.7415,36.5005,132.5465,72.4888,62.2224,34.029,245.6544,134.3468,161.4025,88.27,70.1416,38.36,26.7728,14.6419,27.1732,14.8608,46.2797,25.3101,36.3727,19.892,30.8336,16.8627,13.1828,7.2096,100.6372,55.0378,33.7569,18.4614,24.5438,13.4228,5.7024,3.1186,28.4786,15.5747,51.0536,27.9209,100.6372,55.0378,100.6372,55.0378
2026-03-23,66.8259,36.7972,132.9211,73.1921,62.3432,34.3288,246.2773,135.6109,161.7967,89.0922,70.3372,38.7307,26.8732,14.7975,27.2654,15.0135,46.3971,25.5483,36.4779,20.0863,30.9536,17.0444,13.2155,7.277,100.6592,55.4273,33.8767,18.654,24.6289,13.5617,5.7135,3.1461,28.5602,15.7265,51.1682,28.1754,100.6592,55.4273,100.6592,55.4273
2026-03-24,66.9104,37.0864,133.2967,73.8824,62.4642,34.622,246.9018,136.8502,162.1918,89.898,70.5334,39.0945,26.9739,14.9508,27.358,15.1637,46.5149,25.7818,36.5834,20.2771,31.074,17.2234,13.2482,7.3431,100.6813,55.8046,33.997,18.8435,24.7143,13.6984,5.7246,3.173,28.6421,15.8754,51.283,28.4246,100.6813,55.8046,100.6813,55.8046
2026-03-25,66.995,37.3683,133.6735,74.5601,62.5854,34.9088,247.5279,138.0655,162.5879,90.6879,70.73,39.4516,27.075,15.1018,27.4508,15.3115,46.6329,26.0108,36.6892,20.4644,31.1949,17.3998,13.281,7.4079,100.7034,56.1701,34.1177,19.0301,24.8,13.8329,5.7357,3.1993,28.7242,16.0217,51.3981,28.6687,100.7034,56.1701,100.7034,56.1701
2026-03-26,67.0797,37.6432,134.0513,75.2256,62.7069,35.1893,248.1555,139.2576,162.985,91.4624,70.9273,39.8023,27.1765,15.2507,27.544,15.4569,46.7513,26.2354,36.7954,20.6485,31.3162,17.5737,13.3139,7.4714,100.7254,56.5241,34.2388,19.2138,24.8859,13.9653,5.7469,3.225,28.8065,16.1654,51.5135,28.9079,100.7254,56.5241,100.7254,56.5241
2026-03-27,67.1645,37.9112,134.4302,75.8794,62.8286,35.4637,248.7847,140.4271,163.383,92.2219,71.1251,40.1467,27.2784,15.3973,27.6375,15.6,46.8699,26.4558,36.9018,20.8293,31.4381,17.7453,13.3469,7.5337,100.7475,56.8671,34.3603,19.3948,24.9722,14.0956,5.758,3.2501,28.8891,16.3065,51.6291,29.1422,100.7475,56.8671,100.7475,56.8671
2026-03-28,67.2495,38.1726,134.8101,76.5218,62.9505,35.7324,249.4156,141.5748,163.782,92.967,71.3234,40.485,27.3806,15.542,27.7313,15.741,46.9889,26.6721,37.0086,21.007,31.5604,17.9145,13.38,7.5948,100.7695,57.1994,34.4823,19.5731,25.0588,14.224,5.7692,3.2748,28.9719,16.4452,51.745,29.3718,100.7695,57.1994,100.7695,57.1994
2026-03-29,67.3345,38.4275,135.1911,77.1531,63.0727,35.9954,250.048,142.7015,164.182,93.6981,71.5223,40.8175,27.4833,15.6846,27.8254,15.8799,47.1081,26.8844,37.1156,21.1817,31.6832,18.0815,13.4131,7.6548,100.7916,57.5214,34.6047,19.7488,25.1457,14.3505,5.7805,3.2989,29.0549,16.5816,51.8611,29.597,100.7916,57.5214,100.7916,57.5214
2026-03-30,67.4196,38.6763,135.5732,77.7737,63.1952,36.2529,250.682,143.8077,164.5829,94.4156,71.7217,41.1443,27.5863,15.8253,27.9199,16.0167,47.2277,27.0929,37.223,21.3535,31.8064,18.2462,13.4464,7.7137,100.8137,57.8334,34.7276,19.922,25.2328,14.4752,5.7917,3.3225,29.1382,16.7156,51.9775,29.8177,100.8137,57.8334,100.8137,57.8334
2026-03-31,67.5049,38.9191,135.9564,78.384,63.3178,36.5051,251.3177,144.8941,164.9849,95.12,71.9217,41.4656,27.6897,15.9642,28.0146,16.1515,47.3475,27.2976,37.3306,21.5225,31.9302,18.4089,13.4797,7.7715,100.8358,58.1356,34.8509,20.0928,25.3203,14.5981,5.803,3.3456,29.2218,16.8474,52.0942,30.0343,100.8358,58.1356,100.8358,58.1356
2026-04-01,67.5902,39.1561,136.3406,78.9842,63.4407,36.7522,251.9549,145.9614,165.3878,95.8117,72.1223,41.7816,27.7935,16.1012,28.1097,16.2844,47.4677,27.4988,37.4386,21.6888,32.0544,18.5696,13.5131,7.8283,100.8579,58.4285,34.9746,20.2613,25.4081,14.7193,5.8142,3.3683,29.3055,16.9771,52.2111,30.2467,100.8579,58.4285,100.8579,58.4285
2026-04-02,67.6757,39.3874,136.726,79.5748,63.5638,36.9943,252.5938,147.0102,165.7917,96.4912,72.3234,42.0924,27.8977,16.2365,28.2051,16.4155,47.5882,27.6964,37.5469,21.8524,32.1791,18.7283,13.5466,7.8841,100.88,58.7124,35.0988,20.4276,25.4962,14.8388,5.8256,3.3905,29.3895,17.1048,52.3283,30.4552,100.88,58.7124,100.88,58.7124
2026-04-03,67.7613,39.6133,137.1124,80.156,63.6872,37.2316,253.2343,148.041,166.1966,97.1587,72.5251,42.3982,28.0022,16.3701,28.3009,16.5447,47.7089,27.8907,37.6555,22.0135,32.3043,18.8851,13.5801,7.9389,100.9021,58.9875,35.2234,20.5916,25.5846,14.9568,5.8369,3.4122,29.4738,17.2304,52.4457,30.6598,100.9021,58.9875,100.9021,58.9875
2026-04-04,67.8469,39.8339,137.4999,80.7282,63.8108,37.4643,253.8764,149.0545,166.6024,97.8147,72.7273,42.6993,28.1072,16.5021,28.3969,16.6723,47.83,28.0817,37.7645,22.1721,32.4299,19.0401,13.6138,7.9928,100.9242,59.254,35.3484,20.7536,25.6733,15.0732,5.8482,3.4336,29.5583,17.3541,52.5634,30.8608,100.9242,59.254,100.9242,59.254
2026-04-05,67.9327,40.0494,137.8885,81.2916,63.9347,37.6924,254.5201,150.0512,167.0093,98.4596,72.9301,42.9956,28.2126,16.6326,28.4933,16.7981,47.9514,28.2695,37.8737,22.3283,32.5561,19.1933,13.6475,8.0458,100.9463,59.5124,35.4739,20.9135,25.7623,15.1881,5.8596,3.4545,29.643,17.4759,52.6814,31.0581,100.9463,59.5124,100.9463,59.5124
2026-04-06,68.0186,40.26,138.2782,81.8465,64.0588,37.9162,255.1655,151.0317,167.4172,99.0937,73.1335,43.2875,28.3183,16.7615,28.59,16.9224,48.0731,28.4543,37.9833,22.4822,32.6828,19.3448,13.6813,8.0979,100.9684,59.7629,35.5998,21.0714,25.8516,15.3015,5.871,3.475,29.728,17.5959,52.7996,31.252,100.9684,59.7629,100.9684,59.7629
2026-04-07,68.1046,40.4658,138.6691,82.3932,64.1831,38.1358,255.8125,151.9965,167.826,99.7174,73.3374,43.575,28.4245,16.889,28.6871,17.045,48.1951,28.6361,38.0931,22.6339,32.8099,19.4947,13.7152,8.1492,100.9905,60.0057,35.7262,21.2275,25.9412,15.4135,5.8824,3.4952,29.8132,17.7141,52.9181,31.4424,100.9905,60.0057,100.9905,60.0057
2026-04-08,68.1908,40.667,139.061,82.932,64.3077,38.3513,256.4611,152.946,168.2359,100.331,73.5419,43.8583,28.531,17.0151,28.7844,17.1662,48.3174,28.8151,38.2033,22.7834,32.9376,19.643,13.7492,8.1996,101.0126,60.241,35.853,21.3817,26.0312,15.5242,5.8939,3.5149,29.8986,17.8307,53.0369,31.6297,101.0126,60.241,101.0126,60.241
2026-04-09,68.277,40.8637,139.454,83.4631,64.4325,38.5628,257.1114,153.8809,168.6467,100.9349,73.747,44.1375,28.638,17.1398,28.8821,17.2859,48.44,28.9913,38.3138,22.9308,33.0657,19.7898,13.7832,8.2492,101.0347,60.4692,35.9803,21.5342,26.1214,15.6336,5.9053,3.5343,29.9844,17.9456,53.1559,31.8138,101.0347,60.4692,101.0347,60.4692
2026-04-10,68.3633,41.056,139.8481,83.9867,64.5576,38.7705,257.7634,154.8015,169.0586,101.5293,73.9526,44.4128,28.7453,17.2632,28.9802,17.4042,48.5629,29.1648,38.4247,23.0762,33.1943,19.9351,13.8174,8.2981,101.0569,60.6904,36.1081,21.6849,26.212,15.7418,5.9168,3.5534,30.0703,18.0589,53.2753,31.9948,101.0569,60.6904,101.0569,60.6904
2026-04-11,68.4497,41.2442,140.2434,84.5033,64.6829,38.9745,258.417,155.7084,169.4715,102.1145,74.1589,44.6842,28.853,17.3853,29.0785,17.5212,48.6862,29.3357,38.5358,23.2196,33.3235,20.079,13.8516,8.3462,101.079,60.9049,36.2362,21.834,26.3029,15.8487,5.9283,3.5721,30.1565,18.1707,53.3948,32.1729,101.079,60.9049,101.079,60.9049
2026-04-12,68.5363,41.4283,140.6398,85.0128,64.8084,39.1749,259.0722,156.602,169.8853,102.691,74.3657,44.952,28.9612,17.5062,29.1772,17.6368,48.8097,29.5041,38.6473,23.3612,33.4531,20.2215,13.8859,8.3937,101.1012,61.1128,36.3649,21.9816,26.3941,15.9545,5.9398,3.5905,30.2429,18.281,53.5147,32.3481,101.1012,61.1128,101.1012,61.1128
2026-04-13,68.623,41.6085,141.0373,85.5157,64.9342,39.3718,259.7291,157.4827,170.3002,103.2589,74.573,45.2162,29.0698,17.626,29.2763,17.7512,48.9336,29.6701,38.7591,23.501,33.5833,20.3627,13.9203,8.4404,101.1233,61.3145,36.494,22.1276,26.4856,16.0591,5.9514,3.6085,30.3296,18.3899,53.6348,32.5206,101.1233,61.3145,101.1233,61.3145
2026-04-14,68.7097,41.7848,141.4359,86.0122,65.0602,39.5654,260.3877,158.351,170.7161,103.8185,74.781,45.477,29.1787,17.7446,29.3756,17.8644,49.0578,29.8338,38.8712,23.6389,33.7139,20.5026,13.9548,8.4864,101.1455,61.5101,36.6235,22.2721,26.5774,16.1626,5.963,3.6263,30.4166,18.4974,53.7551,32.6904,101.1455,61.5101,101.1455,61.5101
2026-04-15,68.7966,41.9575,141.8356,86.5023,65.1865,39.7558,261.048,159.2072,171.133,104.3702,74.9895,45.7344,29.2881,17.8621,29.4753,17.9763,49.1823,29.9952,38.9836,23.7752,33.8451,20.6413,13.9894,8.5318,101.1676,61.6998,36.7536,22.4152,26.6695,16.2651,5.9746,3.6437,30.5038,18.6036,53.8758,32.8576,101.1676,61.6998,101.1676,61.6998
2026-04-16,68.8836,42.1266,142.2365,86.9864,65.313,39.943,261.7099,160.0519,171.551,104.9141,75.1986,45.9886,29.3979,17.9786,29.5754,18.0872,49.3071,30.1544,39.0964,23.9099,33.9767,20.7789,14.024,8.5766,101.1898,61.8838,36.884,22.5569,26.762,16.3666,5.9862,3.6609,30.5912,18.7084,53.9967,33.0223,101.1898,61.8838,101.1898,61.8838
2026-04-17,68.9707,42.2923,142.6385,87.4647,65.4398,40.1272,262.3735,160.8853,171.9699,105.4505,75.4083,46.2398,29.5081,18.0941,29.6758,18.1969,49.4322,30.3114,39.2095,24.0429,34.1089,20.9153,14.0588,8.6207,101.2119,62.0623,37.015,22.6973,26.8548,16.4671,5.9978,3.6778,30.6789,18.812,54.1179,33.1847,101.2119,62.0623,101.2119,62.0623
2026-04-18,69.0579,42.4546,143.0416,87.9374,65.5668,40.3084,263.0388,161.7078,172.3899,105.9798,75.6186,46.4879,29.6187,18.2086,29.7765,18.3056,49.5577,30.4665,39.3229,24.1745,34.2416,21.0507,14.0936,8.6643,101.2341,62.2355,37.1464,22.8364,26.9479,16.5667,6.0095,3.6944,30.7668,18.9145,54.2394,33.3446,101.2341,62.2355,101.2341,62.2355
2026-04-19,69.1452,42.6137,143.4459,88.4046,65.6941,40.4868,263.7058,162.5199,172.8109,106.5021,75.8295,46.7331,29.7297,18.3222,29.8776,18.4133,49.6835,30.6195,39.4367,24.3045,34.3748,21.185,14.1285,8.7073,101.2563,62.4035,37.2783,22.9743,27.0413,16.6653,6.0212,3.7108,30.855,19.0157,54.3611,33.5023,101.2563,62.4035,101.2563,62.4035
2026-04-20,69.2327,42.7697,143.8513,88.8666,65.8216,40.6624,264.3744,163.3218,173.2329,107.0176,76.0409,46.9756,29.8411,18.4349,29.979,18.52,49.8095,30.7707,39.5507,24.4331,34.5086,21.3183,14.1635,8.7498,101.2785,62.5665,37.4106,23.111,27.135,16.7631,6.0329,3.7269,30.9435,19.1159,54.4831,33.6579,101.2785,62.5665,101.2785,62.5665
2026-04-21,69.3202,42.9226,144.2579,89.3235,65.9494,40.8354,265.0448,164.1139,173.656,107.5266,76.253,47.2153,29.953,18.5467,30.0807,18.6258,49.936,30.92,39.6651,24.5604,34.6428,21.4506,14.1986,8.7917,101.3007,62.7247,37.5434,23.2466,27.2291,16.8601,6.0446,3.7428,31.0322,19.2149,54.6054,33.8113,101.3007,62.7247,101.3007,62.7247
2026-04-22,69.4078,43.0726,144.6656,89.7755,66.0774,41.0058,265.7168,164.8966,174.0801,108.0293,76.4656,47.4525,30.0653,18.6577,30.1828,18.7306,50.0627,31.0675,39.7799,24.6863,34.7776,21.582,14.2338,8.8331,101.3228,62.8782,37.6767,23.3811,27.3235,16.9562,6.0564,3.7584,31.1211,19.3129,54.7279,33.9627,101.3228,62.8782,101.3228,62.8782
2026-04-23,69.4956,43.2198,145.0745,90.2228,66.2056,41.1737,266.3906,165.6701,174.5052,108.526,76.6788,47.6871,30.178,18.7679,30.2853,18.8346,50.1897,31.2133,39.895,24.8109,34.9129,21.7126,14.2691,8.874,101.345,63.0272,37.8104,23.5146,27.4182,17.0516,6.0681,3.7738,31.2103,19.4099,54.8508,34.1121,101.345,63.0272,101.345,63.0272
2026-04-24,69.5835,43.3642,145.4845,90.6656,66.3341,41.3392,267.0661,166.4349,174.9314,109.0168,76.8926,47.9193,30.2911,18.8773,30.3881,18.9378,50.3171,31.3575,40.0104,24.9344,35.0487,21.8423,14.3044,8.9145,101.3672,63.1718,37.9447,23.647,27.5133,17.1462,6.0799,3.789,31.2998,19.506,54.9739,34.2596,101.3672,63.1718,101.3672,63.1718
2026-04-25,69.6715,43.506,145.8957,91.1039,66.4629,41.5024,267.7433,167.1911,175.3586,109.5019,77.1071,48.1492,30.4046,18.986,30.4912,19.0401,50.4448,31.5,40.1261,25.0566,35.1851,21.9712,14.3398,8.9545,101.3894,63.3122,38.0794,23.7785,27.6087,17.2401,6.0918,3.804,31.3895,19.6011,55.0973,34.4052,101.3894,63.3122,101.3894,63.3122
2026-04-26,69.7596,43.6453,146.308,91.538,66.5919,41.6634,268.4222,167.9391,175.7868,109.9815,77.3221,48.3768,30.5186,19.0941,30.5947,19.1417,50.5728,31.641,40.2422,25.1776,35.322,22.0993,14.3754,8.994,101.4117,63.4485,38.2146,23.909,27.7044,17.3333,6.1036,3.8187,31.4795,19.6952,55.2209,34.5491,101.4117,63.4485,101.4117,63.4485
2026-04-27,69.8478,43.782,146.7215,91.9681,66.7211,41.8222,269.1028,168.6791,176.2161,110.4559,77.5377,48.6022,30.633,19.2014,30.6986,19.2425,50.7012,31.7805,40.3586,25.2976,35.4594,22.2267,14.411,9.0331,101.4339,63.5808,38.3502,24.0387,27.8005,17.4259,6.1155,3.8333,31.5698,19.7886,55.3449,34.6913,101.4339,63.5808,101.4339,63.5808
2026-04-28,69.9361,43.9164,147.1362,92.3942,66.8506,41.9788,269.7851,169.4115,176.6465,110.9251,77.7539,48.8256,30.7478,19.3081,30.8028,19.3426,50.8298,31.9186,40.4753,25.4165,35.5973,22.3533,14.4467,9.0718,101.4561,63.7093,38.4864,24.1675,27.8968,17.5178,6.1274,3.8477,31.6602,19.881,55.4691,34.8318,101.4561,63.7093,101.4561,63.7093
2026-04-29,70.0245,44.0484,147.5521,92.8165,66.9804,42.1335,270.4692,170.1365,177.0779,111.3895,77.9707,49.0469,30.8631,19.4142,30.9073,19.442,50.9588,32.0553,40.5924,25.5343,35.7358,22.4793,14.4825,9.1101,101.4783,63.8341,38.623,24.2955,27.9936,17.6091,6.1393,3.8619,31.751,19.9727,55.5936,34.9707,101.4783,63.8341,101.4783,63.8341
2026-04-30,70.1131,44.1782,147.9691,93.2351,67.1104,42.2862,271.155,170.8544,177.5103,111.849,78.1882,49.2663,30.9788,19.5197,31.0122,19.5408,51.0882,32.1906,40.7098,25.6512,35.8748,22.6047,14.5184,9.148,101.5005,63.9554,38.7601,24.4227,28.0906,17.6999,6.1512,3.8759,31.842,20.0636,55.7183,35.1081,101.5005,63.9554,101.5005,63.9554
2026-05-01,70.2017,44.3058,148.3873,93.6503,67.2406,42.437,271.8426,171.5655,177.9438,112.304,78.4062,49.4838,31.0949,19.6246,31.1175,19.6389,51.2178,32.3246,40.8276,25.7671,36.0144,22.7294,14.5543,9.1855,101.5228,64.0731,38.8977,24.5492,28.188,17.79,6.1632,3.8897,31.9333,20.1538,55.8434,35.2439,101.5228,64.0731,101.5228,64.0731
2026-05-02,70.2905,44.4312,148.8067,94.0621,67.3712,42.5859,272.5319,172.2699,178.3784,112.7546,78.6248,49.6995,31.2115,19.729,31.2231,19.7364,51.3478,32.4574,40.9457,25.8821,36.1545,22.8536,14.5904,9.2227,101.545,64.1875,39.0358,24.6749,28.2857,17.8797,6.1752,3.9034,32.0248,20.2432,55.9687,35.3783,101.545,64.1875,101.545,64.1875
2026-05-03,70.3794,44.5547,149.2273,94.4706,67.5019,42.7331,273.2229,172.9679,178.814,113.2009,78.8441,49.9134,31.3284,19.8329,31.3291,19.8333,51.4781,32.589,41.0641,25.9963,36.2952,22.9772,14.6265,9.2595,101.5673,64.2987,39.1744,24.7999,28.3838,17.9688,6.1872,3.9169,32.1166,20.3319,56.0943,35.5114,101.5673,64.2987,101.5673,64.2987
2026-05-04,70.4683,44.6762,149.649,94.876,67.6329,42.8786,273.9157,173.6598,179.2507,113.6431,79.0639,50.1257,31.4459,19.9364,31.4354,19.9297,51.6087,32.7194,41.1829,26.1095,36.4364,23.1003,14.6628,9.296,101.5895,64.4067,39.3135,24.9243,28.4822,18.0574,6.1992,3.9302,32.2087,20.42,56.2202,35.6431,101.5895,64.4067,101.5895,64.4067
2026-05-05,70.5574,44.7958,150.072,95.2783,67.7642,43.0224,274.6102,174.3457,179.6885,114.0813,79.2844,50.3364,31.5637,20.0393,31.5421,20.0256,51.7397,32.8487,41.302,26.222,36.5781,23.2229,14.6991,9.3322,101.6118,64.5117,39.453,25.0481,28.5809,18.1456,6.2113,3.9434,32.301,20.5074,56.3464,35.7734,101.6118,64.5117,101.6118,64.5117
2026-05-06,70.6467,44.9136,150.4961,95.6778,67.8957,43.1647,275.3066,175.0259,180.1273,114.5158,79.5055,50.5456,31.6821,20.1418,31.6492,20.1209,51.871,32.977,41.4215,26.3337,36.7204,23.345,14.7355,9.3681,101.634,64.6137,39.5931,25.1713,28.68,18.2333,6.2233,3.9565,32.3936,20.5942,56.4729,35.9026,101.634,64.6137,101.634,64.6137
2026-05-07,70.736,45.0295,150.9215,96.0745,68.0275,43.3054,276.0046,175.7006,180.5672,114.9465,79.7272,50.7532,31.8008,20.244,31.7566,20.2158,52.0027,33.1042,41.5413,26.4446,36.8633,23.4666,14.772,9.4037,101.6563,64.7129,39.7336,25.2939,28.7795,18.3206,6.2354,3.9694,32.4865,20.6804,56.5996,36.0305,101.6563,64.7129,101.6563,64.7129
2026-05-08,70.8254,45.1438,151.348,96.4685,68.1596,43.4446,276.7045,176.3701,181.0081,115.3737,79.9495,50.9594,31.92,20.3457,31.8644,20.3102,52.1346,33.2304,41.6615,26.5548,37.0067,23.5879,14.8086,9.4389,101.6785,64.8094,39.8747,25.4159,28.8792,18.4075,6.2476,3.9822,32.5796,20.7661,56.7267,36.1573,101.6785,64.8094,101.6785,64.8094
2026-05-09,70.915,45.2564,151.7758,96.8599,68.2919,43.5823,277.4061,177.0344,181.4502,115.7975,80.1725,51.1643,32.0397,20.447,31.9725,20.4042,52.2669,33.3556,41.782,26.6644,37.1507,23.7087,14.8453,9.4739,101.7008,64.9032,40.0163,25.5375,28.9794,18.494,6.2597,3.9948,32.673,20.8512,56.854,36.2829,101.7008,64.9032,101.7008,64.9032
2026-05-10,71.0047,45.3673,152.2047,97.2489,68.4244,43.7187,278.1095,177.6939,181.8933,116.218,80.396,51.3678,32.1598,20.548,32.0811,20.4977,52.3996,33.4799,41.9029,26.7732,37.2952,23.8292,14.8821,9.5087,101.7231,64.9944,40.1583,25.6585,29.0798,18.5801,6.2719,4.0073,32.7666,20.9358,56.9816,36.4075,101.7231,64.9944,101.7231,64.9944
2026-05-11,71.0944,45.4768,152.6349,97.6355,68.5572,43.8538,278.8147,178.3486,182.3375,116.6353,80.6202,51.5701,32.2803,20.6487,32.19,20.5909,52.5326,33.6034,42.0241,26.8814,37.4403,23.9493,14.9189,9.5432,101.7454,65.0832,40.3009,25.7791,29.1806,18.6659,6.2841,4.0197,32.8606,21.0198,57.1095,36.531,101.7454,65.0832,101.7454,65.0832
2026-05-12,71.1843,45.5847,153.0663,98.0199,68.6903,43.9876,279.5217,178.9988,182.7828,117.0496,80.845,51.7712,32.4013,20.749,32.2992,20.6836,52.6659,33.7259,42.1456,26.989,37.5859,24.0691,14.9559,9.5774,101.7677,65.1695,40.444,25.8993,29.2818,18.7513,6.2963,4.032,32.9548,21.1034,57.2376,36.6536,101.7677,65.1695,101.7677,65.1695
2026-05-13,71.2743,45.6912,153.4989,98.4021,68.8236,44.1201,280.2304,179.6446,183.2292,117.461,81.0705,51.9711,32.5228,20.8491,32.4088,20.776,52.7995,33.8477,42.2676,27.0961,37.7322,24.1886,14.993,9.6114,101.79,65.2535,40.5875,26.0191,29.3833,18.8365,6.3086,4.0442,33.0492,21.1866,57.3661,36.7751,101.79,65.2535,101.79,65.2535
2026-05-14,71.3645,45.7962,153.9328,98.7822,68.9572,44.2514,280.941,180.2863,183.6767,117.8695,81.2965,52.1699,32.6447,20.9488,32.5189,20.8681,52.9335,33.9687,42.3898,27.2025,37.879,24.3078,15.0301,9.6452,101.8123,65.3353,40.7316,26.1384,29.4852,18.9213,6.3208,4.0562,33.144,21.2692,57.4949,36.8958,101.8123,65.3353,101.8123,65.3353
2026-05-15,71.4547,45.8999,154.3678,99.1603,69.091,44.3816,281.6534,180.9239,184.1252,118.2754,81.5232,52.3676,32.767,21.0484,32.6292,20.9598,53.0679,34.0889,42.5124,27.3085,38.0263,24.4267,15.0673,9.6787,101.8346,65.4148,40.8762,26.2574,29.5874,19.0059,6.3331,4.0682,33.239,21.3515,57.6239,37.0155,101.8346,65.4148,101.8346,65.4148
2026-05-16,71.545,46.0023,154.8041,99.5365,69.2251,44.5106,282.3675,181.5577,184.5749,118.6786,81.7506,52.5643,32.8899,21.1476,32.74,21.0513,53.2025,34.2084,42.6354,27.4139,38.1743,24.5454,15.1047,9.7121,101.8569,65.4923,41.0213,26.376,29.69,19.0902,6.3454,4.08,33.3343,21.4334,57.7532,37.1344,101.8569,65.4923,101.8569,65.4923
2026-05-17,71.6355,46.1034,155.2416,99.9109,69.3595,44.6386,283.0835,182.1878,185.0257,119.0794,81.9785,52.76,33.0132,21.2467,32.8511,21.1424,53.3376,34.3272,42.7587,27.5188,38.3228,24.6639,15.1421,9.7452,101.8792,65.5677,41.167,26.4944,29.7929,19.1742,6.3578,4.0918,33.4298,21.5149,57.8828,37.2524,101.8792,65.5677,101.8792,65.5677
2026-05-18,71.7261,46.2033,155.6804,100.2835,69.4941,44.7655,283.8013,182.8143,185.4775,119.4777,82.2071,52.9548,33.1369,21.3456,32.9626,21.2333,53.4729,34.4453,42.8824,27.6233,38.4719,24.7822,15.1796,9.7781,101.9015,65.6412,41.3131,26.6124,29.8962,19.258,6.3701,4.1034,33.5256,21.596,58.0128,37.3697,101.9015,65.6412,101.9015,65.6412
2026-05-19,71.8168,46.302,156.1204,100.6545,69.629,44.8915,284.5209,183.4374,185.9305,119.8738,82.4364,53.1487,33.2611,21.4442,33.0745,21.3239,53.6086,34.5628,43.0065,27.7273,38.6215,24.9002,15.2172,9.8109,101.9238,65.7127,41.4598,26.7301,29.9999,19.3416,6.3825,4.115,33.6217,21.6767,58.143,37.4861,101.9238,65.7127,101.9238,65.7127
2026-05-20,71.9076,46.3995,156.5616,101.0239,69.7641,45.0164,285.2424,184.0573,186.3846,120.2676,82.6663,53.3417,33.3858,21.5427,33.1868,21.4143,53.7447,34.6796,43.1309,27.8309,38.7718,25.0181,15.2549,9.8435,101.9461,65.7824,41.607,26.8476,30.1039,19.425,6.3949,4.1264,33.7181,21.7572,58.2735,37.6019,101.9461,65.7824,101.9461,65.7824
2026-05-21,71.9985,46.496,157.0041,101.3918,69.8996,45.1405,285.9657,184.674,186.8397,120.6594,82.8968,53.534,33.5109,21.6411,33.2994,21.5044,53.8811,34.7959,43.2556,27.9341,38.9226,25.1359,15.2927,9.8759,101.9685,65.8503,41.7547,26.9648,30.2082,19.5082,6.4074,4.1378,33.8148,21.8373,58.4042,37.7169,101.9685,65.8503,101.9685,65.8503
2026-05-22,72.0896,46.5914,157.4479,101.7583,70.0352,45.2637,286.6908,185.2878,187.296,121.0491,83.1279,53.7254,33.6365,21.7392,33.4124,21.5944,54.0178,34.9116,43.3808,28.0369,39.0741,25.2535,15.3306,9.9081,101.9908,65.9165,41.9029,27.0818,30.313,19.5912,6.4198,4.1491,33.9117,21.9171,58.5353,37.8313,101.9908,65.9165,101.9908,65.9165
