id,date,JNJ_baseline,JNJ_impacted,PFE_baseline,PFE_impacted,MRK_baseline,MRK_impacted,ABBV_baseline,ABBV_impacted,LLY_baseline,LLY_impacted,BMY_baseline,BMY_impacted,AMGN_baseline,AMGN_impacted,GILD_baseline,GILD_impacted,BIIB_baseline,BIIB_impacted,VRTX_baseline,VRTX_impacted,REGN_baseline,REGN_impacted,ALNY_baseline,ALNY_impacted,INCY_baseline,INCY_impacted,EXAS_baseline,EXAS_impacted,IONS_baseline,IONS_impacted,NBIX_baseline,NBIX_impacted,ACAD_baseline,ACAD_impacted,EXEL_baseline,EXEL_impacted,SRPT_baseline,SRPT_impacted,HZNP_baseline,HZNP_impacted
1,2026-02-22,242.8213,246.7984,26.6564,27.093,122.3338,124.3375,224.9729,228.6576,1010.3104,1026.8579,60.6803,61.6742,375.1039,381.2476,151.6032,154.0863,192.1714,195.3189,477.0754,484.8893,779.9165,792.6905,336.4716,341.9825,101.4068,103.0677,103.5972,105.294,83.3443,84.7093,128.6039,130.7103,24.011,24.4043,43.652,44.367,18.7934,19.1012,100.0219,101.6601
2,2026-02-23,243.153,251.118,26.6627,27.5361,122.4076,126.4174,225.1359,232.5107,1011.1013,1044.2223,60.7006,62.689,375.4581,387.7571,151.8067,156.7795,192.3128,198.6125,477.2509,492.8843,780.163,805.7191,336.7534,347.7845,101.4937,104.8184,103.7647,107.1638,83.539,86.2755,128.5778,132.7897,24.0321,24.8193,43.6741,45.1047,18.7072,19.3199,100.0438,103.321
3,2026-02-24,243.4851,255.449,26.6691,27.9795,122.4815,128.4998,225.299,236.3693,1011.8929,1061.6133,60.7209,63.7045,375.8126,394.2786,152.0105,159.4797,192.4544,201.9109,477.4264,500.8852,780.4097,818.7559,337.0355,353.596,101.5806,106.5719,103.9325,109.0393,83.7342,87.8486,128.5517,134.8682,24.0531,25.235,43.6961,45.8432,18.6213,19.5363,100.0657,104.9826
4,2026-02-25,243.8178,259.7914,26.6755,28.4231,122.5555,130.5846,225.4622,240.2333,1012.6852,1079.0309,60.7413,64.7207,376.1675,400.812,152.2146,162.1869,192.5961,205.214,477.602,508.8919,780.6564,831.8009,337.3177,359.417,101.6677,108.3284,104.1005,110.9206,83.9298,89.4285,128.5256,136.9459,24.0742,25.6514,43.7182,46.5824,18.5359,19.7503,100.0876,106.6449
5,2026-02-26,244.1508,264.1452,26.6818,28.8669,122.6294,132.672,225.6255,244.1028,1013.478,1096.4751,60.7616,65.7376,376.5227,407.3574,152.4189,164.901,192.7379,208.5218,477.7777,516.9045,780.9032,844.854,337.6003,365.2475,101.7548,110.0878,104.2688,112.8077,84.1259,91.0153,128.4995,139.0228,24.0953,26.0685,43.7403,47.3223,18.4508,19.9618,100.1096,108.3079
6,2026-02-27,244.4844,268.5103,26.6882,29.3109,122.7035,134.7618,225.789,247.9777,1014.2714,1113.9459,60.7819,66.7551,376.8783,413.9148,152.6235,167.6221,192.8798,211.8344,477.9534,524.9228,781.1501,857.9153,337.883,371.0875,101.842,111.8502,104.4374,114.7006,84.3225,92.609,128.4735,141.0988,24.1164,26.4863,43.7624,48.063,18.3662,20.1711,100.1315,109.9716
7,2026-02-28,244.8183,272.8869,26.6946,29.7551,122.7775,136.854,225.9526,251.8582,1015.0655,1131.4434,60.8023,67.7733,377.2341,420.4843,152.8284,170.3503,193.0218,215.1518,478.1292,532.947,781.397,870.9847,338.166,376.937,101.9292,113.6155,104.6062,116.5994,84.5195,94.2097,128.4474,143.174,24.1375,26.9049,43.7845,48.8044,18.2819,20.378,100.1534,111.6361
8,2026-03-01,245.1528,277.275,26.701,30.1996,122.8516,138.9488,226.1163,255.7441,1015.8602,1148.9677,60.8226,68.7922,377.5904,427.0658,153.0335,173.0854,193.1639,218.474,478.3051,540.9771,781.6441,884.0624,338.4493,382.796,102.0165,115.3837,104.7753,118.504,84.717,95.8174,128.4213,145.2483,24.1587,27.3242,43.8066,49.5466,18.1981,20.5825,100.1754,113.3013
9,2026-03-02,245.4877,281.6745,26.7073,30.6442,122.9258,141.046,226.2801,259.6356,1016.6555,1166.5187,60.843,69.8117,377.9469,433.6593,153.239,175.8276,193.3061,221.8009,478.481,549.0129,781.8912,897.1482,338.7327,388.6646,102.104,117.1549,104.9447,120.4144,84.9149,97.4321,128.3952,147.3217,24.1798,27.7441,43.8287,50.2894,18.1146,20.7848,100.1973,114.9672
10,2026-03-03,245.823,286.0856,26.7137,31.0891,123.0,143.1457,226.444,263.5325,1017.4515,1184.0964,60.8633,70.8319,378.3038,440.2649,153.4447,178.5769,193.4484,225.1326,478.657,557.0546,782.1384,910.2422,339.0164,394.5428,102.1914,118.929,105.1144,122.3307,85.1133,99.0537,128.3692,149.3943,24.201,28.1648,43.8509,51.0331,18.0314,20.9848,100.2193,116.6338
11,2026-03-04,246.1588,290.5081,26.7201,31.5341,123.0742,145.2479,226.6081,267.435,1018.248,1201.701,60.8837,71.8528,378.661,446.8826,153.6507,181.3332,193.5908,228.4691,478.833,565.1021,782.3857,923.3444,339.3004,400.4306,102.279,120.7061,105.2843,124.2529,85.3122,100.6825,128.3431,151.4661,24.2222,28.5862,43.873,51.7774,17.9487,21.1825,100.2412,118.3012
12,2026-03-05,246.4951,294.9422,26.7265,31.9794,123.1485,147.3526,226.7723,271.343,1019.0452,1219.3324,60.9041,72.8744,379.0186,453.5125,153.8569,184.0966,193.7333,231.8104,479.0091,573.1555,782.633,936.4548,339.5846,406.3279,102.3666,122.4862,105.4545,126.181,85.5115,102.3183,128.3171,153.537,24.2434,29.0083,43.8952,52.5225,17.8664,21.3779,100.2632,119.9693
13,2026-03-06,246.8318,299.3879,26.7329,32.4249,123.2228,149.4598,226.9365,275.2565,1019.843,1236.9907,60.9245,73.8967,379.3765,460.1544,154.0634,186.867,193.8759,235.1565,479.1853,581.2147,782.8804,949.5734,339.869,412.2348,102.4543,124.2692,105.625,128.115,85.7113,103.9612,128.291,155.6071,24.2647,29.4312,43.9173,53.2683,17.7844,21.5711,100.2851,121.6381
14,2026-03-07,247.169,303.8452,26.7392,32.8706,123.2972,151.5694,227.101,279.1755,1020.6415,1254.6759,60.9449,74.9196,379.7348,466.8085,154.2703,189.6446,194.0186,238.5074,479.3616,589.2798,783.1279,962.7002,340.1537,418.1513,102.5421,126.0551,105.7958,130.0549,85.9116,105.6112,128.265,157.6763,24.2859,29.8547,43.9395,54.0149,17.7028,21.7621,100.3071,123.3077
15,2026-03-08,247.5067,308.3141,26.7456,33.3165,123.3716,153.6816,227.2655,283.1001,1021.4405,1272.388,60.9653,75.9432,380.0933,473.4747,154.4773,192.4293,194.1615,241.8631,479.5379,597.3508,783.3755,975.8352,340.4386,424.0775,102.63,127.8441,105.9668,132.0007,86.1123,107.2684,128.239,159.7447,24.3072,30.279,43.9617,54.7622,17.6216,21.9509,100.3291,124.9779
16,2026-03-09,247.8448,308.0366,26.752,33.249,123.4461,153.4264,227.4301,282.664,1022.2402,1270.5025,60.9857,75.7967,380.4523,472.8493,154.6847,192.2516,194.3044,241.4934,479.7143,596.2181,783.6232,973.9347,340.7237,423.4722,102.7179,127.664,106.1381,131.9149,86.3135,107.2757,128.2129,159.3509,24.3285,30.237,43.9839,54.6659,17.5407,21.8007,100.3511,124.7224
17,2026-03-10,248.1834,307.7807,26.7584,33.184,123.5206,153.1822,227.5949,282.2483,1023.0405,1268.7077,61.0061,75.6557,380.8115,472.2575,154.8924,192.0873,194.4475,241.141,479.8907,595.129,783.8709,972.1053,341.0091,422.8971,102.8059,127.4931,106.3097,131.8383,86.5152,107.2904,128.1869,158.969,24.3498,30.197,44.0061,54.5735,17.4603,21.6531,100.373,124.4761
18,2026-03-11,248.5224,307.5458,26.7648,33.1213,123.5952,152.9487,227.7598,281.8521,1023.8415,1267.0009,61.0265,75.5201,381.1711,471.6982,155.1003,191.9362,194.5906,240.8053,480.0672,594.0818,784.1187,970.3447,341.2947,422.3512,102.894,127.331,106.4816,131.7707,86.7173,107.3124,128.1609,158.5988,24.3712,30.1592,44.0284,54.485,17.3802,21.5079,100.395,124.2386
19,2026-03-12,248.8619,307.3311,26.7712,33.061,123.6698,152.7256,227.9248,281.4749,1024.643,1265.3792,61.0469,75.3897,381.5311,471.1704,155.3085,191.7977,194.7339,240.4859,480.2438,593.0753,784.3666,968.6508,341.5805,421.8337,102.9821,127.1774,106.6537,131.7116,86.9199,107.3414,128.1349,158.2397,24.3925,30.1234,44.0506,54.4001,17.3004,21.3651,100.417,124.0096
20,2026-03-13,249.2019,307.1361,26.7776,33.0028,123.7444,152.5124,228.0899,281.1161,1025.4452,1263.84,61.0673,75.2642,381.8913,470.6732,155.517,191.6714,194.8772,240.1821,480.4204,592.1082,784.6146,967.0212,341.8666,421.3436,103.0704,127.0321,106.8262,131.661,87.123,107.3773,128.1089,157.8916,24.4139,30.0896,44.0728,54.3189,17.221,21.2246,100.439,123.789
21,2026-03-14,249.5423,306.9602,26.784,32.9468,123.8191,152.309,228.2552,280.7751,1026.248,1262.3806,61.0878,75.1437,382.252,470.2055,155.7257,191.5571,195.0207,239.8936,480.5971,591.1792,784.8627,965.4541,342.153,420.88,103.1587,126.8948,106.9989,131.6186,87.3266,107.4198,128.0829,157.5539,24.4353,30.0576,44.0951,54.2411,17.142,21.0863,100.461,123.5764
22,2026-03-15,249.8832,306.8028,26.7904,32.8928,123.8939,152.115,228.4205,280.4513,1027.0515,1260.9984,61.1082,75.0278,382.6129,469.7664,155.9348,191.4544,195.1642,239.6197,480.7739,590.287,785.1108,963.9473,342.4396,420.4421,103.247,126.7652,107.1719,131.584,87.5306,107.4688,128.0569,157.2263,24.4567,30.0275,44.1174,54.1667,17.0634,20.9502,100.483,123.3716
23,2026-03-16,250.2245,306.6633,26.7968,32.8408,123.9686,151.9301,228.586,280.1442,1027.8556,1259.6911,61.1287,74.9164,382.9742,469.3551,156.1441,191.3628,195.3079,239.3601,480.9507,589.4304,785.359,962.4988,342.7264,420.0292,103.3355,126.6431,107.3451,131.5571,87.7351,107.524,128.0309,156.9086,24.4781,29.9992,44.1397,54.0955,16.9851,20.8161,100.505,123.1742
24,2026-03-17,250.5664,306.5413,26.8032,32.7908,124.0435,151.754,228.7516,279.8533,1028.6603,1258.4563,61.1491,74.8095,383.3359,468.9706,156.3537,191.2821,195.4517,239.1143,481.1276,588.6084,785.6073,961.1068,343.0134,419.6404,103.424,126.5283,107.5187,131.5376,87.9401,107.5853,128.0049,156.6004,24.4995,29.9726,44.162,54.0274,16.9072,20.6841,100.5271,122.9841
25,2026-03-18,250.9087,306.436,26.8096,32.7426,124.1183,151.5864,228.9174,279.5779,1029.4656,1257.2916,61.1696,74.7068,383.6978,468.6121,156.5636,191.2119,195.5956,238.8819,481.3046,587.8197,785.8557,959.7695,343.3007,419.2749,103.5126,126.4205,107.6925,131.5254,88.1456,107.6526,127.979,156.3013,24.521,29.9476,44.1843,53.9625,16.8296,20.5541,100.5491,122.8011
26,2026-03-19,251.2514,306.3471,26.816,32.6963,124.1933,151.427,229.0832,279.3178,1030.2716,1256.1949,61.1901,74.6082,384.0602,468.2789,156.7738,191.1519,195.7396,238.6624,481.4816,587.0634,786.1041,958.4851,343.5883,418.9321,103.6013,126.3196,107.8666,131.5201,88.3515,107.7257,127.953,156.0112,24.5425,29.9243,44.2066,53.9004,16.7524,20.4259,100.5711,122.6248
27,2026-03-20,251.5946,306.2741,26.8224,32.6517,124.2682,151.2756,229.2492,279.0722,1031.0782,1255.1639,61.2106,74.5136,384.4228,467.97,156.9842,191.1018,195.8837,238.4554,481.6587,586.3383,786.3526,957.2518,343.876,418.6111,103.6901,126.2252,108.041,131.5217,88.5579,107.8044,127.927,155.7296,24.564,29.9025,44.2289,53.8412,16.6755,20.2996,100.5931,122.4552
28,2026-03-21,251.9383,306.2164,26.8288,32.6088,124.3432,151.132,229.4153,278.8409,1031.8854,1254.1967,61.2311,74.4228,384.7858,467.6848,157.1949,191.0613,196.0279,238.2605,481.8359,585.6435,786.6012,956.0681,344.164,418.3114,103.7789,126.1373,108.2157,131.5298,88.7649,107.8885,127.901,155.4563,24.5855,29.8823,44.2512,53.7848,16.599,20.1751,100.6152,122.2919
29,2026-03-22,252.2825,306.1736,26.8352,32.5675,124.4183,150.9958,229.5815,278.6233,1032.6933,1253.2912,61.2515,74.3357,385.1492,467.4225,157.4059,191.0301,196.1722,238.0773,482.0131,584.9779,786.8499,954.9322,344.4523,418.0322,103.8678,126.0555,108.3906,131.5444,88.9722,107.978,127.8751,155.191,24.6071,29.8635,44.2736,53.7311,16.5229,20.0524,100.6372,122.1347
30,2026-03-23,252.6271,306.1453,26.8416,32.5279,124.4934,150.8669,229.7478,278.419,1033.5018,1252.4454,61.272,74.2523,385.5129,467.1824,157.6172,191.0079,196.3166,237.9056,482.1904,584.3407,787.0987,953.8427,344.7408,417.7729,103.9568,125.9797,108.5658,131.5651,89.1801,108.0726,127.8491,154.9335,24.6286,29.8461,44.296,53.6799,16.447,19.9313,100.6592,121.9835
31,2026-03-24,252.9722,306.131,26.848,32.4897,124.5685,150.7449,229.9142,278.2276,1034.3109,1251.6574,61.2926,74.1724,385.8769,466.9638,157.8288,190.9944,196.4611,237.7448,482.3677,583.7308,787.3475,952.798,345.0296,417.5329,104.0459,125.9098,108.7414,131.5919,89.3885,108.1723,127.8232,154.6835,24.6502,29.8301,44.3183,53.6312,16.3716,19.8119,100.6813,121.8381
32,2026-03-25,253.3178,306.1302,26.8544,32.4531,124.6437,150.6298,230.0808,278.0487,1035.1207,1250.9255,61.3131,74.0958,386.2413,466.766,158.0407,190.9895,196.6058,237.5947,482.5451,583.1475,787.5964,951.7967,345.3185,417.3115,104.135,125.8454,108.9172,131.6245,89.5973,108.2769,127.7972,154.4408,24.6718,29.8154,44.3407,53.585,16.2965,19.694,100.7034,121.6983
33,2026-03-26,253.6639,306.1427,26.8608,32.4179,124.719,150.5212,230.2475,277.8818,1035.9311,1250.2478,61.3336,74.0225,386.606,466.5883,158.2528,190.9927,196.7505,237.4549,482.7226,582.5898,787.8454,950.8374,345.6078,417.1082,104.2243,125.7865,109.0932,131.6628,89.8067,108.3862,127.7713,154.205,24.6934,29.8021,44.3631,53.5411,16.2217,19.5777,100.7254,121.5638
34,2026-03-27,254.0104,306.1679,26.8672,32.384,124.7942,150.419,230.4143,277.7267,1036.7421,1249.6227,61.3541,73.9523,386.9711,466.4302,158.4653,191.0039,196.8953,237.3251,482.9002,582.057,788.0945,949.9188,345.8972,416.9224,104.3136,125.7329,109.2696,131.7066,90.0165,108.5002,127.7454,153.9761,24.715,29.7899,44.3855,53.4995,16.1473,19.4629,100.7475,121.4346
35,2026-03-28,254.3574,306.2055,26.8736,32.3516,124.8696,150.3229,230.5812,277.5829,1037.5538,1249.0484,61.3747,73.8852,387.3365,466.2911,158.678,191.0229,197.0403,237.2049,483.0778,581.5482,788.3437,949.0394,346.1869,416.7536,104.4029,125.6844,109.4463,131.7558,90.2268,108.6187,127.7195,153.7537,24.7367,29.779,44.4079,53.46,16.0732,19.3496,100.7695,121.3104
36,2026-03-29,254.7049,306.2552,26.8801,32.3204,124.9449,150.2328,230.7483,277.45,1038.3661,1248.5234,61.3952,73.8211,387.7023,466.1703,158.891,191.0493,197.1853,237.0942,483.2555,581.0627,788.5929,948.1981,346.4769,416.6012,104.4924,125.6408,109.6232,131.8101,90.4376,108.7415,127.6935,153.5377,24.7584,29.7693,44.4304,53.4227,15.9995,19.2376,100.7916,121.1911
37,2026-03-30,255.0528,306.3165,26.8865,32.2905,125.0204,150.1485,230.9155,277.3277,1039.179,1248.0462,61.4157,73.7599,388.0684,466.0672,159.1043,191.0831,197.3305,236.9925,483.4332,580.5997,788.8422,947.3936,346.7671,416.4647,104.5819,125.6021,109.8004,131.8695,90.649,108.8687,127.6676,153.3278,24.7801,29.7607,44.4528,53.3875,15.9261,19.1271,100.8137,121.0765
38,2026-03-31,255.4012,306.3891,26.8929,32.2618,125.0958,150.0698,231.0828,277.2158,1039.9926,1247.6151,61.4363,73.7014,388.4348,465.9814,159.3179,191.1239,197.4758,236.8995,483.611,580.1584,789.0916,946.6247,347.0575,416.3436,104.6715,125.568,109.978,131.9338,90.8608,109.0001,127.6417,153.1239,24.8018,29.7532,44.4753,53.3542,15.853,19.0178,100.8358,120.9665
39,2026-04-01,255.7501,306.4728,26.8993,32.2342,125.1713,149.9964,231.2502,277.1138,1040.8068,1247.2289,61.4569,73.6455,388.8016,465.9122,159.5317,191.1715,197.6212,236.8151,483.7889,579.7382,789.3411,945.8902,347.3482,416.2374,104.7612,125.5384,110.1558,132.0028,91.073,109.1355,127.6158,152.9257,24.8235,29.7467,44.4977,53.3229,15.7802,18.9099,100.8579,120.8609
40,2026-04-02,256.0995,306.567,26.9057,32.2079,125.2469,149.9283,231.4177,277.0214,1041.6216,1246.8859,61.4774,73.5923,389.1688,465.8592,159.7459,191.2258,197.7666,236.739,483.9668,579.3384,789.5906,945.1891,347.6391,416.1457,104.8509,125.5131,110.3338,132.0765,91.2858,109.2748,127.5899,152.7331,24.8452,29.7413,44.5202,53.2934,15.7078,18.8033,100.88,120.7596
41,2026-04-03,256.4493,306.6716,26.9122,32.1826,125.3225,149.8653,231.5854,276.9384,1042.4371,1246.585,61.498,73.5416,389.5363,465.8219,159.9603,191.2865,197.9122,236.6708,484.1449,578.9584,789.8402,944.5202,347.9303,416.068,104.9408,125.4921,110.5122,132.1546,91.4991,109.418,127.564,152.5458,24.867,29.7369,44.5427,53.2658,15.6358,18.6978,100.9021,120.6624
42,2026-04-04,256.7997,306.7863,26.9186,32.1584,125.3981,149.8071,231.7532,276.8644,1043.2533,1246.3247,61.5186,73.4933,389.9041,465.7997,160.1751,191.3535,198.0579,236.6103,484.3229,578.5974,790.0899,943.8826,348.2217,416.0038,105.0307,125.4751,110.6909,132.2371,91.7129,109.565,127.5381,152.3637,24.8888,29.7335,44.5652,53.2399,15.564,18.5936,100.9242,120.5693
43,2026-04-05,257.1505,306.9106,26.925,32.1352,125.4738,149.7538,231.9211,276.7992,1044.07,1246.1038,61.5392,73.4474,390.2723,465.7923,160.3901,191.4265,198.2037,236.5573,484.5011,578.2549,790.3397,943.2752,348.5134,415.9528,105.1207,125.4622,110.8698,132.3238,91.9272,109.7156,127.5122,152.1866,24.9106,29.731,44.5877,53.2157,15.4926,18.4906,100.9463,120.48
44,2026-04-06,257.5018,307.0444,26.9315,32.113,125.5496,149.705,232.0891,276.7424,1044.8874,1245.9211,61.5598,73.4037,390.6408,465.7991,160.6054,191.5054,198.3496,236.5116,484.6793,577.9303,790.5896,942.697,348.8053,415.9145,105.2107,125.453,111.0491,132.4146,92.142,109.8698,127.4864,152.0144,24.9324,29.7294,44.6102,53.1931,15.4216,18.3886,100.9684,120.3944
45,2026-04-07,257.8535,307.1874,26.9379,32.0918,125.6253,149.6606,232.2572,276.6939,1045.7055,1245.7753,61.5804,73.3623,391.0097,465.8197,160.821,191.5901,198.4957,236.4729,484.8575,577.623,790.8395,942.1471,349.0974,415.8886,105.3009,125.4476,111.2286,132.5095,92.3573,110.0275,127.4605,151.8469,24.9543,29.7287,44.6327,53.1721,15.3508,18.2878,100.9905,120.3125
46,2026-04-08,258.2058,307.3393,26.9443,32.0715,125.7012,149.6206,232.4255,276.6533,1046.5241,1245.6653,61.601,73.3229,391.3789,465.8537,161.0369,191.6803,198.6418,236.441,485.0359,577.3324,791.0896,941.6245,349.3898,415.8746,105.3911,125.4458,111.4084,132.6081,92.573,110.1886,127.4346,151.6839,24.9761,29.7288,44.6553,53.1526,15.2804,18.188,101.0126,120.2341
47,2026-04-09,258.5585,307.4998,26.9508,32.0521,125.777,149.5848,232.5939,276.6204,1047.3435,1245.59,61.6216,73.2857,391.7485,465.9006,161.253,191.7758,198.788,236.4156,485.2143,577.0581,791.3397,941.1285,349.6825,415.8721,105.4814,125.4475,111.5885,132.7106,92.7893,110.353,127.4087,151.5253,24.998,29.7298,44.6778,53.1347,15.2103,18.0893,101.0347,120.1591
48,2026-04-10,258.9117,307.6686,26.9572,32.0336,125.853,149.5529,232.7624,276.595,1048.1634,1245.5482,61.6422,73.2504,392.1184,465.9602,161.4695,191.8766,198.9344,236.3967,485.3927,576.7994,791.5898,940.658,349.9753,415.8809,105.5718,125.4525,111.769,132.8167,93.0061,110.5206,127.3829,151.371,25.0199,29.7315,44.7004,53.1181,15.1405,17.9917,101.0569,120.0874
49,2026-04-11,259.2654,307.8457,26.9636,32.016,125.9289,149.5251,232.931,276.5768,1048.984,1245.5391,61.6629,73.217,392.4887,466.0319,161.6862,191.9825,199.0808,236.3839,485.5713,576.5559,791.8401,940.2124,350.2685,415.9006,105.6622,125.4608,111.9497,132.9264,93.2234,110.6913,127.357,151.2208,25.0418,29.7341,44.723,53.103,15.071,17.895,101.079,120.0189
50,2026-04-12,259.6196,308.0306,26.9701,31.9991,126.0049,149.5009,233.0998,276.5656,1049.8053,1245.5614,61.6835,73.1856,392.8593,466.1154,161.9033,192.0932,199.2274,236.3771,485.7499,576.3271,792.0904,939.7907,350.5618,415.9307,105.7527,125.4724,112.1306,133.0395,93.4413,110.8651,127.3312,151.0745,25.0638,29.7374,44.7456,53.0892,15.0019,17.7993,101.1012,119.9534
51,2026-04-13,259.9742,308.2231,26.9765,31.9831,126.081,149.4805,233.2686,276.5612,1050.6272,1245.6142,61.7042,73.1559,393.2303,466.2103,162.1206,192.2088,199.374,236.3761,485.9285,576.1125,792.3408,939.3922,350.8554,415.9711,105.8434,125.4869,112.3119,133.156,93.6596,111.042,127.3053,150.9321,25.0857,29.7414,44.7682,53.0767,14.933,17.7045,101.1233,119.8909
52,2026-04-14,260.3294,308.4232,26.9829,31.9678,126.1571,149.4636,233.4376,276.5634,1051.4497,1245.6967,61.7248,73.128,393.6016,466.3164,162.3382,192.3289,199.5208,236.3807,486.1073,575.9117,792.5913,939.0163,351.1493,416.0213,105.934,125.5045,112.4935,133.2758,93.8784,111.2217,127.2795,150.7934,25.1077,29.7462,44.7908,53.0655,14.8645,17.6106,101.1455,119.8313
53,2026-04-15,260.685,308.6304,26.9894,31.9533,126.2332,149.4502,233.6068,276.5719,1052.2729,1245.8078,61.7455,73.1017,393.9733,466.4332,162.5562,192.4536,199.6677,236.3907,486.286,575.7242,792.8419,938.662,351.4434,416.0812,106.0248,125.525,112.6754,133.3987,94.0978,111.4043,127.2537,150.6583,25.1297,29.7516,44.8134,53.0555,14.7963,17.5177,101.1676,119.7744
54,2026-04-16,261.0411,308.8447,26.9958,31.9395,126.3094,149.44,233.776,276.5866,1053.0967,1245.9466,61.7661,73.0771,394.3453,466.5604,162.7744,192.5827,199.8147,236.406,486.4649,575.5495,793.0926,938.3288,351.7378,416.1503,106.1156,125.5482,112.8575,133.5247,94.3176,111.5897,127.2279,150.5266,25.1517,29.7577,44.836,53.0467,14.7284,17.4256,101.1898,119.7203
55,2026-04-17,261.3977,309.0657,27.0023,31.9264,126.3857,149.4331,233.9454,276.6072,1053.9212,1246.1124,61.7868,73.0541,394.7177,466.6977,162.9929,192.716,199.9618,236.4265,486.6438,575.3873,793.3433,938.0159,352.0324,416.2284,106.2066,125.5742,113.04,133.6537,94.538,111.7777,127.202,150.3984,25.1738,29.7644,44.8587,53.039,14.6609,17.3344,101.2119,119.6688
56,2026-04-18,261.7548,309.2934,27.0087,31.9139,126.462,149.4294,234.1149,276.6337,1054.7463,1246.3042,61.8075,73.0327,395.0904,466.8448,163.2117,192.8534,200.109,236.4518,486.8228,575.2372,793.5941,937.7228,352.3272,416.3152,106.2975,125.6028,113.2227,133.7857,94.7589,111.9685,127.1762,150.2733,25.1958,29.7718,44.8813,53.0325,14.5936,17.244,101.2341,119.6198
57,2026-04-19,262.1124,309.5276,27.0152,31.9021,126.5383,149.4286,234.2845,276.6657,1055.5721,1246.5212,61.8282,73.0127,395.4635,467.0014,163.4308,192.9948,200.2563,236.4819,487.0019,575.0988,793.845,937.4487,352.6223,416.4104,106.3886,125.6339,113.4058,133.9205,94.9803,112.1618,127.1504,150.1515,25.2179,29.7797,44.904,53.027,14.5266,17.1545,101.2563,119.5732
58,2026-04-20,262.4704,309.7679,27.0216,31.891,126.6147,149.4308,234.4542,276.7031,1056.3985,1246.7628,61.8489,72.9941,395.8369,467.1672,163.6502,193.1401,200.4037,236.5167,487.181,574.9716,794.096,937.193,352.9177,416.5139,106.4798,125.6676,113.5891,134.058,95.2022,112.3577,127.1246,150.0326,25.24,29.7883,44.9267,53.0225,14.46,17.0657,101.2785,119.529
59,2026-04-21,262.829,310.0144,27.0281,31.8804,126.6911,149.4358,234.6241,276.7459,1057.2255,1247.028,61.8696,72.9769,396.2107,467.342,163.8698,193.2892,200.5513,236.556,487.3602,574.8554,794.347,936.9552,353.2133,416.6252,106.571,125.7036,113.7728,134.1983,95.4246,112.5561,127.0988,149.9167,25.2621,29.7974,44.9494,53.0191,14.3937,16.9777,101.3007,119.487
60,2026-04-22,263.188,310.2667,27.0345,31.8704,126.7676,149.4436,234.7941,276.7937,1058.0532,1247.3162,61.8903,72.9611,396.5849,467.5254,164.0898,193.442,200.6989,236.5996,487.5394,574.7498,794.5982,936.7347,353.5091,416.7443,106.6623,125.7419,113.9567,134.3411,95.6476,112.7569,127.073,149.8036,25.2842,29.807,44.9721,53.0166,14.3276,16.8905,101.3228,119.4473
61,2026-04-23,263.5476,310.5248,27.041,31.861,126.8441,149.454,234.9642,276.8464,1058.8816,1247.6267,61.911,72.9466,396.9594,467.7172,164.3101,193.5983,200.8467,236.6475,487.7188,574.6544,794.8494,936.5309,353.8052,416.8708,106.7537,125.7825,114.1409,134.4865,95.871,112.96,127.0472,149.6933,25.3064,29.8172,44.9948,53.0151,14.2619,16.8041,101.345,119.4097
62,2026-04-24,263.9076,310.7884,27.0475,31.8522,126.9207,149.467,235.1344,276.9039,1059.7106,1247.9588,61.9317,72.9333,397.3342,467.9171,164.5307,193.7581,200.9945,236.6994,487.8982,574.5689,795.1007,936.3432,354.1015,417.0045,106.8452,125.8252,114.3255,134.6344,96.095,113.1655,127.0214,149.5857,25.3286,29.8279,45.0175,53.0145,14.1965,16.7183,101.3672,119.3742
63,2026-04-25,264.2681,311.0575,27.0539,31.8439,126.9973,149.4825,235.3047,276.9661,1060.5402,1248.3117,61.9524,72.9213,397.7094,468.1249,164.7515,193.9212,201.1425,236.7553,488.0776,574.4931,795.352,936.1712,354.3981,417.1452,106.9367,125.8701,114.5103,134.7846,96.3196,113.3732,126.9957,149.4806,25.3507,29.8392,45.0402,53.0147,14.1313,16.6333,101.3894,119.3407
64,2026-04-26,264.6291,311.3318,27.0604,31.8361,127.0739,149.5004,235.4752,277.0327,1061.3705,1248.685,61.9732,72.9104,398.085,468.3404,164.9727,194.0876,201.2906,236.815,488.2571,574.4265,795.6035,936.0144,354.6949,417.2927,107.0283,125.917,114.6954,134.9373,96.5446,113.5831,126.9699,149.378,25.373,29.8509,45.063,53.0159,14.0665,16.549,101.4117,119.3091
65,2026-04-27,264.9906,311.6112,27.0668,31.8288,127.1506,149.5206,235.6458,277.1037,1062.2015,1249.0778,61.9939,72.9007,398.4609,468.5633,165.1941,194.2572,201.4387,236.8785,488.4367,574.3689,795.855,935.8722,354.992,417.4468,107.12,125.966,114.8808,135.0922,96.7702,113.7953,126.9441,149.2778,25.3952,29.863,45.0858,53.0178,14.0019,16.4654,101.4339,119.2794
66,2026-04-28,265.3526,311.8956,27.0733,31.822,127.2274,149.5431,235.8165,277.1789,1063.0331,1249.4897,62.0147,72.8921,398.8371,468.7934,165.4159,194.4299,201.587,236.9455,488.6164,574.32,796.1066,935.7442,355.2893,417.6073,107.2118,126.0168,115.0666,135.2493,96.9963,114.0095,126.9183,149.1799,25.4174,29.8757,45.1085,53.0206,13.9377,16.3824,101.4561,119.2515
67,2026-04-29,265.7151,312.1849,27.0798,31.8156,127.3042,149.5678,235.9874,277.2582,1063.8653,1249.9201,62.0354,72.8845,399.2138,469.0305,165.6379,194.6056,201.7354,237.0161,488.7961,574.2795,796.3583,935.6299,355.5869,417.7739,107.3036,126.0695,115.2526,135.4086,97.2229,114.2258,126.8926,149.0843,25.4397,29.8887,45.1313,53.0241,13.8738,16.3001,101.4783,119.2254
68,2026-04-30,266.0781,312.4788,27.0862,31.8097,127.381,149.5947,236.1583,277.3414,1064.6982,1250.3683,62.0562,72.878,399.5907,469.2744,165.8603,194.7842,201.8839,237.09,488.9759,574.2471,796.6101,935.5289,355.8847,417.9466,107.3956,126.124,115.4389,135.57,97.4501,114.4441,126.8668,148.9908,25.462,29.9022,45.1541,53.0284,13.8101,16.2184,101.5005,119.201
69,2026-05-01,266.4416,312.7773,27.0927,31.8043,127.4579,149.6236,236.3294,277.4285,1065.5318,1250.8339,62.077,72.8725,399.9681,469.5248,166.0829,194.9657,202.0326,237.1672,489.1557,574.2227,796.8619,935.4407,356.1828,418.125,107.4876,126.1803,115.6256,135.7335,97.6778,114.6645,126.8411,148.8995,25.4843,29.9162,45.1769,53.0334,13.7467,16.1374,101.5228,119.1782
70,2026-05-02,266.8056,313.0802,27.0992,31.7992,127.5348,149.6544,236.5006,277.5193,1066.366,1251.3162,62.0977,72.8679,400.3458,469.7816,166.3059,195.1499,202.1813,237.2476,489.3356,574.2059,797.1138,935.365,356.4811,418.3091,107.5797,126.2383,115.8125,135.899,97.906,114.8868,126.8153,148.8102,25.5066,29.9305,45.1997,53.0392,13.6837,16.057,101.545,119.157
71,2026-05-03,267.17,313.3875,27.1056,31.7946,127.6118,149.6873,236.672,277.6136,1067.2009,1251.8149,62.1185,72.8643,400.7238,470.0446,166.5291,195.3368,202.3301,237.331,489.5156,574.1964,797.3658,935.3014,356.7797,418.4987,107.6719,126.2979,115.9997,136.0664,98.1347,115.111,126.7896,148.7228,25.529,29.9452,45.2226,53.0456,13.6209,15.9772,101.5673,119.1373
72,2026-05-04,267.535,313.699,27.1121,31.7904,127.6888,149.7219,236.8435,277.7115,1068.0364,1252.3294,62.1393,72.8616,401.1022,470.3136,166.7527,195.5264,202.4791,237.4175,489.6956,574.1942,797.6179,935.2494,357.0785,418.6936,107.7641,126.3591,116.1873,136.2357,98.364,115.337,126.7639,148.6374,25.5513,29.9603,45.2454,53.0526,13.5584,15.8979,101.5895,119.1191
73,2026-05-05,267.9005,314.0146,27.1186,31.7865,127.7659,149.7584,237.015,277.8128,1068.8725,1252.8591,62.1601,72.8598,401.481,470.5885,166.9765,195.7184,202.6281,237.5068,489.8758,574.1988,797.8701,935.2086,357.3776,418.8936,107.8564,126.4219,116.3751,136.4069,98.5938,115.5649,126.7381,148.5538,25.5737,29.9758,45.2683,53.0603,13.4962,15.8193,101.6118,119.1023
74,2026-05-06,268.2665,314.3341,27.1251,31.7831,127.843,149.7967,237.1868,277.9173,1069.7094,1253.4038,62.1809,72.8588,401.8601,470.869,167.2007,195.913,202.7773,237.599,490.0559,574.2101,798.1223,935.1788,357.6769,419.0985,107.9488,126.4862,116.5632,136.5799,98.8242,115.7947,126.7124,148.4719,25.5961,29.9916,45.2911,53.0687,13.4343,15.7413,101.634,119.087
75,2026-05-07,268.6329,314.6576,27.1315,31.78,127.9202,149.8367,237.3586,278.0251,1070.5468,1253.9628,62.2017,72.8587,402.2395,471.1549,167.4251,196.1099,202.9266,237.6939,490.2362,574.228,798.3746,935.1595,357.9765,419.3084,108.0413,126.552,116.7517,136.7547,99.0551,116.0261,126.6867,148.3918,25.6186,30.0078,45.314,53.0776,13.3726,15.6638,101.6563,119.073
76,2026-05-08,268.9999,314.9848,27.138,31.7772,127.9974,149.8783,237.5306,278.1359,1071.385,1254.5358,62.2225,72.8593,402.6194,471.4462,167.6498,196.3092,203.076,237.7914,490.4165,574.2521,798.6271,935.1505,358.2764,419.5229,108.1339,126.6191,116.9404,136.9311,99.2865,116.2593,126.661,148.3134,25.641,30.0243,45.3369,53.0871,13.3113,15.5868,101.6785,119.0603
77,2026-05-09,269.3674,315.3157,27.1445,31.7748,128.0747,149.9215,237.7026,278.2496,1072.2238,1255.1223,62.2434,72.8608,402.9996,471.7427,167.8749,196.5108,203.2255,237.8914,490.5969,574.2823,798.8795,935.1514,358.5764,419.7419,108.2265,126.6877,117.1295,137.1093,99.5185,116.4943,126.6353,148.2366,25.6635,30.0411,45.3598,53.0972,13.2502,15.5104,101.7008,119.0488
78,2026-05-10,269.7353,315.6502,27.151,31.7727,128.152,149.9662,237.8749,278.3663,1073.0632,1255.7219,62.2642,72.8629,403.3801,472.0442,168.1002,196.7146,203.3751,237.994,490.7773,574.3183,799.1321,935.1618,358.8768,419.9654,108.3193,126.7576,117.3189,137.2891,99.751,116.7308,126.6096,148.1613,25.6859,30.0583,45.3827,53.1078,13.1894,15.4345,101.7231,119.0386
79,2026-05-11,270.1038,315.9881,27.1575,31.7709,128.2293,150.0125,238.0472,278.4858,1073.9033,1256.3343,62.285,72.8658,403.761,472.3506,168.3259,196.9205,203.5248,238.0989,490.9578,574.3601,799.3847,935.1815,359.1773,420.1932,108.4121,126.8287,117.5085,137.4705,99.9841,116.9691,126.5839,148.0875,25.7085,30.0757,45.4056,53.119,13.1289,15.3592,101.7454,119.0295
80,2026-05-12,270.4728,316.3295,27.164,31.7694,128.3067,150.0602,238.2197,278.608,1074.7441,1256.9591,62.3059,72.8694,404.1423,472.6617,168.5519,197.1286,203.6746,238.2062,491.1384,574.4073,799.6375,935.2101,359.4782,420.4251,108.5049,126.9012,117.6985,137.6534,100.2177,117.2089,126.5582,148.0152,25.731,30.0935,45.4285,53.1306,13.0687,15.2844,101.7677,119.0216
81,2026-05-13,270.8423,316.6741,27.1704,31.7682,128.3842,150.1093,238.3922,278.7329,1075.5855,1257.5958,62.3267,72.8737,404.5239,472.9774,168.7781,197.3387,203.8246,238.3157,491.3191,574.4599,799.8903,935.2475,359.7793,420.661,108.5979,126.9748,117.8888,137.8379,100.4519,117.4503,126.5325,147.9443,25.7535,30.1115,45.4515,53.1428,13.0087,15.21,101.79,119.0148
82,2026-05-14,271.2123,317.022,27.1769,31.7673,128.4617,150.1598,238.5649,278.8603,1076.4276,1258.2441,62.3476,72.8786,404.9059,473.2975,169.0047,197.5508,203.9746,238.4275,491.4998,574.5177,800.1431,935.2932,360.0806,420.9009,108.691,127.0497,118.0794,138.0239,100.6866,117.6933,126.5068,147.8748,25.7761,30.1299,45.4744,53.1554,12.949,15.1362,101.8123,119.0091
83,2026-05-15,271.5828,317.3731,27.1834,31.7667,128.5392,150.2116,238.7378,278.9902,1077.2703,1258.9037,62.3685,72.8841,405.2883,473.622,169.2316,197.7649,204.1248,238.5413,491.6805,574.5805,800.3961,935.3471,360.3822,421.1445,108.7841,127.1256,118.2703,138.2113,100.9218,117.9378,126.4812,147.8066,25.7987,30.1485,45.4974,53.1685,12.8896,15.0629,101.8346,119.0044
84,2026-05-16,271.9538,317.7271,27.1899,31.7663,128.6168,150.2647,238.9107,279.1225,1078.1137,1259.5743,62.3893,72.8903,405.671,473.9507,169.4587,197.9808,204.2751,238.6572,491.8614,574.6481,800.6492,935.4089,360.684,421.3919,108.8773,127.2027,118.4615,138.4001,101.1576,118.1838,126.4555,147.7396,25.8213,30.1673,45.5204,53.1821,12.8305,14.99,101.8569,119.0007
85,2026-05-17,272.3253,318.0842,27.1964,31.7662,128.6944,150.319,239.0838,279.2572,1078.9577,1260.2555,62.4102,72.897,406.0541,474.2835,169.6862,198.1986,204.4255,238.7751,492.0423,574.7204,800.9023,935.4782,360.9861,421.6428,108.9706,127.2809,118.653,138.5903,101.394,118.4312,126.4298,147.6739,25.8439,30.1864,45.5434,53.1961,12.7716,14.9176,101.8792,118.998
86,2026-05-18,272.6973,318.4442,27.2029,31.7664,128.7721,150.3745,239.257,279.3941,1079.8025,1260.9469,62.4311,72.9044,406.4375,474.6202,169.914,198.4183,204.5759,238.895,492.2233,574.7972,801.1555,935.555,361.2885,421.8972,109.0639,127.3602,118.8448,138.7819,101.6309,118.6802,126.4042,147.6094,25.8665,30.2058,45.5664,53.2105,12.713,14.8457,101.9015,118.9962
87,2026-05-19,273.0698,318.807,27.2094,31.7668,128.8498,150.4312,239.4304,279.5332,1080.6478,1261.6484,62.452,72.9123,406.8213,474.9609,170.1421,198.6396,204.7265,239.0167,492.4043,574.8784,801.4088,935.6388,361.5911,422.1549,109.1574,127.4404,119.037,138.9748,101.8683,118.9305,126.3785,147.546,25.8892,30.2254,45.5894,53.2253,12.6547,14.7743,101.9238,118.9953
88,2026-05-20,273.4428,319.1726,27.2159,31.7674,128.9276,150.4891,239.6038,279.6745,1081.4939,1262.3596,62.4729,72.9207,407.2054,475.3052,170.3705,198.8627,204.8773,239.1403,492.5854,574.9639,801.6621,935.7296,361.8939,422.416,109.2509,127.5217,119.2294,139.169,102.1063,119.1823,126.3529,147.4837,25.9119,30.2453,45.6124,53.2405,12.5966,14.7033,101.9461,118.9953
89,2026-05-21,273.8164,319.5409,27.2224,31.7682,129.0054,150.548,239.7774,279.8178,1082.3406,1263.0802,62.4938,72.9296,407.59,475.6532,170.5992,199.0874,205.0281,239.2656,492.7666,575.0535,801.9156,935.8271,362.197,422.6802,109.3445,127.6039,119.4222,139.3644,102.3449,119.4354,126.3272,147.4226,25.9346,30.2654,45.6355,53.2561,12.5388,14.6327,101.9685,118.9961
90,2026-05-22,274.1904,319.9118,27.2289,31.7693,129.0833,150.608,239.9511,279.9631,1083.1879,1263.8099,62.5147,72.9391,407.9748,476.0048,170.8282,199.3138,205.179,239.3927,492.9479,575.1471,802.1691,935.931,362.5004,422.9475,109.4382,127.687,119.6152,139.5611,102.584,119.69,126.3016,147.3624,25.9573,30.2857,45.6585,53.2721,12.4813,14.5626,101.9908,118.9978
