date,sector,baseline_proxy_price,impacted_proxy_price,sector_total_impact_pct
2026-02-22,Minerals,100.0219,95.6783,-52.1123
2026-02-23,Minerals,100.0438,91.3546,-52.1123
2026-02-24,Minerals,100.0657,87.0291,-52.1123
2026-02-25,Minerals,100.0876,82.7017,-52.1123
2026-02-26,Minerals,100.1096,78.3723,-52.1123
2026-02-27,Minerals,100.1315,74.0411,-52.1123
2026-02-28,Minerals,100.1534,69.708,-52.1123
2026-03-01,Minerals,100.1754,65.3729,-52.1123
2026-03-02,Minerals,100.1973,61.036,-52.1123
2026-03-03,Minerals,100.2193,56.6971,-52.1123
2026-03-04,Minerals,100.2412,52.3564,-52.1123
2026-03-05,Minerals,100.2632,48.0137,-52.1123
2026-03-06,Minerals,100.2851,49.2986,-52.1123
2026-03-07,Minerals,100.3071,50.522,-52.1123
2026-03-08,Minerals,100.3291,51.6866,-52.1123
2026-03-09,Minerals,100.3511,52.7956,-52.1123
2026-03-10,Minerals,100.373,53.8514,-52.1123
2026-03-11,Minerals,100.395,54.8568,-52.1123
2026-03-12,Minerals,100.417,55.8142,-52.1123
2026-03-13,Minerals,100.439,56.7258,-52.1123
2026-03-14,Minerals,100.461,57.594,-52.1123
2026-03-15,Minerals,100.483,58.4208,-52.1123
2026-03-16,Minerals,100.505,59.2083,-52.1123
2026-03-17,Minerals,100.5271,59.9583,-52.1123
2026-03-18,Minerals,100.5491,60.6727,-52.1123
2026-03-19,Minerals,100.5711,61.3531,-52.1123
2026-03-20,Minerals,100.5931,62.0014,-52.1123
2026-03-21,Minerals,100.6152,62.6189,-52.1123
2026-03-22,Minerals,100.6372,63.2073,-52.1123
2026-03-23,Minerals,100.6592,63.7678,-52.1123
2026-03-24,Minerals,100.6813,64.302,-52.1123
2026-03-25,Minerals,100.7034,64.811,-52.1123
2026-03-26,Minerals,100.7254,65.2961,-52.1123
2026-03-27,Minerals,100.7475,65.7584,-52.1123
2026-03-28,Minerals,100.7695,66.1991,-52.1123
2026-03-29,Minerals,100.7916,66.6191,-52.1123
2026-03-30,Minerals,100.8137,67.0196,-52.1123
2026-03-31,Minerals,100.8358,67.4014,-52.1123
2026-04-01,Minerals,100.8579,67.7654,-52.1123
2026-04-02,Minerals,100.88,68.1126,-52.1123
2026-04-03,Minerals,100.9021,68.4437,-52.1123
2026-04-04,Minerals,100.9242,68.7596,-52.1123
2026-04-05,Minerals,100.9463,69.0609,-52.1123
2026-04-06,Minerals,100.9684,69.3483,-52.1123
2026-04-07,Minerals,100.9905,69.6226,-52.1123
2026-04-08,Minerals,101.0126,69.8844,-52.1123
2026-04-09,Minerals,101.0347,70.1343,-52.1123
2026-04-10,Minerals,101.0569,70.3728,-52.1123
2026-04-11,Minerals,101.079,70.6005,-52.1123
2026-04-12,Minerals,101.1012,70.818,-52.1123
2026-04-13,Minerals,101.1233,71.0257,-52.1123
2026-04-14,Minerals,101.1455,71.2241,-52.1123
2026-04-15,Minerals,101.1676,71.4137,-52.1123
2026-04-16,Minerals,101.1898,71.5949,-52.1123
2026-04-17,Minerals,101.2119,71.7681,-52.1123
2026-04-18,Minerals,101.2341,71.9337,-52.1123
2026-04-19,Minerals,101.2563,72.092,-52.1123
2026-04-20,Minerals,101.2785,72.2434,-52.1123
2026-04-21,Minerals,101.3007,72.3883,-52.1123
2026-04-22,Minerals,101.3228,72.527,-52.1123
2026-04-23,Minerals,101.345,72.6597,-52.1123
2026-04-24,Minerals,101.3672,72.7868,-52.1123
2026-04-25,Minerals,101.3894,72.9085,-52.1123
2026-04-26,Minerals,101.4117,73.0251,-52.1123
2026-04-27,Minerals,101.4339,73.1368,-52.1123
2026-04-28,Minerals,101.4561,73.2439,-52.1123
2026-04-29,Minerals,101.4783,73.3466,-52.1123
2026-04-30,Minerals,101.5005,73.4452,-52.1123
2026-05-01,Minerals,101.5228,73.5397,-52.1123
2026-05-02,Minerals,101.545,73.6304,-52.1123
2026-05-03,Minerals,101.5673,73.7176,-52.1123
2026-05-04,Minerals,101.5895,73.8013,-52.1123
2026-05-05,Minerals,101.6118,73.8818,-52.1123
2026-05-06,Minerals,101.634,73.9591,-52.1123
2026-05-07,Minerals,101.6563,74.0335,-52.1123
2026-05-08,Minerals,101.6785,74.1051,-52.1123
2026-05-09,Minerals,101.7008,74.174,-52.1123
2026-05-10,Minerals,101.7231,74.2404,-52.1123
2026-05-11,Minerals,101.7454,74.3043,-52.1123
2026-05-12,Minerals,101.7677,74.366,-52.1123
2026-05-13,Minerals,101.79,74.4254,-52.1123
2026-05-14,Minerals,101.8123,74.4828,-52.1123
2026-05-15,Minerals,101.8346,74.5382,-52.1123
2026-05-16,Minerals,101.8569,74.5917,-52.1123
2026-05-17,Minerals,101.8792,74.6434,-52.1123
2026-05-18,Minerals,101.9015,74.6934,-52.1123
2026-05-19,Minerals,101.9238,74.7418,-52.1123
2026-05-20,Minerals,101.9461,74.7887,-52.1123
2026-05-21,Minerals,101.9685,74.834,-52.1123
2026-05-22,Minerals,101.9908,74.878,-52.1123
2026-02-22,Maritime,100.0219,95.9881,-48.3955
2026-02-23,Maritime,100.0438,91.9744,-48.3955
2026-02-24,Maritime,100.0657,87.9589,-48.3955
2026-02-25,Maritime,100.0876,83.9417,-48.3955
2026-02-26,Maritime,100.1096,79.9227,-48.3955
2026-02-27,Maritime,100.1315,75.9019,-48.3955
2026-02-28,Maritime,100.1534,71.8794,-48.3955
2026-03-01,Maritime,100.1754,67.8551,-48.3955
2026-03-02,Maritime,100.1973,63.8291,-48.3955
2026-03-03,Maritime,100.2193,59.8013,-48.3955
2026-03-04,Maritime,100.2412,55.7717,-48.3955
2026-03-05,Maritime,100.2632,51.7403,-48.3955
2026-03-06,Maritime,100.2851,52.9351,-48.3955
2026-03-07,Maritime,100.3071,54.0728,-48.3955
2026-03-08,Maritime,100.3291,55.156,-48.3955
2026-03-09,Maritime,100.3511,56.1874,-48.3955
2026-03-10,Maritime,100.373,57.1695,-48.3955
2026-03-11,Maritime,100.395,58.1047,-48.3955
2026-03-12,Maritime,100.417,58.9954,-48.3955
2026-03-13,Maritime,100.439,59.8436,-48.3955
2026-03-14,Maritime,100.461,60.6514,-48.3955
2026-03-15,Maritime,100.483,61.4208,-48.3955
2026-03-16,Maritime,100.505,62.1537,-48.3955
2026-03-17,Maritime,100.5271,62.8518,-48.3955
2026-03-18,Maritime,100.5491,63.5168,-48.3955
2026-03-19,Maritime,100.5711,64.1503,-48.3955
2026-03-20,Maritime,100.5931,64.7539,-48.3955
2026-03-21,Maritime,100.6152,65.3289,-48.3955
2026-03-22,Maritime,100.6372,65.8769,-48.3955
2026-03-23,Maritime,100.6592,66.399,-48.3955
2026-03-24,Maritime,100.6813,66.8967,-48.3955
2026-03-25,Maritime,100.7034,67.3709,-48.3955
2026-03-26,Maritime,100.7254,67.823,-48.3955
2026-03-27,Maritime,100.7475,68.2539,-48.3955
2026-03-28,Maritime,100.7695,68.6647,-48.3955
2026-03-29,Maritime,100.7916,69.0564,-48.3955
2026-03-30,Maritime,100.8137,69.4299,-48.3955
2026-03-31,Maritime,100.8358,69.786,-48.3955
2026-04-01,Maritime,100.8579,70.1257,-48.3955
2026-04-02,Maritime,100.88,70.4497,-48.3955
2026-04-03,Maritime,100.9021,70.7588,-48.3955
2026-04-04,Maritime,100.9242,71.0536,-48.3955
2026-04-05,Maritime,100.9463,71.335,-48.3955
2026-04-06,Maritime,100.9684,71.6036,-48.3955
2026-04-07,Maritime,100.9905,71.8599,-48.3955
2026-04-08,Maritime,101.0126,72.1045,-48.3955
2026-04-09,Maritime,101.0347,72.3382,-48.3955
2026-04-10,Maritime,101.0569,72.5613,-48.3955
2026-04-11,Maritime,101.079,72.7743,-48.3955
2026-04-12,Maritime,101.1012,72.9779,-48.3955
2026-04-13,Maritime,101.1233,73.1724,-48.3955
2026-04-14,Maritime,101.1455,73.3582,-48.3955
2026-04-15,Maritime,101.1676,73.5359,-48.3955
2026-04-16,Maritime,101.1898,73.7057,-48.3955
2026-04-17,Maritime,101.2119,73.8681,-48.3955
2026-04-18,Maritime,101.2341,74.0235,-48.3955
2026-04-19,Maritime,101.2563,74.1721,-48.3955
2026-04-20,Maritime,101.2785,74.3143,-48.3955
2026-04-21,Maritime,101.3007,74.4504,-48.3955
2026-04-22,Maritime,101.3228,74.5808,-48.3955
2026-04-23,Maritime,101.345,74.7056,-48.3955
2026-04-24,Maritime,101.3672,74.8252,-48.3955
2026-04-25,Maritime,101.3894,74.9398,-48.3955
2026-04-26,Maritime,101.4117,75.0497,-48.3955
2026-04-27,Maritime,101.4339,75.155,-48.3955
2026-04-28,Maritime,101.4561,75.2561,-48.3955
2026-04-29,Maritime,101.4783,75.3531,-48.3955
2026-04-30,Maritime,101.5005,75.4461,-48.3955
2026-05-01,Maritime,101.5228,75.5355,-48.3955
2026-05-02,Maritime,101.545,75.6214,-48.3955
2026-05-03,Maritime,101.5673,75.7039,-48.3955
2026-05-04,Maritime,101.5895,75.7832,-48.3955
2026-05-05,Maritime,101.6118,75.8595,-48.3955
2026-05-06,Maritime,101.634,75.933,-48.3955
2026-05-07,Maritime,101.6563,76.0036,-48.3955
2026-05-08,Maritime,101.6785,76.0717,-48.3955
2026-05-09,Maritime,101.7008,76.1373,-48.3955
2026-05-10,Maritime,101.7231,76.2005,-48.3955
2026-05-11,Maritime,101.7454,76.2615,-48.3955
2026-05-12,Maritime,101.7677,76.3203,-48.3955
2026-05-13,Maritime,101.79,76.3772,-48.3955
2026-05-14,Maritime,101.8123,76.432,-48.3955
2026-05-15,Maritime,101.8346,76.4851,-48.3955
2026-05-16,Maritime,101.8569,76.5363,-48.3955
2026-05-17,Maritime,101.8792,76.586,-48.3955
2026-05-18,Maritime,101.9015,76.634,-48.3955
2026-05-19,Maritime,101.9238,76.6805,-48.3955
2026-05-20,Maritime,101.9461,76.7256,-48.3955
2026-05-21,Maritime,101.9685,76.7693,-48.3955
2026-05-22,Maritime,101.9908,76.8118,-48.3955
2026-02-22,Lumber,100.0219,95.9897,-48.3754
2026-02-23,Lumber,100.0438,91.9777,-48.3754
2026-02-24,Lumber,100.0657,87.9639,-48.3754
2026-02-25,Lumber,100.0876,83.9484,-48.3754
2026-02-26,Lumber,100.1096,79.9311,-48.3754
2026-02-27,Lumber,100.1315,75.912,-48.3754
2026-02-28,Lumber,100.1534,71.8912,-48.3754
2026-03-01,Lumber,100.1754,67.8686,-48.3754
2026-03-02,Lumber,100.1973,63.8442,-48.3754
2026-03-03,Lumber,100.2193,59.818,-48.3754
2026-03-04,Lumber,100.2412,55.7901,-48.3754
2026-03-05,Lumber,100.2632,51.7605,-48.3754
2026-03-06,Lumber,100.2851,52.9548,-48.3754
2026-03-07,Lumber,100.3071,54.092,-48.3754
2026-03-08,Lumber,100.3291,55.1747,-48.3754
2026-03-09,Lumber,100.3511,56.2057,-48.3754
2026-03-10,Lumber,100.373,57.1874,-48.3754
2026-03-11,Lumber,100.395,58.1223,-48.3754
2026-03-12,Lumber,100.417,59.0126,-48.3754
2026-03-13,Lumber,100.439,59.8604,-48.3754
2026-03-14,Lumber,100.461,60.6679,-48.3754
2026-03-15,Lumber,100.483,61.437,-48.3754
2026-03-16,Lumber,100.505,62.1696,-48.3754
2026-03-17,Lumber,100.5271,62.8674,-48.3754
2026-03-18,Lumber,100.5491,63.5321,-48.3754
2026-03-19,Lumber,100.5711,64.1654,-48.3754
2026-03-20,Lumber,100.5931,64.7687,-48.3754
2026-03-21,Lumber,100.6152,65.3436,-48.3754
2026-03-22,Lumber,100.6372,65.8913,-48.3754
2026-03-23,Lumber,100.6592,66.4133,-48.3754
2026-03-24,Lumber,100.6813,66.9107,-48.3754
2026-03-25,Lumber,100.7034,67.3848,-48.3754
2026-03-26,Lumber,100.7254,67.8367,-48.3754
2026-03-27,Lumber,100.7475,68.2674,-48.3754
2026-03-28,Lumber,100.7695,68.6781,-48.3754
2026-03-29,Lumber,100.7916,69.0696,-48.3754
2026-03-30,Lumber,100.8137,69.4429,-48.3754
2026-03-31,Lumber,100.8358,69.7989,-48.3754
2026-04-01,Lumber,100.8579,70.1385,-48.3754
2026-04-02,Lumber,100.88,70.4623,-48.3754
2026-04-03,Lumber,100.9021,70.7713,-48.3754
2026-04-04,Lumber,100.9242,71.066,-48.3754
2026-04-05,Lumber,100.9463,71.3473,-48.3754
2026-04-06,Lumber,100.9684,71.6158,-48.3754
2026-04-07,Lumber,100.9905,71.872,-48.3754
2026-04-08,Lumber,101.0126,72.1166,-48.3754
2026-04-09,Lumber,101.0347,72.3501,-48.3754
2026-04-10,Lumber,101.0569,72.5731,-48.3754
2026-04-11,Lumber,101.079,72.7861,-48.3754
2026-04-12,Lumber,101.1012,72.9896,-48.3754
2026-04-13,Lumber,101.1233,73.184,-48.3754
2026-04-14,Lumber,101.1455,73.3698,-48.3754
2026-04-15,Lumber,101.1676,73.5473,-48.3754
2026-04-16,Lumber,101.1898,73.7171,-48.3754
2026-04-17,Lumber,101.2119,73.8795,-48.3754
2026-04-18,Lumber,101.2341,74.0348,-48.3754
2026-04-19,Lumber,101.2563,74.1833,-48.3754
2026-04-20,Lumber,101.2785,74.3255,-48.3754
2026-04-21,Lumber,101.3007,74.4616,-48.3754
2026-04-22,Lumber,101.3228,74.5919,-48.3754
2026-04-23,Lumber,101.345,74.7167,-48.3754
2026-04-24,Lumber,101.3672,74.8362,-48.3754
2026-04-25,Lumber,101.3894,74.9508,-48.3754
2026-04-26,Lumber,101.4117,75.0606,-48.3754
2026-04-27,Lumber,101.4339,75.166,-48.3754
2026-04-28,Lumber,101.4561,75.267,-48.3754
2026-04-29,Lumber,101.4783,75.3639,-48.3754
2026-04-30,Lumber,101.5005,75.457,-48.3754
2026-05-01,Lumber,101.5228,75.5463,-48.3754
2026-05-02,Lumber,101.545,75.6322,-48.3754
2026-05-03,Lumber,101.5673,75.7147,-48.3754
2026-05-04,Lumber,101.5895,75.794,-48.3754
2026-05-05,Lumber,101.6118,75.8702,-48.3754
2026-05-06,Lumber,101.634,75.9436,-48.3754
2026-05-07,Lumber,101.6563,76.0143,-48.3754
2026-05-08,Lumber,101.6785,76.0824,-48.3754
2026-05-09,Lumber,101.7008,76.1479,-48.3754
2026-05-10,Lumber,101.7231,76.2111,-48.3754
2026-05-11,Lumber,101.7454,76.2721,-48.3754
2026-05-12,Lumber,101.7677,76.3309,-48.3754
2026-05-13,Lumber,101.79,76.3877,-48.3754
2026-05-14,Lumber,101.8123,76.4426,-48.3754
2026-05-15,Lumber,101.8346,76.4956,-48.3754
2026-05-16,Lumber,101.8569,76.5469,-48.3754
2026-05-17,Lumber,101.8792,76.5965,-48.3754
2026-05-18,Lumber,101.9015,76.6445,-48.3754
2026-05-19,Lumber,101.9238,76.691,-48.3754
2026-05-20,Lumber,101.9461,76.7361,-48.3754
2026-05-21,Lumber,101.9685,76.7798,-48.3754
2026-05-22,Lumber,101.9908,76.8222,-48.3754
2026-02-22,Metals,100.0219,97.821,-26.4046
2026-02-23,Metals,100.0438,95.6411,-26.4046
2026-02-24,Metals,100.0657,93.4602,-26.4046
2026-02-25,Metals,100.0876,91.2784,-26.4046
2026-02-26,Metals,100.1096,89.0956,-26.4046
2026-02-27,Metals,100.1315,86.9118,-26.4046
2026-02-28,Metals,100.1534,84.7271,-26.4046
2026-03-01,Metals,100.1754,82.5414,-26.4046
2026-03-02,Metals,100.1973,80.3548,-26.4046
2026-03-03,Metals,100.2193,78.1672,-26.4046
2026-03-04,Metals,100.2412,75.9786,-26.4046
2026-03-05,Metals,100.2632,73.7891,-26.4046
2026-03-06,Metals,100.2851,74.451,-26.4046
2026-03-07,Metals,100.3071,75.0816,-26.4046
2026-03-08,Metals,100.3291,75.6826,-26.4046
2026-03-09,Metals,100.3511,76.2553,-26.4046
2026-03-10,Metals,100.373,76.8012,-26.4046
2026-03-11,Metals,100.395,77.3214,-26.4046
2026-03-12,Metals,100.417,77.8174,-26.4046
2026-03-13,Metals,100.439,78.2901,-26.4046
2026-03-14,Metals,100.461,78.7409,-26.4046
2026-03-15,Metals,100.483,79.1707,-26.4046
2026-03-16,Metals,100.505,79.5805,-26.4046
2026-03-17,Metals,100.5271,79.9714,-26.4046
2026-03-18,Metals,100.5491,80.3442,-26.4046
2026-03-19,Metals,100.5711,80.6999,-26.4046
2026-03-20,Metals,100.5931,81.0392,-26.4046
2026-03-21,Metals,100.6152,81.363,-26.4046
2026-03-22,Metals,100.6372,81.672,-26.4046
2026-03-23,Metals,100.6592,81.9669,-26.4046
2026-03-24,Metals,100.6813,82.2484,-26.4046
2026-03-25,Metals,100.7034,82.5172,-26.4046
2026-03-26,Metals,100.7254,82.7738,-26.4046
2026-03-27,Metals,100.7475,83.019,-26.4046
2026-03-28,Metals,100.7695,83.2531,-26.4046
2026-03-29,Metals,100.7916,83.4769,-26.4046
2026-03-30,Metals,100.8137,83.6907,-26.4046
2026-03-31,Metals,100.8358,83.895,-26.4046
2026-04-01,Metals,100.8579,84.0904,-26.4046
2026-04-02,Metals,100.88,84.2772,-26.4046
2026-04-03,Metals,100.9021,84.4559,-26.4046
2026-04-04,Metals,100.9242,84.6268,-26.4046
2026-04-05,Metals,100.9463,84.7904,-26.4046
2026-04-06,Metals,100.9684,84.9469,-26.4046
2026-04-07,Metals,100.9905,85.0968,-26.4046
2026-04-08,Metals,101.0126,85.2404,-26.4046
2026-04-09,Metals,101.0347,85.3779,-26.4046
2026-04-10,Metals,101.0569,85.5097,-26.4046
2026-04-11,Metals,101.079,85.636,-26.4046
2026-04-12,Metals,101.1012,85.7571,-26.4046
2026-04-13,Metals,101.1233,85.8733,-26.4046
2026-04-14,Metals,101.1455,85.9847,-26.4046
2026-04-15,Metals,101.1676,86.0917,-26.4046
2026-04-16,Metals,101.1898,86.1945,-26.4046
2026-04-17,Metals,101.2119,86.2931,-26.4046
2026-04-18,Metals,101.2341,86.388,-26.4046
2026-04-19,Metals,101.2563,86.4791,-26.4046
2026-04-20,Metals,101.2785,86.5668,-26.4046
2026-04-21,Metals,101.3007,86.6512,-26.4046
2026-04-22,Metals,101.3228,86.7324,-26.4046
2026-04-23,Metals,101.345,86.8106,-26.4046
2026-04-24,Metals,101.3672,86.8859,-26.4046
2026-04-25,Metals,101.3894,86.9585,-26.4046
2026-04-26,Metals,101.4117,87.0286,-26.4046
2026-04-27,Metals,101.4339,87.0961,-26.4046
2026-04-28,Metals,101.4561,87.1614,-26.4046
2026-04-29,Metals,101.4783,87.2244,-26.4046
2026-04-30,Metals,101.5005,87.2853,-26.4046
2026-05-01,Metals,101.5228,87.3441,-26.4046
2026-05-02,Metals,101.545,87.4011,-26.4046
2026-05-03,Metals,101.5673,87.4562,-26.4046
2026-05-04,Metals,101.5895,87.5096,-26.4046
2026-05-05,Metals,101.6118,87.5613,-26.4046
2026-05-06,Metals,101.634,87.6115,-26.4046
2026-05-07,Metals,101.6563,87.6602,-26.4046
2026-05-08,Metals,101.6785,87.7075,-26.4046
2026-05-09,Metals,101.7008,87.7534,-26.4046
2026-05-10,Metals,101.7231,87.798,-26.4046
2026-05-11,Metals,101.7454,87.8414,-26.4046
2026-05-12,Metals,101.7677,87.8836,-26.4046
2026-05-13,Metals,101.79,87.9247,-26.4046
2026-05-14,Metals,101.8123,87.9648,-26.4046
2026-05-15,Metals,101.8346,88.0039,-26.4046
2026-05-16,Metals,101.8569,88.042,-26.4046
2026-05-17,Metals,101.8792,88.0792,-26.4046
2026-05-18,Metals,101.9015,88.1155,-26.4046
2026-05-19,Metals,101.9238,88.1511,-26.4046
2026-05-20,Metals,101.9461,88.1858,-26.4046
2026-05-21,Metals,101.9685,88.2198,-26.4046
2026-05-22,Metals,101.9908,88.2531,-26.4046
2026-02-22,Steel_Aluminum,100.0219,98.8161,-14.4666
2026-02-23,Steel_Aluminum,100.0438,97.6317,-14.4666
2026-02-24,Steel_Aluminum,100.0657,96.4467,-14.4666
2026-02-25,Steel_Aluminum,100.0876,95.2612,-14.4666
2026-02-26,Steel_Aluminum,100.1096,94.0752,-14.4666
2026-02-27,Steel_Aluminum,100.1315,92.8887,-14.4666
2026-02-28,Steel_Aluminum,100.1534,91.7016,-14.4666
2026-03-01,Steel_Aluminum,100.1754,90.5141,-14.4666
2026-03-02,Steel_Aluminum,100.1973,89.326,-14.4666
2026-03-03,Steel_Aluminum,100.2193,88.1373,-14.4666
2026-03-04,Steel_Aluminum,100.2412,86.9482,-14.4666
2026-03-05,Steel_Aluminum,100.2632,85.7585,-14.4666
2026-03-06,Steel_Aluminum,100.2851,86.1311,-14.4666
2026-03-07,Steel_Aluminum,100.3071,86.4865,-14.4666
2026-03-08,Steel_Aluminum,100.3291,86.8257,-14.4666
2026-03-09,Steel_Aluminum,100.3511,87.1495,-14.4666
2026-03-10,Steel_Aluminum,100.373,87.4584,-14.4666
2026-03-11,Steel_Aluminum,100.395,87.7534,-14.4666
2026-03-12,Steel_Aluminum,100.417,88.0351,-14.4666
2026-03-13,Steel_Aluminum,100.439,88.304,-14.4666
2026-03-14,Steel_Aluminum,100.461,88.561,-14.4666
2026-03-15,Steel_Aluminum,100.483,88.8064,-14.4666
2026-03-16,Steel_Aluminum,100.505,89.0409,-14.4666
2026-03-17,Steel_Aluminum,100.5271,89.265,-14.4666
2026-03-18,Steel_Aluminum,100.5491,89.4792,-14.4666
2026-03-19,Steel_Aluminum,100.5711,89.684,-14.4666
2026-03-20,Steel_Aluminum,100.5931,89.8799,-14.4666
2026-03-21,Steel_Aluminum,100.6152,90.0672,-14.4666
2026-03-22,Steel_Aluminum,100.6372,90.2465,-14.4666
2026-03-23,Steel_Aluminum,100.6592,90.418,-14.4666
2026-03-24,Steel_Aluminum,100.6813,90.5822,-14.4666
2026-03-25,Steel_Aluminum,100.7034,90.7395,-14.4666
2026-03-26,Steel_Aluminum,100.7254,90.8901,-14.4666
2026-03-27,Steel_Aluminum,100.7475,91.0344,-14.4666
2026-03-28,Steel_Aluminum,100.7695,91.1726,-14.4666
2026-03-29,Steel_Aluminum,100.7916,91.3052,-14.4666
2026-03-30,Steel_Aluminum,100.8137,91.4323,-14.4666
2026-03-31,Steel_Aluminum,100.8358,91.5542,-14.4666
2026-04-01,Steel_Aluminum,100.8579,91.6713,-14.4666
2026-04-02,Steel_Aluminum,100.88,91.7836,-14.4666
2026-04-03,Steel_Aluminum,100.9021,91.8915,-14.4666
2026-04-04,Steel_Aluminum,100.9242,91.9951,-14.4666
2026-04-05,Steel_Aluminum,100.9463,92.0947,-14.4666
2026-04-06,Steel_Aluminum,100.9684,92.1905,-14.4666
2026-04-07,Steel_Aluminum,100.9905,92.2826,-14.4666
2026-04-08,Steel_Aluminum,101.0126,92.3713,-14.4666
2026-04-09,Steel_Aluminum,101.0347,92.4566,-14.4666
2026-04-10,Steel_Aluminum,101.0569,92.5388,-14.4666
2026-04-11,Steel_Aluminum,101.079,92.6181,-14.4666
2026-04-12,Steel_Aluminum,101.1012,92.6944,-14.4666
2026-04-13,Steel_Aluminum,101.1233,92.7681,-14.4666
2026-04-14,Steel_Aluminum,101.1455,92.8392,-14.4666
2026-04-15,Steel_Aluminum,101.1676,92.9078,-14.4666
2026-04-16,Steel_Aluminum,101.1898,92.9741,-14.4666
2026-04-17,Steel_Aluminum,101.2119,93.0382,-14.4666
2026-04-18,Steel_Aluminum,101.2341,93.1002,-14.4666
2026-04-19,Steel_Aluminum,101.2563,93.1602,-14.4666
2026-04-20,Steel_Aluminum,101.2785,93.2182,-14.4666
2026-04-21,Steel_Aluminum,101.3007,93.2745,-14.4666
2026-04-22,Steel_Aluminum,101.3228,93.329,-14.4666
2026-04-23,Steel_Aluminum,101.345,93.3819,-14.4666
2026-04-24,Steel_Aluminum,101.3672,93.4332,-14.4666
2026-04-25,Steel_Aluminum,101.3894,93.483,-14.4666
2026-04-26,Steel_Aluminum,101.4117,93.5314,-14.4666
2026-04-27,Steel_Aluminum,101.4339,93.5785,-14.4666
2026-04-28,Steel_Aluminum,101.4561,93.6243,-14.4666
2026-04-29,Steel_Aluminum,101.4783,93.6688,-14.4666
2026-04-30,Steel_Aluminum,101.5005,93.7122,-14.4666
2026-05-01,Steel_Aluminum,101.5228,93.7545,-14.4666
2026-05-02,Steel_Aluminum,101.545,93.7958,-14.4666
2026-05-03,Steel_Aluminum,101.5673,93.8361,-14.4666
2026-05-04,Steel_Aluminum,101.5895,93.8754,-14.4666
2026-05-05,Steel_Aluminum,101.6118,93.9138,-14.4666
2026-05-06,Steel_Aluminum,101.634,93.9513,-14.4666
2026-05-07,Steel_Aluminum,101.6563,93.9881,-14.4666
2026-05-08,Steel_Aluminum,101.6785,94.024,-14.4666
2026-05-09,Steel_Aluminum,101.7008,94.0593,-14.4666
2026-05-10,Steel_Aluminum,101.7231,94.0938,-14.4666
2026-05-11,Steel_Aluminum,101.7454,94.1276,-14.4666
2026-05-12,Steel_Aluminum,101.7677,94.1608,-14.4666
2026-05-13,Steel_Aluminum,101.79,94.1934,-14.4666
2026-05-14,Steel_Aluminum,101.8123,94.2255,-14.4666
2026-05-15,Steel_Aluminum,101.8346,94.257,-14.4666
2026-05-16,Steel_Aluminum,101.8569,94.2879,-14.4666
2026-05-17,Steel_Aluminum,101.8792,94.3184,-14.4666
2026-05-18,Steel_Aluminum,101.9015,94.3484,-14.4666
2026-05-19,Steel_Aluminum,101.9238,94.378,-14.4666
2026-05-20,Steel_Aluminum,101.9461,94.4071,-14.4666
2026-05-21,Steel_Aluminum,101.9685,94.4358,-14.4666
2026-05-22,Steel_Aluminum,101.9908,94.4642,-14.4666
2026-02-22,Pharmaceuticals,100.0219,102.0697,24.568
2026-02-23,Pharmaceuticals,100.0438,104.1403,24.568
2026-02-24,Pharmaceuticals,100.0657,106.2118,24.568
2026-02-25,Pharmaceuticals,100.0876,108.2842,24.568
2026-02-26,Pharmaceuticals,100.1096,110.3575,24.568
2026-02-27,Pharmaceuticals,100.1315,112.4317,24.568
2026-02-28,Pharmaceuticals,100.1534,114.5068,24.568
2026-03-01,Pharmaceuticals,100.1754,116.5828,24.568
2026-03-02,Pharmaceuticals,100.1973,118.6597,24.568
2026-03-03,Pharmaceuticals,100.2193,120.7375,24.568
2026-03-04,Pharmaceuticals,100.2412,122.8162,24.568
2026-03-05,Pharmaceuticals,100.2632,124.8958,24.568
2026-03-06,Pharmaceuticals,100.2851,124.3224,24.568
2026-03-07,Pharmaceuticals,100.3071,123.778,24.568
2026-03-08,Pharmaceuticals,100.3291,123.2612,24.568
2026-03-09,Pharmaceuticals,100.3511,122.7708,24.568
2026-03-10,Pharmaceuticals,100.373,122.3053,24.568
2026-03-11,Pharmaceuticals,100.395,121.8637,24.568
2026-03-12,Pharmaceuticals,100.417,121.4447,24.568
2026-03-13,Pharmaceuticals,100.439,121.0473,24.568
2026-03-14,Pharmaceuticals,100.461,120.6704,24.568
2026-03-15,Pharmaceuticals,100.483,120.313,24.568
2026-03-16,Pharmaceuticals,100.505,119.9741,24.568
2026-03-17,Pharmaceuticals,100.5271,119.6529,24.568
2026-03-18,Pharmaceuticals,100.5491,119.3485,24.568
2026-03-19,Pharmaceuticals,100.5711,119.0601,24.568
2026-03-20,Pharmaceuticals,100.5931,118.787,24.568
2026-03-21,Pharmaceuticals,100.6152,118.5282,24.568
2026-03-22,Pharmaceuticals,100.6372,118.2833,24.568
2026-03-23,Pharmaceuticals,100.6592,118.0515,24.568
2026-03-24,Pharmaceuticals,100.6813,117.8321,24.568
2026-03-25,Pharmaceuticals,100.7034,117.6246,24.568
2026-03-26,Pharmaceuticals,100.7254,117.4283,24.568
2026-03-27,Pharmaceuticals,100.7475,117.2428,24.568
2026-03-28,Pharmaceuticals,100.7695,117.0676,24.568
2026-03-29,Pharmaceuticals,100.7916,116.902,24.568
2026-03-30,Pharmaceuticals,100.8137,116.7457,24.568
2026-03-31,Pharmaceuticals,100.8358,116.5982,24.568
2026-04-01,Pharmaceuticals,100.8579,116.4591,24.568
2026-04-02,Pharmaceuticals,100.88,116.3279,24.568
2026-04-03,Pharmaceuticals,100.9021,116.2043,24.568
2026-04-04,Pharmaceuticals,100.9242,116.0879,24.568
2026-04-05,Pharmaceuticals,100.9463,115.9784,24.568
2026-04-06,Pharmaceuticals,100.9684,115.8755,24.568
2026-04-07,Pharmaceuticals,100.9905,115.7787,24.568
2026-04-08,Pharmaceuticals,101.0126,115.6878,24.568
2026-04-09,Pharmaceuticals,101.0347,115.6026,24.568
2026-04-10,Pharmaceuticals,101.0569,115.5227,24.568
2026-04-11,Pharmaceuticals,101.079,115.4479,24.568
2026-04-12,Pharmaceuticals,101.1012,115.378,24.568
2026-04-13,Pharmaceuticals,101.1233,115.3126,24.568
2026-04-14,Pharmaceuticals,101.1455,115.2517,24.568
2026-04-15,Pharmaceuticals,101.1676,115.1949,24.568
2026-04-16,Pharmaceuticals,101.1898,115.1421,24.568
2026-04-17,Pharmaceuticals,101.2119,115.093,24.568
2026-04-18,Pharmaceuticals,101.2341,115.0476,24.568
2026-04-19,Pharmaceuticals,101.2563,115.0056,24.568
2026-04-20,Pharmaceuticals,101.2785,114.9668,24.568
2026-04-21,Pharmaceuticals,101.3007,114.9312,24.568
2026-04-22,Pharmaceuticals,101.3228,114.8985,24.568
2026-04-23,Pharmaceuticals,101.345,114.8685,24.568
2026-04-24,Pharmaceuticals,101.3672,114.8413,24.568
2026-04-25,Pharmaceuticals,101.3894,114.8166,24.568
2026-04-26,Pharmaceuticals,101.4117,114.7943,24.568
2026-04-27,Pharmaceuticals,101.4339,114.7743,24.568
2026-04-28,Pharmaceuticals,101.4561,114.7565,24.568
2026-04-29,Pharmaceuticals,101.4783,114.7408,24.568
2026-04-30,Pharmaceuticals,101.5005,114.7271,24.568
2026-05-01,Pharmaceuticals,101.5228,114.7152,24.568
2026-05-02,Pharmaceuticals,101.545,114.7051,24.568
2026-05-03,Pharmaceuticals,101.5673,114.6968,24.568
2026-05-04,Pharmaceuticals,101.5895,114.6901,24.568
2026-05-05,Pharmaceuticals,101.6118,114.6849,24.568
2026-05-06,Pharmaceuticals,101.634,114.6812,24.568
2026-05-07,Pharmaceuticals,101.6563,114.6788,24.568
2026-05-08,Pharmaceuticals,101.6785,114.6779,24.568
2026-05-09,Pharmaceuticals,101.7008,114.6781,24.568
2026-05-10,Pharmaceuticals,101.7231,114.6796,24.568
2026-05-11,Pharmaceuticals,101.7454,114.6823,24.568
2026-05-12,Pharmaceuticals,101.7677,114.686,24.568
2026-05-13,Pharmaceuticals,101.79,114.6908,24.568
2026-05-14,Pharmaceuticals,101.8123,114.6965,24.568
2026-05-15,Pharmaceuticals,101.8346,114.7032,24.568
2026-05-16,Pharmaceuticals,101.8569,114.7108,24.568
2026-05-17,Pharmaceuticals,101.8792,114.7193,24.568
2026-05-18,Pharmaceuticals,101.9015,114.7286,24.568
2026-05-19,Pharmaceuticals,101.9238,114.7386,24.568
2026-05-20,Pharmaceuticals,101.9461,114.7494,24.568
2026-05-21,Pharmaceuticals,101.9685,114.7608,24.568
2026-05-22,Pharmaceuticals,101.9908,114.773,24.568
2026-02-22,Energy,100.0219,102.9347,34.9462
2026-02-23,Energy,100.0438,105.8707,34.9462
2026-02-24,Energy,100.0657,108.808,34.9462
2026-02-25,Energy,100.0876,111.7466,34.9462
2026-02-26,Energy,100.1096,114.6864,34.9462
2026-02-27,Energy,100.1315,117.6276,34.9462
2026-02-28,Energy,100.1534,120.57,34.9462
2026-03-01,Energy,100.1754,123.5137,34.9462
2026-03-02,Energy,100.1973,126.4587,34.9462
2026-03-03,Energy,100.2193,129.405,34.9462
2026-03-04,Energy,100.2412,132.3525,34.9462
2026-03-05,Energy,100.2632,135.3014,34.9462
2026-03-06,Energy,100.2851,134.4764,34.9462
2026-03-07,Energy,100.3071,133.6927,34.9462
2026-03-08,Energy,100.3291,132.9484,34.9462
2026-03-09,Energy,100.3511,132.2415,34.9462
2026-03-10,Energy,100.373,131.5702,34.9462
2026-03-11,Energy,100.395,130.9327,34.9462
2026-03-12,Energy,100.417,130.3274,34.9462
2026-03-13,Energy,100.439,129.7528,34.9462
2026-03-14,Energy,100.461,129.2074,34.9462
2026-03-15,Energy,100.483,128.6897,34.9462
2026-03-16,Energy,100.505,128.1984,34.9462
2026-03-17,Energy,100.5271,127.7322,34.9462
2026-03-18,Energy,100.5491,127.29,34.9462
2026-03-19,Energy,100.5711,126.8704,34.9462
2026-03-20,Energy,100.5931,126.4725,34.9462
2026-03-21,Energy,100.6152,126.0952,34.9462
2026-03-22,Energy,100.6372,125.7375,34.9462
2026-03-23,Energy,100.6592,125.3984,34.9462
2026-03-24,Energy,100.6813,125.077,34.9462
2026-03-25,Energy,100.7034,124.7726,34.9462
2026-03-26,Energy,100.7254,124.4841,34.9462
2026-03-27,Energy,100.7475,124.2109,34.9462
2026-03-28,Energy,100.7695,123.9523,34.9462
2026-03-29,Energy,100.7916,123.7075,34.9462
2026-03-30,Energy,100.8137,123.4758,34.9462
2026-03-31,Energy,100.8358,123.2567,34.9462
2026-04-01,Energy,100.8579,123.0495,34.9462
2026-04-02,Energy,100.88,122.8535,34.9462
2026-04-03,Energy,100.9021,122.6684,34.9462
2026-04-04,Energy,100.9242,122.4935,34.9462
2026-04-05,Energy,100.9463,122.3284,34.9462
2026-04-06,Energy,100.9684,122.1726,34.9462
2026-04-07,Energy,100.9905,122.0256,34.9462
2026-04-08,Energy,101.0126,121.887,34.9462
2026-04-09,Energy,101.0347,121.7564,34.9462
2026-04-10,Energy,101.0569,121.6335,34.9462
2026-04-11,Energy,101.079,121.5177,34.9462
2026-04-12,Energy,101.1012,121.4089,34.9462
2026-04-13,Energy,101.1233,121.3066,34.9462
2026-04-14,Energy,101.1455,121.2105,34.9462
2026-04-15,Energy,101.1676,121.1204,34.9462
2026-04-16,Energy,101.1898,121.0359,34.9462
2026-04-17,Energy,101.2119,120.9568,34.9462
2026-04-18,Energy,101.2341,120.8828,34.9462
2026-04-19,Energy,101.2563,120.8137,34.9462
2026-04-20,Energy,101.2785,120.7492,34.9462
2026-04-21,Energy,101.3007,120.6891,34.9462
2026-04-22,Energy,101.3228,120.6332,34.9462
2026-04-23,Energy,101.345,120.5813,34.9462
2026-04-24,Energy,101.3672,120.5331,34.9462
2026-04-25,Energy,101.3894,120.4886,34.9462
2026-04-26,Energy,101.4117,120.4475,34.9462
2026-04-27,Energy,101.4339,120.4097,34.9462
2026-04-28,Energy,101.4561,120.375,34.9462
2026-04-29,Energy,101.4783,120.3432,34.9462
2026-04-30,Energy,101.5005,120.3143,34.9462
2026-05-01,Energy,101.5228,120.2881,34.9462
2026-05-02,Energy,101.545,120.2644,34.9462
2026-05-03,Energy,101.5673,120.2431,34.9462
2026-05-04,Energy,101.5895,120.2241,34.9462
2026-05-05,Energy,101.6118,120.2073,34.9462
2026-05-06,Energy,101.634,120.1926,34.9462
2026-05-07,Energy,101.6563,120.1799,34.9462
2026-05-08,Energy,101.6785,120.1691,34.9462
2026-05-09,Energy,101.7008,120.1601,34.9462
2026-05-10,Energy,101.7231,120.1528,34.9462
2026-05-11,Energy,101.7454,120.1472,34.9462
2026-05-12,Energy,101.7677,120.1431,34.9462
2026-05-13,Energy,101.79,120.1404,34.9462
2026-05-14,Energy,101.8123,120.1392,34.9462
2026-05-15,Energy,101.8346,120.1393,34.9462
2026-05-16,Energy,101.8569,120.1407,34.9462
2026-05-17,Energy,101.8792,120.1433,34.9462
2026-05-18,Energy,101.9015,120.1471,34.9462
2026-05-19,Energy,101.9238,120.1519,34.9462
2026-05-20,Energy,101.9461,120.1578,34.9462
2026-05-21,Energy,101.9685,120.1647,34.9462
2026-05-22,Energy,101.9908,120.1725,34.9462
2026-02-22,Aerospace,100.0219,104.7023,56.1523
2026-02-23,Aerospace,100.0438,109.4066,56.1523
2026-02-24,Aerospace,100.0657,114.113,56.1523
2026-02-25,Aerospace,100.0876,118.8215,56.1523
2026-02-26,Aerospace,100.1096,123.532,56.1523
2026-02-27,Aerospace,100.1315,128.2446,56.1523
2026-02-28,Aerospace,100.1534,132.9592,56.1523
2026-03-01,Aerospace,100.1754,137.6759,56.1523
2026-03-02,Aerospace,100.1973,142.3946,56.1523
2026-03-03,Aerospace,100.2193,147.1155,56.1523
2026-03-04,Aerospace,100.2412,151.8383,56.1523
2026-03-05,Aerospace,100.2632,156.5633,56.1523
2026-03-06,Aerospace,100.2851,155.2244,56.1523
2026-03-07,Aerospace,100.3071,153.9519,56.1523
2026-03-08,Aerospace,100.3291,152.7425,56.1523
2026-03-09,Aerospace,100.3511,151.5933,56.1523
2026-03-10,Aerospace,100.373,150.5012,56.1523
2026-03-11,Aerospace,100.395,149.4636,56.1523
2026-03-12,Aerospace,100.417,148.4777,56.1523
2026-03-13,Aerospace,100.439,147.5411,56.1523
2026-03-14,Aerospace,100.461,146.6513,56.1523
2026-03-15,Aerospace,100.483,145.8061,56.1523
2026-03-16,Aerospace,100.505,145.0033,56.1523
2026-03-17,Aerospace,100.5271,144.2409,56.1523
2026-03-18,Aerospace,100.5491,143.5169,56.1523
2026-03-19,Aerospace,100.5711,142.8294,56.1523
2026-03-20,Aerospace,100.5931,142.1767,56.1523
2026-03-21,Aerospace,100.6152,141.5571,56.1523
2026-03-22,Aerospace,100.6372,140.9689,56.1523
2026-03-23,Aerospace,100.6592,140.4107,56.1523
2026-03-24,Aerospace,100.6813,139.8809,56.1523
2026-03-25,Aerospace,100.7034,139.3783,56.1523
2026-03-26,Aerospace,100.7254,138.9014,56.1523
2026-03-27,Aerospace,100.7475,138.4491,56.1523
2026-03-28,Aerospace,100.7695,138.0201,56.1523
2026-03-29,Aerospace,100.7916,137.6133,56.1523
2026-03-30,Aerospace,100.8137,137.2277,56.1523
2026-03-31,Aerospace,100.8358,136.8622,56.1523
2026-04-01,Aerospace,100.8579,136.5158,56.1523
2026-04-02,Aerospace,100.88,136.1876,56.1523
2026-04-03,Aerospace,100.9021,135.8767,56.1523
2026-04-04,Aerospace,100.9242,135.5823,56.1523
2026-04-05,Aerospace,100.9463,135.3036,56.1523
2026-04-06,Aerospace,100.9684,135.0398,56.1523
2026-04-07,Aerospace,100.9905,134.7902,56.1523
2026-04-08,Aerospace,101.0126,134.5541,56.1523
2026-04-09,Aerospace,101.0347,134.3308,56.1523
2026-04-10,Aerospace,101.0569,134.1198,56.1523
2026-04-11,Aerospace,101.079,133.9204,56.1523
2026-04-12,Aerospace,101.1012,133.732,56.1523
2026-04-13,Aerospace,101.1233,133.5542,56.1523
2026-04-14,Aerospace,101.1455,133.3864,56.1523
2026-04-15,Aerospace,101.1676,133.2282,56.1523
2026-04-16,Aerospace,101.1898,133.079,56.1523
2026-04-17,Aerospace,101.2119,132.9384,56.1523
2026-04-18,Aerospace,101.2341,132.8061,56.1523
2026-04-19,Aerospace,101.2563,132.6815,56.1523
2026-04-20,Aerospace,101.2785,132.5644,56.1523
2026-04-21,Aerospace,101.3007,132.4544,56.1523
2026-04-22,Aerospace,101.3228,132.3511,56.1523
2026-04-23,Aerospace,101.345,132.2542,56.1523
2026-04-24,Aerospace,101.3672,132.1634,56.1523
2026-04-25,Aerospace,101.3894,132.0784,56.1523
2026-04-26,Aerospace,101.4117,131.9989,56.1523
2026-04-27,Aerospace,101.4339,131.9246,56.1523
2026-04-28,Aerospace,101.4561,131.8554,56.1523
2026-04-29,Aerospace,101.4783,131.7909,56.1523
2026-04-30,Aerospace,101.5005,131.7309,56.1523
2026-05-01,Aerospace,101.5228,131.6752,56.1523
2026-05-02,Aerospace,101.545,131.6236,56.1523
2026-05-03,Aerospace,101.5673,131.576,56.1523
2026-05-04,Aerospace,101.5895,131.532,56.1523
2026-05-05,Aerospace,101.6118,131.4915,56.1523
2026-05-06,Aerospace,101.634,131.4544,56.1523
2026-05-07,Aerospace,101.6563,131.4205,56.1523
2026-05-08,Aerospace,101.6785,131.3896,56.1523
2026-05-09,Aerospace,101.7008,131.3616,56.1523
2026-05-10,Aerospace,101.7231,131.3364,56.1523
2026-05-11,Aerospace,101.7454,131.3138,56.1523
2026-05-12,Aerospace,101.7677,131.2937,56.1523
2026-05-13,Aerospace,101.79,131.2759,56.1523
2026-05-14,Aerospace,101.8123,131.2604,56.1523
2026-05-15,Aerospace,101.8346,131.2471,56.1523
2026-05-16,Aerospace,101.8569,131.2357,56.1523
2026-05-17,Aerospace,101.8792,131.2264,56.1523
2026-05-18,Aerospace,101.9015,131.2189,56.1523
2026-05-19,Aerospace,101.9238,131.2131,56.1523
2026-05-20,Aerospace,101.9461,131.209,56.1523
2026-05-21,Aerospace,101.9685,131.2065,56.1523
2026-05-22,Aerospace,101.9908,131.2055,56.1523
2026-02-22,Automotive,100.0219,106.2484,74.7021
2026-02-23,Automotive,100.0438,112.4996,74.7021
2026-02-24,Automotive,100.0657,118.7535,74.7021
2026-02-25,Automotive,100.0876,125.0102,74.7021
2026-02-26,Automotive,100.1096,131.2696,74.7021
2026-02-27,Automotive,100.1315,137.5317,74.7021
2026-02-28,Automotive,100.1534,143.7965,74.7021
2026-03-01,Automotive,100.1754,150.0641,74.7021
2026-03-02,Automotive,100.1973,156.3344,74.7021
2026-03-03,Automotive,100.2193,162.6075,74.7021
2026-03-04,Automotive,100.2412,168.8833,74.7021
2026-03-05,Automotive,100.2632,175.1619,74.7021
2026-03-06,Automotive,100.2851,173.3734,74.7021
2026-03-07,Automotive,100.3071,171.6733,74.7021
2026-03-08,Automotive,100.3291,170.0572,74.7021
2026-03-09,Automotive,100.3511,168.521,74.7021
2026-03-10,Automotive,100.373,167.061,74.7021
2026-03-11,Automotive,100.395,165.6733,74.7021
2026-03-12,Automotive,100.417,164.3544,74.7021
2026-03-13,Automotive,100.439,163.1011,74.7021
2026-03-14,Automotive,100.461,161.9101,74.7021
2026-03-15,Automotive,100.483,160.7785,74.7021
2026-03-16,Automotive,100.505,159.7032,74.7021
2026-03-17,Automotive,100.5271,158.6817,74.7021
2026-03-18,Automotive,100.5491,157.7112,74.7021
2026-03-19,Automotive,100.5711,156.7894,74.7021
2026-03-20,Automotive,100.5931,155.9138,74.7021
2026-03-21,Automotive,100.6152,155.0821,74.7021
2026-03-22,Automotive,100.6372,154.2924,74.7021
2026-03-23,Automotive,100.6592,153.5424,74.7021
2026-03-24,Automotive,100.6813,152.8304,74.7021
2026-03-25,Automotive,100.7034,152.1544,74.7021
2026-03-26,Automotive,100.7254,151.5128,74.7021
2026-03-27,Automotive,100.7475,150.9037,74.7021
2026-03-28,Automotive,100.7695,150.3258,74.7021
2026-03-29,Automotive,100.7916,149.7773,74.7021
2026-03-30,Automotive,100.8137,149.257,74.7021
2026-03-31,Automotive,100.8358,148.7634,74.7021
2026-04-01,Automotive,100.8579,148.2953,74.7021
2026-04-02,Automotive,100.88,147.8514,74.7021
2026-04-03,Automotive,100.9021,147.4305,74.7021
2026-04-04,Automotive,100.9242,147.0316,74.7021
2026-04-05,Automotive,100.9463,146.6535,74.7021
2026-04-06,Automotive,100.9684,146.2952,74.7021
2026-04-07,Automotive,100.9905,145.9558,74.7021
2026-04-08,Automotive,101.0126,145.6344,74.7021
2026-04-09,Automotive,101.0347,145.3301,74.7021
2026-04-10,Automotive,101.0569,145.042,74.7021
2026-04-11,Automotive,101.079,144.7694,74.7021
2026-04-12,Automotive,101.1012,144.5116,74.7021
2026-04-13,Automotive,101.1233,144.2677,74.7021
2026-04-14,Automotive,101.1455,144.0372,74.7021
2026-04-15,Automotive,101.1676,143.8193,74.7021
2026-04-16,Automotive,101.1898,143.6135,74.7021
2026-04-17,Automotive,101.2119,143.4192,74.7021
2026-04-18,Automotive,101.2341,143.2358,74.7021
2026-04-19,Automotive,101.2563,143.0628,74.7021
2026-04-20,Automotive,101.2785,142.8997,74.7021
2026-04-21,Automotive,101.3007,142.746,74.7021
2026-04-22,Automotive,101.3228,142.6012,74.7021
2026-04-23,Automotive,101.345,142.465,74.7021
2026-04-24,Automotive,101.3672,142.3368,74.7021
2026-04-25,Automotive,101.3894,142.2164,74.7021
2026-04-26,Automotive,101.4117,142.1033,74.7021
2026-04-27,Automotive,101.4339,141.9972,74.7021
2026-04-28,Automotive,101.4561,141.8977,74.7021
2026-04-29,Automotive,101.4783,141.8046,74.7021
2026-04-30,Automotive,101.5005,141.7175,74.7021
2026-05-01,Automotive,101.5228,141.636,74.7021
2026-05-02,Automotive,101.545,141.5601,74.7021
2026-05-03,Automotive,101.5673,141.4893,74.7021
2026-05-04,Automotive,101.5895,141.4234,74.7021
2026-05-05,Automotive,101.6118,141.3622,74.7021
2026-05-06,Automotive,101.634,141.3055,74.7021
2026-05-07,Automotive,101.6563,141.253,74.7021
2026-05-08,Automotive,101.6785,141.2046,74.7021
2026-05-09,Automotive,101.7008,141.16,74.7021
2026-05-10,Automotive,101.7231,141.1191,74.7021
2026-05-11,Automotive,101.7454,141.0817,74.7021
2026-05-12,Automotive,101.7677,141.0475,74.7021
2026-05-13,Automotive,101.79,141.0165,74.7021
2026-05-14,Automotive,101.8123,140.9885,74.7021
2026-05-15,Automotive,101.8346,140.9634,74.7021
2026-05-16,Automotive,101.8569,140.941,74.7021
2026-05-17,Automotive,101.8792,140.9212,74.7021
2026-05-18,Automotive,101.9015,140.9038,74.7021
2026-05-19,Automotive,101.9238,140.8887,74.7021
2026-05-20,Automotive,101.9461,140.8759,74.7021
2026-05-21,Automotive,101.9685,140.8652,74.7021
2026-05-22,Automotive,101.9908,140.8566,74.7021
2026-02-22,Agriculture,100.0219,109.117,109.1177
2026-02-23,Agriculture,100.0438,118.2381,109.1177
2026-02-24,Agriculture,100.0657,127.3631,109.1177
2026-02-25,Agriculture,100.0876,136.4921,109.1177
2026-02-26,Agriculture,100.1096,145.6251,109.1177
2026-02-27,Agriculture,100.1315,154.7621,109.1177
2026-02-28,Agriculture,100.1534,163.9031,109.1177
2026-03-01,Agriculture,100.1754,173.0481,109.1177
2026-03-02,Agriculture,100.1973,182.1971,109.1177
2026-03-03,Agriculture,100.2193,191.3501,109.1177
2026-03-04,Agriculture,100.2412,200.5071,109.1177
2026-03-05,Agriculture,100.2632,209.6681,109.1177
2026-03-06,Agriculture,100.2851,207.0455,109.1177
2026-03-07,Agriculture,100.3071,204.552,109.1177
2026-03-08,Agriculture,100.3291,202.1812,109.1177
2026-03-09,Agriculture,100.3511,199.9273,109.1177
2026-03-10,Agriculture,100.373,197.7844,109.1177
2026-03-11,Agriculture,100.395,195.7473,109.1177
2026-03-12,Agriculture,100.417,193.8107,109.1177
2026-03-13,Agriculture,100.439,191.9698,109.1177
2026-03-14,Agriculture,100.461,190.22,109.1177
2026-03-15,Agriculture,100.483,188.5569,109.1177
2026-03-16,Agriculture,100.505,186.9761,109.1177
2026-03-17,Agriculture,100.5271,185.4738,109.1177
2026-03-18,Agriculture,100.5491,184.0461,109.1177
2026-03-19,Agriculture,100.5711,182.6894,109.1177
2026-03-20,Agriculture,100.5931,181.4002,109.1177
2026-03-21,Agriculture,100.6152,180.1753,109.1177
2026-03-22,Agriculture,100.6372,179.0116,109.1177
2026-03-23,Agriculture,100.6592,177.906,109.1177
2026-03-24,Agriculture,100.6813,176.8558,109.1177
2026-03-25,Agriculture,100.7034,175.8582,109.1177
2026-03-26,Agriculture,100.7254,174.9107,109.1177
2026-03-27,Agriculture,100.7475,174.011,109.1177
2026-03-28,Agriculture,100.7695,173.1565,109.1177
2026-03-29,Agriculture,100.7916,172.3453,109.1177
2026-03-30,Agriculture,100.8137,171.5751,109.1177
2026-03-31,Agriculture,100.8358,170.8439,109.1177
2026-04-01,Agriculture,100.8579,170.1499,109.1177
2026-04-02,Agriculture,100.88,169.4913,109.1177
2026-04-03,Agriculture,100.9021,168.8664,109.1177
2026-04-04,Agriculture,100.9242,168.2735,109.1177
2026-04-05,Agriculture,100.9463,167.711,109.1177
2026-04-06,Agriculture,100.9684,167.1775,109.1177
2026-04-07,Agriculture,100.9905,166.6716,109.1177
2026-04-08,Agriculture,101.0126,166.1919,109.1177
2026-04-09,Agriculture,101.0347,165.7372,109.1177
2026-04-10,Agriculture,101.0569,165.3062,109.1177
2026-04-11,Agriculture,101.079,164.8978,109.1177
2026-04-12,Agriculture,101.1012,164.5109,109.1177
2026-04-13,Agriculture,101.1233,164.1445,109.1177
2026-04-14,Agriculture,101.1455,163.7976,109.1177
2026-04-15,Agriculture,101.1676,163.4691,109.1177
2026-04-16,Agriculture,101.1898,163.1583,109.1177
2026-04-17,Agriculture,101.2119,162.8643,109.1177
2026-04-18,Agriculture,101.2341,162.5862,109.1177
2026-04-19,Agriculture,101.2563,162.3233,109.1177
2026-04-20,Agriculture,101.2785,162.0748,109.1177
2026-04-21,Agriculture,101.3007,161.84,109.1177
2026-04-22,Agriculture,101.3228,161.6184,109.1177
2026-04-23,Agriculture,101.345,161.4091,109.1177
2026-04-24,Agriculture,101.3672,161.2117,109.1177
2026-04-25,Agriculture,101.3894,161.0256,109.1177
2026-04-26,Agriculture,101.4117,160.8502,109.1177
2026-04-27,Agriculture,101.4339,160.6849,109.1177
2026-04-28,Agriculture,101.4561,160.5294,109.1177
2026-04-29,Agriculture,101.4783,160.3831,109.1177
2026-04-30,Agriculture,101.5005,160.2456,109.1177
2026-05-01,Agriculture,101.5228,160.1164,109.1177
2026-05-02,Agriculture,101.545,159.9952,109.1177
2026-05-03,Agriculture,101.5673,159.8815,109.1177
2026-05-04,Agriculture,101.5895,159.7751,109.1177
2026-05-05,Agriculture,101.6118,159.6755,109.1177
2026-05-06,Agriculture,101.634,159.5824,109.1177
2026-05-07,Agriculture,101.6563,159.4955,109.1177
2026-05-08,Agriculture,101.6785,159.4145,109.1177
2026-05-09,Agriculture,101.7008,159.3391,109.1177
2026-05-10,Agriculture,101.7231,159.269,109.1177
2026-05-11,Agriculture,101.7454,159.2041,109.1177
2026-05-12,Agriculture,101.7677,159.1439,109.1177
2026-05-13,Agriculture,101.79,159.0884,109.1177
2026-05-14,Agriculture,101.8123,159.0372,109.1177
2026-05-15,Agriculture,101.8346,158.9903,109.1177
2026-05-16,Agriculture,101.8569,158.9472,109.1177
2026-05-17,Agriculture,101.8792,158.908,109.1177
2026-05-18,Agriculture,101.9015,158.8723,109.1177
2026-05-19,Agriculture,101.9238,158.8401,109.1177
2026-05-20,Agriculture,101.9461,158.8111,109.1177
2026-05-21,Agriculture,101.9685,158.7852,109.1177
2026-05-22,Agriculture,101.9908,158.7622,109.1177
