id,date,sector,ticker,baseline_price,impacted_price,normalized_impacted_price,sector_total_impact_pct
1,2026-02-22,Energy,XOM,100.0219,102.9347,102.9122,34.9462
2,2026-02-23,Energy,XOM,100.0438,105.8707,105.8475,34.9462
3,2026-02-24,Energy,XOM,100.0657,108.808,108.7842,34.9462
4,2026-02-25,Energy,XOM,100.0876,111.7466,111.7221,34.9462
5,2026-02-26,Energy,XOM,100.1096,114.6864,114.6613,34.9462
6,2026-02-27,Energy,XOM,100.1315,117.6276,117.6018,34.9462
7,2026-02-28,Energy,XOM,100.1534,120.57,120.5436,34.9462
8,2026-03-01,Energy,XOM,100.1754,123.5137,123.4867,34.9462
9,2026-03-02,Energy,XOM,100.1973,126.4587,126.431,34.9462
10,2026-03-03,Energy,XOM,100.2193,129.405,129.3766,34.9462
11,2026-03-04,Energy,XOM,100.2412,132.3525,132.3235,34.9462
12,2026-03-05,Energy,XOM,100.2632,135.3014,135.2717,34.9462
13,2026-03-06,Energy,XOM,100.2851,134.4764,134.4469,34.9462
14,2026-03-07,Energy,XOM,100.3071,133.6927,133.6635,34.9462
15,2026-03-08,Energy,XOM,100.3291,132.9484,132.9193,34.9462
16,2026-03-09,Energy,XOM,100.3511,132.2415,132.2125,34.9462
17,2026-03-10,Energy,XOM,100.373,131.5702,131.5413,34.9462
18,2026-03-11,Energy,XOM,100.395,130.9327,130.904,34.9462
19,2026-03-12,Energy,XOM,100.417,130.3274,130.2989,34.9462
20,2026-03-13,Energy,XOM,100.439,129.7528,129.7244,34.9462
21,2026-03-14,Energy,XOM,100.461,129.2074,129.1791,34.9462
22,2026-03-15,Energy,XOM,100.483,128.6897,128.6615,34.9462
23,2026-03-16,Energy,XOM,100.505,128.1984,128.1703,34.9462
24,2026-03-17,Energy,XOM,100.5271,127.7322,127.7043,34.9462
25,2026-03-18,Energy,XOM,100.5491,127.29,127.2621,34.9462
26,2026-03-19,Energy,XOM,100.5711,126.8704,126.8426,34.9462
27,2026-03-20,Energy,XOM,100.5931,126.4725,126.4448,34.9462
28,2026-03-21,Energy,XOM,100.6152,126.0952,126.0676,34.9462
29,2026-03-22,Energy,XOM,100.6372,125.7375,125.71,34.9462
30,2026-03-23,Energy,XOM,100.6592,125.3984,125.3709,34.9462
31,2026-03-24,Energy,XOM,100.6813,125.077,125.0497,34.9462
32,2026-03-25,Energy,XOM,100.7034,124.7726,124.7452,34.9462
33,2026-03-26,Energy,XOM,100.7254,124.4841,124.4569,34.9462
34,2026-03-27,Energy,XOM,100.7475,124.2109,124.1837,34.9462
35,2026-03-28,Energy,XOM,100.7695,123.9523,123.9252,34.9462
36,2026-03-29,Energy,XOM,100.7916,123.7075,123.6804,34.9462
37,2026-03-30,Energy,XOM,100.8137,123.4758,123.4488,34.9462
38,2026-03-31,Energy,XOM,100.8358,123.2567,123.2297,34.9462
39,2026-04-01,Energy,XOM,100.8579,123.0495,123.0225,34.9462
40,2026-04-02,Energy,XOM,100.88,122.8535,122.8266,34.9462
41,2026-04-03,Energy,XOM,100.9021,122.6684,122.6416,34.9462
42,2026-04-04,Energy,XOM,100.9242,122.4935,122.4667,34.9462
43,2026-04-05,Energy,XOM,100.9463,122.3284,122.3016,34.9462
44,2026-04-06,Energy,XOM,100.9684,122.1726,122.1459,34.9462
45,2026-04-07,Energy,XOM,100.9905,122.0256,121.9989,34.9462
46,2026-04-08,Energy,XOM,101.0126,121.887,121.8603,34.9462
47,2026-04-09,Energy,XOM,101.0347,121.7564,121.7298,34.9462
48,2026-04-10,Energy,XOM,101.0569,121.6335,121.6068,34.9462
49,2026-04-11,Energy,XOM,101.079,121.5177,121.4911,34.9462
50,2026-04-12,Energy,XOM,101.1012,121.4089,121.3823,34.9462
51,2026-04-13,Energy,XOM,101.1233,121.3066,121.28,34.9462
52,2026-04-14,Energy,XOM,101.1455,121.2105,121.184,34.9462
53,2026-04-15,Energy,XOM,101.1676,121.1204,121.0939,34.9462
54,2026-04-16,Energy,XOM,101.1898,121.0359,121.0094,34.9462
55,2026-04-17,Energy,XOM,101.2119,120.9568,120.9303,34.9462
56,2026-04-18,Energy,XOM,101.2341,120.8828,120.8563,34.9462
57,2026-04-19,Energy,XOM,101.2563,120.8137,120.7872,34.9462
58,2026-04-20,Energy,XOM,101.2785,120.7492,120.7227,34.9462
59,2026-04-21,Energy,XOM,101.3007,120.6891,120.6627,34.9462
60,2026-04-22,Energy,XOM,101.3228,120.6332,120.6068,34.9462
61,2026-04-23,Energy,XOM,101.345,120.5813,120.5548,34.9462
62,2026-04-24,Energy,XOM,101.3672,120.5331,120.5067,34.9462
63,2026-04-25,Energy,XOM,101.3894,120.4886,120.4622,34.9462
64,2026-04-26,Energy,XOM,101.4117,120.4475,120.4211,34.9462
65,2026-04-27,Energy,XOM,101.4339,120.4097,120.3833,34.9462
66,2026-04-28,Energy,XOM,101.4561,120.375,120.3486,34.9462
67,2026-04-29,Energy,XOM,101.4783,120.3432,120.3169,34.9462
68,2026-04-30,Energy,XOM,101.5005,120.3143,120.288,34.9462
69,2026-05-01,Energy,XOM,101.5228,120.2881,120.2617,34.9462
70,2026-05-02,Energy,XOM,101.545,120.2644,120.238,34.9462
71,2026-05-03,Energy,XOM,101.5673,120.2431,120.2167,34.9462
72,2026-05-04,Energy,XOM,101.5895,120.2241,120.1978,34.9462
73,2026-05-05,Energy,XOM,101.6118,120.2073,120.181,34.9462
74,2026-05-06,Energy,XOM,101.634,120.1926,120.1663,34.9462
75,2026-05-07,Energy,XOM,101.6563,120.1799,120.1536,34.9462
76,2026-05-08,Energy,XOM,101.6785,120.1691,120.1428,34.9462
77,2026-05-09,Energy,XOM,101.7008,120.1601,120.1338,34.9462
78,2026-05-10,Energy,XOM,101.7231,120.1528,120.1265,34.9462
79,2026-05-11,Energy,XOM,101.7454,120.1472,120.1209,34.9462
80,2026-05-12,Energy,XOM,101.7677,120.1431,120.1168,34.9462
81,2026-05-13,Energy,XOM,101.79,120.1404,120.1141,34.9462
82,2026-05-14,Energy,XOM,101.8123,120.1392,120.1129,34.9462
83,2026-05-15,Energy,XOM,101.8346,120.1393,120.113,34.9462
84,2026-05-16,Energy,XOM,101.8569,120.1407,120.1144,34.9462
85,2026-05-17,Energy,XOM,101.8792,120.1433,120.117,34.9462
86,2026-05-18,Energy,XOM,101.9015,120.1471,120.1207,34.9462
87,2026-05-19,Energy,XOM,101.9238,120.1519,120.1256,34.9462
88,2026-05-20,Energy,XOM,101.9461,120.1578,120.1315,34.9462
89,2026-05-21,Energy,XOM,101.9685,120.1647,120.1384,34.9462
90,2026-05-22,Energy,XOM,101.9908,120.1725,120.1462,34.9462
91,2026-02-22,Energy,CVX,100.0219,102.9347,102.9122,34.9462
92,2026-02-23,Energy,CVX,100.0438,105.8707,105.8475,34.9462
93,2026-02-24,Energy,CVX,100.0657,108.808,108.7842,34.9462
94,2026-02-25,Energy,CVX,100.0876,111.7466,111.7221,34.9462
95,2026-02-26,Energy,CVX,100.1096,114.6864,114.6613,34.9462
96,2026-02-27,Energy,CVX,100.1315,117.6276,117.6018,34.9462
97,2026-02-28,Energy,CVX,100.1534,120.57,120.5436,34.9462
98,2026-03-01,Energy,CVX,100.1754,123.5137,123.4867,34.9462
99,2026-03-02,Energy,CVX,100.1973,126.4587,126.431,34.9462
100,2026-03-03,Energy,CVX,100.2193,129.405,129.3766,34.9462
101,2026-03-04,Energy,CVX,100.2412,132.3525,132.3235,34.9462
102,2026-03-05,Energy,CVX,100.2632,135.3014,135.2717,34.9462
103,2026-03-06,Energy,CVX,100.2851,134.4764,134.4469,34.9462
104,2026-03-07,Energy,CVX,100.3071,133.6927,133.6635,34.9462
105,2026-03-08,Energy,CVX,100.3291,132.9484,132.9193,34.9462
106,2026-03-09,Energy,CVX,100.3511,132.2415,132.2125,34.9462
107,2026-03-10,Energy,CVX,100.373,131.5702,131.5413,34.9462
108,2026-03-11,Energy,CVX,100.395,130.9327,130.904,34.9462
109,2026-03-12,Energy,CVX,100.417,130.3274,130.2989,34.9462
110,2026-03-13,Energy,CVX,100.439,129.7528,129.7244,34.9462
111,2026-03-14,Energy,CVX,100.461,129.2074,129.1791,34.9462
112,2026-03-15,Energy,CVX,100.483,128.6897,128.6615,34.9462
113,2026-03-16,Energy,CVX,100.505,128.1984,128.1703,34.9462
114,2026-03-17,Energy,CVX,100.5271,127.7322,127.7043,34.9462
115,2026-03-18,Energy,CVX,100.5491,127.29,127.2621,34.9462
116,2026-03-19,Energy,CVX,100.5711,126.8704,126.8426,34.9462
117,2026-03-20,Energy,CVX,100.5931,126.4725,126.4448,34.9462
118,2026-03-21,Energy,CVX,100.6152,126.0952,126.0676,34.9462
119,2026-03-22,Energy,CVX,100.6372,125.7375,125.71,34.9462
120,2026-03-23,Energy,CVX,100.6592,125.3984,125.3709,34.9462
121,2026-03-24,Energy,CVX,100.6813,125.077,125.0497,34.9462
122,2026-03-25,Energy,CVX,100.7034,124.7726,124.7452,34.9462
123,2026-03-26,Energy,CVX,100.7254,124.4841,124.4569,34.9462
124,2026-03-27,Energy,CVX,100.7475,124.2109,124.1837,34.9462
125,2026-03-28,Energy,CVX,100.7695,123.9523,123.9252,34.9462
126,2026-03-29,Energy,CVX,100.7916,123.7075,123.6804,34.9462
127,2026-03-30,Energy,CVX,100.8137,123.4758,123.4488,34.9462
128,2026-03-31,Energy,CVX,100.8358,123.2567,123.2297,34.9462
129,2026-04-01,Energy,CVX,100.8579,123.0495,123.0225,34.9462
130,2026-04-02,Energy,CVX,100.88,122.8535,122.8266,34.9462
131,2026-04-03,Energy,CVX,100.9021,122.6684,122.6416,34.9462
132,2026-04-04,Energy,CVX,100.9242,122.4935,122.4667,34.9462
133,2026-04-05,Energy,CVX,100.9463,122.3284,122.3016,34.9462
134,2026-04-06,Energy,CVX,100.9684,122.1726,122.1459,34.9462
135,2026-04-07,Energy,CVX,100.9905,122.0256,121.9989,34.9462
136,2026-04-08,Energy,CVX,101.0126,121.887,121.8603,34.9462
137,2026-04-09,Energy,CVX,101.0347,121.7564,121.7298,34.9462
138,2026-04-10,Energy,CVX,101.0569,121.6335,121.6068,34.9462
139,2026-04-11,Energy,CVX,101.079,121.5177,121.4911,34.9462
140,2026-04-12,Energy,CVX,101.1012,121.4089,121.3823,34.9462
141,2026-04-13,Energy,CVX,101.1233,121.3066,121.28,34.9462
142,2026-04-14,Energy,CVX,101.1455,121.2105,121.184,34.9462
143,2026-04-15,Energy,CVX,101.1676,121.1204,121.0939,34.9462
144,2026-04-16,Energy,CVX,101.1898,121.0359,121.0094,34.9462
145,2026-04-17,Energy,CVX,101.2119,120.9568,120.9303,34.9462
146,2026-04-18,Energy,CVX,101.2341,120.8828,120.8563,34.9462
147,2026-04-19,Energy,CVX,101.2563,120.8137,120.7872,34.9462
148,2026-04-20,Energy,CVX,101.2785,120.7492,120.7227,34.9462
149,2026-04-21,Energy,CVX,101.3007,120.6891,120.6627,34.9462
150,2026-04-22,Energy,CVX,101.3228,120.6332,120.6068,34.9462
151,2026-04-23,Energy,CVX,101.345,120.5813,120.5548,34.9462
152,2026-04-24,Energy,CVX,101.3672,120.5331,120.5067,34.9462
153,2026-04-25,Energy,CVX,101.3894,120.4886,120.4622,34.9462
154,2026-04-26,Energy,CVX,101.4117,120.4475,120.4211,34.9462
155,2026-04-27,Energy,CVX,101.4339,120.4097,120.3833,34.9462
156,2026-04-28,Energy,CVX,101.4561,120.375,120.3486,34.9462
157,2026-04-29,Energy,CVX,101.4783,120.3432,120.3169,34.9462
158,2026-04-30,Energy,CVX,101.5005,120.3143,120.288,34.9462
159,2026-05-01,Energy,CVX,101.5228,120.2881,120.2617,34.9462
160,2026-05-02,Energy,CVX,101.545,120.2644,120.238,34.9462
161,2026-05-03,Energy,CVX,101.5673,120.2431,120.2167,34.9462
162,2026-05-04,Energy,CVX,101.5895,120.2241,120.1978,34.9462
163,2026-05-05,Energy,CVX,101.6118,120.2073,120.181,34.9462
164,2026-05-06,Energy,CVX,101.634,120.1926,120.1663,34.9462
165,2026-05-07,Energy,CVX,101.6563,120.1799,120.1536,34.9462
166,2026-05-08,Energy,CVX,101.6785,120.1691,120.1428,34.9462
167,2026-05-09,Energy,CVX,101.7008,120.1601,120.1338,34.9462
168,2026-05-10,Energy,CVX,101.7231,120.1528,120.1265,34.9462
169,2026-05-11,Energy,CVX,101.7454,120.1472,120.1209,34.9462
170,2026-05-12,Energy,CVX,101.7677,120.1431,120.1168,34.9462
171,2026-05-13,Energy,CVX,101.79,120.1404,120.1141,34.9462
172,2026-05-14,Energy,CVX,101.8123,120.1392,120.1129,34.9462
173,2026-05-15,Energy,CVX,101.8346,120.1393,120.113,34.9462
174,2026-05-16,Energy,CVX,101.8569,120.1407,120.1144,34.9462
175,2026-05-17,Energy,CVX,101.8792,120.1433,120.117,34.9462
176,2026-05-18,Energy,CVX,101.9015,120.1471,120.1207,34.9462
177,2026-05-19,Energy,CVX,101.9238,120.1519,120.1256,34.9462
178,2026-05-20,Energy,CVX,101.9461,120.1578,120.1315,34.9462
179,2026-05-21,Energy,CVX,101.9685,120.1647,120.1384,34.9462
180,2026-05-22,Energy,CVX,101.9908,120.1725,120.1462,34.9462
181,2026-02-22,Energy,COP,100.0219,102.9347,102.9122,34.9462
182,2026-02-23,Energy,COP,100.0438,105.8707,105.8475,34.9462
183,2026-02-24,Energy,COP,100.0657,108.808,108.7842,34.9462
184,2026-02-25,Energy,COP,100.0876,111.7466,111.7221,34.9462
185,2026-02-26,Energy,COP,100.1096,114.6864,114.6613,34.9462
186,2026-02-27,Energy,COP,100.1315,117.6276,117.6018,34.9462
187,2026-02-28,Energy,COP,100.1534,120.57,120.5436,34.9462
188,2026-03-01,Energy,COP,100.1754,123.5137,123.4867,34.9462
189,2026-03-02,Energy,COP,100.1973,126.4587,126.431,34.9462
190,2026-03-03,Energy,COP,100.2193,129.405,129.3766,34.9462
191,2026-03-04,Energy,COP,100.2412,132.3525,132.3235,34.9462
192,2026-03-05,Energy,COP,100.2632,135.3014,135.2717,34.9462
193,2026-03-06,Energy,COP,100.2851,134.4764,134.4469,34.9462
194,2026-03-07,Energy,COP,100.3071,133.6927,133.6635,34.9462
195,2026-03-08,Energy,COP,100.3291,132.9484,132.9193,34.9462
196,2026-03-09,Energy,COP,100.3511,132.2415,132.2125,34.9462
197,2026-03-10,Energy,COP,100.373,131.5702,131.5413,34.9462
198,2026-03-11,Energy,COP,100.395,130.9327,130.904,34.9462
199,2026-03-12,Energy,COP,100.417,130.3274,130.2989,34.9462
200,2026-03-13,Energy,COP,100.439,129.7528,129.7244,34.9462
201,2026-03-14,Energy,COP,100.461,129.2074,129.1791,34.9462
202,2026-03-15,Energy,COP,100.483,128.6897,128.6615,34.9462
203,2026-03-16,Energy,COP,100.505,128.1984,128.1703,34.9462
204,2026-03-17,Energy,COP,100.5271,127.7322,127.7043,34.9462
205,2026-03-18,Energy,COP,100.5491,127.29,127.2621,34.9462
206,2026-03-19,Energy,COP,100.5711,126.8704,126.8426,34.9462
207,2026-03-20,Energy,COP,100.5931,126.4725,126.4448,34.9462
208,2026-03-21,Energy,COP,100.6152,126.0952,126.0676,34.9462
209,2026-03-22,Energy,COP,100.6372,125.7375,125.71,34.9462
210,2026-03-23,Energy,COP,100.6592,125.3984,125.3709,34.9462
211,2026-03-24,Energy,COP,100.6813,125.077,125.0497,34.9462
212,2026-03-25,Energy,COP,100.7034,124.7726,124.7452,34.9462
213,2026-03-26,Energy,COP,100.7254,124.4841,124.4569,34.9462
214,2026-03-27,Energy,COP,100.7475,124.2109,124.1837,34.9462
215,2026-03-28,Energy,COP,100.7695,123.9523,123.9252,34.9462
216,2026-03-29,Energy,COP,100.7916,123.7075,123.6804,34.9462
217,2026-03-30,Energy,COP,100.8137,123.4758,123.4488,34.9462
218,2026-03-31,Energy,COP,100.8358,123.2567,123.2297,34.9462
219,2026-04-01,Energy,COP,100.8579,123.0495,123.0225,34.9462
220,2026-04-02,Energy,COP,100.88,122.8535,122.8266,34.9462
221,2026-04-03,Energy,COP,100.9021,122.6684,122.6416,34.9462
222,2026-04-04,Energy,COP,100.9242,122.4935,122.4667,34.9462
223,2026-04-05,Energy,COP,100.9463,122.3284,122.3016,34.9462
224,2026-04-06,Energy,COP,100.9684,122.1726,122.1459,34.9462
225,2026-04-07,Energy,COP,100.9905,122.0256,121.9989,34.9462
226,2026-04-08,Energy,COP,101.0126,121.887,121.8603,34.9462
227,2026-04-09,Energy,COP,101.0347,121.7564,121.7298,34.9462
228,2026-04-10,Energy,COP,101.0569,121.6335,121.6068,34.9462
229,2026-04-11,Energy,COP,101.079,121.5177,121.4911,34.9462
230,2026-04-12,Energy,COP,101.1012,121.4089,121.3823,34.9462
231,2026-04-13,Energy,COP,101.1233,121.3066,121.28,34.9462
232,2026-04-14,Energy,COP,101.1455,121.2105,121.184,34.9462
233,2026-04-15,Energy,COP,101.1676,121.1204,121.0939,34.9462
234,2026-04-16,Energy,COP,101.1898,121.0359,121.0094,34.9462
235,2026-04-17,Energy,COP,101.2119,120.9568,120.9303,34.9462
236,2026-04-18,Energy,COP,101.2341,120.8828,120.8563,34.9462
237,2026-04-19,Energy,COP,101.2563,120.8137,120.7872,34.9462
238,2026-04-20,Energy,COP,101.2785,120.7492,120.7227,34.9462
239,2026-04-21,Energy,COP,101.3007,120.6891,120.6627,34.9462
240,2026-04-22,Energy,COP,101.3228,120.6332,120.6068,34.9462
241,2026-04-23,Energy,COP,101.345,120.5813,120.5548,34.9462
242,2026-04-24,Energy,COP,101.3672,120.5331,120.5067,34.9462
243,2026-04-25,Energy,COP,101.3894,120.4886,120.4622,34.9462
244,2026-04-26,Energy,COP,101.4117,120.4475,120.4211,34.9462
245,2026-04-27,Energy,COP,101.4339,120.4097,120.3833,34.9462
246,2026-04-28,Energy,COP,101.4561,120.375,120.3486,34.9462
247,2026-04-29,Energy,COP,101.4783,120.3432,120.3169,34.9462
248,2026-04-30,Energy,COP,101.5005,120.3143,120.288,34.9462
249,2026-05-01,Energy,COP,101.5228,120.2881,120.2617,34.9462
250,2026-05-02,Energy,COP,101.545,120.2644,120.238,34.9462
251,2026-05-03,Energy,COP,101.5673,120.2431,120.2167,34.9462
252,2026-05-04,Energy,COP,101.5895,120.2241,120.1978,34.9462
253,2026-05-05,Energy,COP,101.6118,120.2073,120.181,34.9462
254,2026-05-06,Energy,COP,101.634,120.1926,120.1663,34.9462
255,2026-05-07,Energy,COP,101.6563,120.1799,120.1536,34.9462
256,2026-05-08,Energy,COP,101.6785,120.1691,120.1428,34.9462
257,2026-05-09,Energy,COP,101.7008,120.1601,120.1338,34.9462
258,2026-05-10,Energy,COP,101.7231,120.1528,120.1265,34.9462
259,2026-05-11,Energy,COP,101.7454,120.1472,120.1209,34.9462
260,2026-05-12,Energy,COP,101.7677,120.1431,120.1168,34.9462
261,2026-05-13,Energy,COP,101.79,120.1404,120.1141,34.9462
262,2026-05-14,Energy,COP,101.8123,120.1392,120.1129,34.9462
263,2026-05-15,Energy,COP,101.8346,120.1393,120.113,34.9462
264,2026-05-16,Energy,COP,101.8569,120.1407,120.1144,34.9462
265,2026-05-17,Energy,COP,101.8792,120.1433,120.117,34.9462
266,2026-05-18,Energy,COP,101.9015,120.1471,120.1207,34.9462
267,2026-05-19,Energy,COP,101.9238,120.1519,120.1256,34.9462
268,2026-05-20,Energy,COP,101.9461,120.1578,120.1315,34.9462
269,2026-05-21,Energy,COP,101.9685,120.1647,120.1384,34.9462
270,2026-05-22,Energy,COP,101.9908,120.1725,120.1462,34.9462
271,2026-02-22,Energy,PXD,100.0219,102.9347,102.9122,34.9462
272,2026-02-23,Energy,PXD,100.0438,105.8707,105.8475,34.9462
273,2026-02-24,Energy,PXD,100.0657,108.808,108.7842,34.9462
274,2026-02-25,Energy,PXD,100.0876,111.7466,111.7221,34.9462
275,2026-02-26,Energy,PXD,100.1096,114.6864,114.6613,34.9462
276,2026-02-27,Energy,PXD,100.1315,117.6276,117.6018,34.9462
277,2026-02-28,Energy,PXD,100.1534,120.57,120.5436,34.9462
278,2026-03-01,Energy,PXD,100.1754,123.5137,123.4867,34.9462
279,2026-03-02,Energy,PXD,100.1973,126.4587,126.431,34.9462
280,2026-03-03,Energy,PXD,100.2193,129.405,129.3766,34.9462
281,2026-03-04,Energy,PXD,100.2412,132.3525,132.3235,34.9462
282,2026-03-05,Energy,PXD,100.2632,135.3014,135.2717,34.9462
283,2026-03-06,Energy,PXD,100.2851,134.4764,134.4469,34.9462
284,2026-03-07,Energy,PXD,100.3071,133.6927,133.6635,34.9462
285,2026-03-08,Energy,PXD,100.3291,132.9484,132.9193,34.9462
286,2026-03-09,Energy,PXD,100.3511,132.2415,132.2125,34.9462
287,2026-03-10,Energy,PXD,100.373,131.5702,131.5413,34.9462
288,2026-03-11,Energy,PXD,100.395,130.9327,130.904,34.9462
289,2026-03-12,Energy,PXD,100.417,130.3274,130.2989,34.9462
290,2026-03-13,Energy,PXD,100.439,129.7528,129.7244,34.9462
291,2026-03-14,Energy,PXD,100.461,129.2074,129.1791,34.9462
292,2026-03-15,Energy,PXD,100.483,128.6897,128.6615,34.9462
293,2026-03-16,Energy,PXD,100.505,128.1984,128.1703,34.9462
294,2026-03-17,Energy,PXD,100.5271,127.7322,127.7043,34.9462
295,2026-03-18,Energy,PXD,100.5491,127.29,127.2621,34.9462
296,2026-03-19,Energy,PXD,100.5711,126.8704,126.8426,34.9462
297,2026-03-20,Energy,PXD,100.5931,126.4725,126.4448,34.9462
298,2026-03-21,Energy,PXD,100.6152,126.0952,126.0676,34.9462
299,2026-03-22,Energy,PXD,100.6372,125.7375,125.71,34.9462
300,2026-03-23,Energy,PXD,100.6592,125.3984,125.3709,34.9462
301,2026-03-24,Energy,PXD,100.6813,125.077,125.0497,34.9462
302,2026-03-25,Energy,PXD,100.7034,124.7726,124.7452,34.9462
303,2026-03-26,Energy,PXD,100.7254,124.4841,124.4569,34.9462
304,2026-03-27,Energy,PXD,100.7475,124.2109,124.1837,34.9462
305,2026-03-28,Energy,PXD,100.7695,123.9523,123.9252,34.9462
306,2026-03-29,Energy,PXD,100.7916,123.7075,123.6804,34.9462
307,2026-03-30,Energy,PXD,100.8137,123.4758,123.4488,34.9462
308,2026-03-31,Energy,PXD,100.8358,123.2567,123.2297,34.9462
309,2026-04-01,Energy,PXD,100.8579,123.0495,123.0225,34.9462
310,2026-04-02,Energy,PXD,100.88,122.8535,122.8266,34.9462
311,2026-04-03,Energy,PXD,100.9021,122.6684,122.6416,34.9462
312,2026-04-04,Energy,PXD,100.9242,122.4935,122.4667,34.9462
313,2026-04-05,Energy,PXD,100.9463,122.3284,122.3016,34.9462
314,2026-04-06,Energy,PXD,100.9684,122.1726,122.1459,34.9462
315,2026-04-07,Energy,PXD,100.9905,122.0256,121.9989,34.9462
316,2026-04-08,Energy,PXD,101.0126,121.887,121.8603,34.9462
317,2026-04-09,Energy,PXD,101.0347,121.7564,121.7298,34.9462
318,2026-04-10,Energy,PXD,101.0569,121.6335,121.6068,34.9462
319,2026-04-11,Energy,PXD,101.079,121.5177,121.4911,34.9462
320,2026-04-12,Energy,PXD,101.1012,121.4089,121.3823,34.9462
321,2026-04-13,Energy,PXD,101.1233,121.3066,121.28,34.9462
322,2026-04-14,Energy,PXD,101.1455,121.2105,121.184,34.9462
323,2026-04-15,Energy,PXD,101.1676,121.1204,121.0939,34.9462
324,2026-04-16,Energy,PXD,101.1898,121.0359,121.0094,34.9462
325,2026-04-17,Energy,PXD,101.2119,120.9568,120.9303,34.9462
326,2026-04-18,Energy,PXD,101.2341,120.8828,120.8563,34.9462
327,2026-04-19,Energy,PXD,101.2563,120.8137,120.7872,34.9462
328,2026-04-20,Energy,PXD,101.2785,120.7492,120.7227,34.9462
329,2026-04-21,Energy,PXD,101.3007,120.6891,120.6627,34.9462
330,2026-04-22,Energy,PXD,101.3228,120.6332,120.6068,34.9462
331,2026-04-23,Energy,PXD,101.345,120.5813,120.5548,34.9462
332,2026-04-24,Energy,PXD,101.3672,120.5331,120.5067,34.9462
333,2026-04-25,Energy,PXD,101.3894,120.4886,120.4622,34.9462
334,2026-04-26,Energy,PXD,101.4117,120.4475,120.4211,34.9462
335,2026-04-27,Energy,PXD,101.4339,120.4097,120.3833,34.9462
336,2026-04-28,Energy,PXD,101.4561,120.375,120.3486,34.9462
337,2026-04-29,Energy,PXD,101.4783,120.3432,120.3169,34.9462
338,2026-04-30,Energy,PXD,101.5005,120.3143,120.288,34.9462
339,2026-05-01,Energy,PXD,101.5228,120.2881,120.2617,34.9462
340,2026-05-02,Energy,PXD,101.545,120.2644,120.238,34.9462
341,2026-05-03,Energy,PXD,101.5673,120.2431,120.2167,34.9462
342,2026-05-04,Energy,PXD,101.5895,120.2241,120.1978,34.9462
343,2026-05-05,Energy,PXD,101.6118,120.2073,120.181,34.9462
344,2026-05-06,Energy,PXD,101.634,120.1926,120.1663,34.9462
345,2026-05-07,Energy,PXD,101.6563,120.1799,120.1536,34.9462
346,2026-05-08,Energy,PXD,101.6785,120.1691,120.1428,34.9462
347,2026-05-09,Energy,PXD,101.7008,120.1601,120.1338,34.9462
348,2026-05-10,Energy,PXD,101.7231,120.1528,120.1265,34.9462
349,2026-05-11,Energy,PXD,101.7454,120.1472,120.1209,34.9462
350,2026-05-12,Energy,PXD,101.7677,120.1431,120.1168,34.9462
351,2026-05-13,Energy,PXD,101.79,120.1404,120.1141,34.9462
352,2026-05-14,Energy,PXD,101.8123,120.1392,120.1129,34.9462
353,2026-05-15,Energy,PXD,101.8346,120.1393,120.113,34.9462
354,2026-05-16,Energy,PXD,101.8569,120.1407,120.1144,34.9462
355,2026-05-17,Energy,PXD,101.8792,120.1433,120.117,34.9462
356,2026-05-18,Energy,PXD,101.9015,120.1471,120.1207,34.9462
357,2026-05-19,Energy,PXD,101.9238,120.1519,120.1256,34.9462
358,2026-05-20,Energy,PXD,101.9461,120.1578,120.1315,34.9462
359,2026-05-21,Energy,PXD,101.9685,120.1647,120.1384,34.9462
360,2026-05-22,Energy,PXD,101.9908,120.1725,120.1462,34.9462
361,2026-02-22,Energy,EOG,100.0219,102.9347,102.9122,34.9462
362,2026-02-23,Energy,EOG,100.0438,105.8707,105.8475,34.9462
363,2026-02-24,Energy,EOG,100.0657,108.808,108.7842,34.9462
364,2026-02-25,Energy,EOG,100.0876,111.7466,111.7221,34.9462
365,2026-02-26,Energy,EOG,100.1096,114.6864,114.6613,34.9462
366,2026-02-27,Energy,EOG,100.1315,117.6276,117.6018,34.9462
367,2026-02-28,Energy,EOG,100.1534,120.57,120.5436,34.9462
368,2026-03-01,Energy,EOG,100.1754,123.5137,123.4867,34.9462
369,2026-03-02,Energy,EOG,100.1973,126.4587,126.431,34.9462
370,2026-03-03,Energy,EOG,100.2193,129.405,129.3766,34.9462
371,2026-03-04,Energy,EOG,100.2412,132.3525,132.3235,34.9462
372,2026-03-05,Energy,EOG,100.2632,135.3014,135.2717,34.9462
373,2026-03-06,Energy,EOG,100.2851,134.4764,134.4469,34.9462
374,2026-03-07,Energy,EOG,100.3071,133.6927,133.6635,34.9462
375,2026-03-08,Energy,EOG,100.3291,132.9484,132.9193,34.9462
376,2026-03-09,Energy,EOG,100.3511,132.2415,132.2125,34.9462
377,2026-03-10,Energy,EOG,100.373,131.5702,131.5413,34.9462
378,2026-03-11,Energy,EOG,100.395,130.9327,130.904,34.9462
379,2026-03-12,Energy,EOG,100.417,130.3274,130.2989,34.9462
380,2026-03-13,Energy,EOG,100.439,129.7528,129.7244,34.9462
381,2026-03-14,Energy,EOG,100.461,129.2074,129.1791,34.9462
382,2026-03-15,Energy,EOG,100.483,128.6897,128.6615,34.9462
383,2026-03-16,Energy,EOG,100.505,128.1984,128.1703,34.9462
384,2026-03-17,Energy,EOG,100.5271,127.7322,127.7043,34.9462
385,2026-03-18,Energy,EOG,100.5491,127.29,127.2621,34.9462
386,2026-03-19,Energy,EOG,100.5711,126.8704,126.8426,34.9462
387,2026-03-20,Energy,EOG,100.5931,126.4725,126.4448,34.9462
388,2026-03-21,Energy,EOG,100.6152,126.0952,126.0676,34.9462
389,2026-03-22,Energy,EOG,100.6372,125.7375,125.71,34.9462
390,2026-03-23,Energy,EOG,100.6592,125.3984,125.3709,34.9462
391,2026-03-24,Energy,EOG,100.6813,125.077,125.0497,34.9462
392,2026-03-25,Energy,EOG,100.7034,124.7726,124.7452,34.9462
393,2026-03-26,Energy,EOG,100.7254,124.4841,124.4569,34.9462
394,2026-03-27,Energy,EOG,100.7475,124.2109,124.1837,34.9462
395,2026-03-28,Energy,EOG,100.7695,123.9523,123.9252,34.9462
396,2026-03-29,Energy,EOG,100.7916,123.7075,123.6804,34.9462
397,2026-03-30,Energy,EOG,100.8137,123.4758,123.4488,34.9462
398,2026-03-31,Energy,EOG,100.8358,123.2567,123.2297,34.9462
399,2026-04-01,Energy,EOG,100.8579,123.0495,123.0225,34.9462
400,2026-04-02,Energy,EOG,100.88,122.8535,122.8266,34.9462
401,2026-04-03,Energy,EOG,100.9021,122.6684,122.6416,34.9462
402,2026-04-04,Energy,EOG,100.9242,122.4935,122.4667,34.9462
403,2026-04-05,Energy,EOG,100.9463,122.3284,122.3016,34.9462
404,2026-04-06,Energy,EOG,100.9684,122.1726,122.1459,34.9462
405,2026-04-07,Energy,EOG,100.9905,122.0256,121.9989,34.9462
406,2026-04-08,Energy,EOG,101.0126,121.887,121.8603,34.9462
407,2026-04-09,Energy,EOG,101.0347,121.7564,121.7298,34.9462
408,2026-04-10,Energy,EOG,101.0569,121.6335,121.6068,34.9462
409,2026-04-11,Energy,EOG,101.079,121.5177,121.4911,34.9462
410,2026-04-12,Energy,EOG,101.1012,121.4089,121.3823,34.9462
411,2026-04-13,Energy,EOG,101.1233,121.3066,121.28,34.9462
412,2026-04-14,Energy,EOG,101.1455,121.2105,121.184,34.9462
413,2026-04-15,Energy,EOG,101.1676,121.1204,121.0939,34.9462
414,2026-04-16,Energy,EOG,101.1898,121.0359,121.0094,34.9462
415,2026-04-17,Energy,EOG,101.2119,120.9568,120.9303,34.9462
416,2026-04-18,Energy,EOG,101.2341,120.8828,120.8563,34.9462
417,2026-04-19,Energy,EOG,101.2563,120.8137,120.7872,34.9462
418,2026-04-20,Energy,EOG,101.2785,120.7492,120.7227,34.9462
419,2026-04-21,Energy,EOG,101.3007,120.6891,120.6627,34.9462
420,2026-04-22,Energy,EOG,101.3228,120.6332,120.6068,34.9462
421,2026-04-23,Energy,EOG,101.345,120.5813,120.5548,34.9462
422,2026-04-24,Energy,EOG,101.3672,120.5331,120.5067,34.9462
423,2026-04-25,Energy,EOG,101.3894,120.4886,120.4622,34.9462
424,2026-04-26,Energy,EOG,101.4117,120.4475,120.4211,34.9462
425,2026-04-27,Energy,EOG,101.4339,120.4097,120.3833,34.9462
426,2026-04-28,Energy,EOG,101.4561,120.375,120.3486,34.9462
427,2026-04-29,Energy,EOG,101.4783,120.3432,120.3169,34.9462
428,2026-04-30,Energy,EOG,101.5005,120.3143,120.288,34.9462
429,2026-05-01,Energy,EOG,101.5228,120.2881,120.2617,34.9462
430,2026-05-02,Energy,EOG,101.545,120.2644,120.238,34.9462
431,2026-05-03,Energy,EOG,101.5673,120.2431,120.2167,34.9462
432,2026-05-04,Energy,EOG,101.5895,120.2241,120.1978,34.9462
433,2026-05-05,Energy,EOG,101.6118,120.2073,120.181,34.9462
434,2026-05-06,Energy,EOG,101.634,120.1926,120.1663,34.9462
435,2026-05-07,Energy,EOG,101.6563,120.1799,120.1536,34.9462
436,2026-05-08,Energy,EOG,101.6785,120.1691,120.1428,34.9462
437,2026-05-09,Energy,EOG,101.7008,120.1601,120.1338,34.9462
438,2026-05-10,Energy,EOG,101.7231,120.1528,120.1265,34.9462
439,2026-05-11,Energy,EOG,101.7454,120.1472,120.1209,34.9462
440,2026-05-12,Energy,EOG,101.7677,120.1431,120.1168,34.9462
441,2026-05-13,Energy,EOG,101.79,120.1404,120.1141,34.9462
442,2026-05-14,Energy,EOG,101.8123,120.1392,120.1129,34.9462
443,2026-05-15,Energy,EOG,101.8346,120.1393,120.113,34.9462
444,2026-05-16,Energy,EOG,101.8569,120.1407,120.1144,34.9462
445,2026-05-17,Energy,EOG,101.8792,120.1433,120.117,34.9462
446,2026-05-18,Energy,EOG,101.9015,120.1471,120.1207,34.9462
447,2026-05-19,Energy,EOG,101.9238,120.1519,120.1256,34.9462
448,2026-05-20,Energy,EOG,101.9461,120.1578,120.1315,34.9462
449,2026-05-21,Energy,EOG,101.9685,120.1647,120.1384,34.9462
450,2026-05-22,Energy,EOG,101.9908,120.1725,120.1462,34.9462
451,2026-02-22,Energy,MPC,100.0219,102.9347,102.9122,34.9462
452,2026-02-23,Energy,MPC,100.0438,105.8707,105.8475,34.9462
453,2026-02-24,Energy,MPC,100.0657,108.808,108.7842,34.9462
454,2026-02-25,Energy,MPC,100.0876,111.7466,111.7221,34.9462
455,2026-02-26,Energy,MPC,100.1096,114.6864,114.6613,34.9462
456,2026-02-27,Energy,MPC,100.1315,117.6276,117.6018,34.9462
457,2026-02-28,Energy,MPC,100.1534,120.57,120.5436,34.9462
458,2026-03-01,Energy,MPC,100.1754,123.5137,123.4867,34.9462
459,2026-03-02,Energy,MPC,100.1973,126.4587,126.431,34.9462
460,2026-03-03,Energy,MPC,100.2193,129.405,129.3766,34.9462
461,2026-03-04,Energy,MPC,100.2412,132.3525,132.3235,34.9462
462,2026-03-05,Energy,MPC,100.2632,135.3014,135.2717,34.9462
463,2026-03-06,Energy,MPC,100.2851,134.4764,134.4469,34.9462
464,2026-03-07,Energy,MPC,100.3071,133.6927,133.6635,34.9462
465,2026-03-08,Energy,MPC,100.3291,132.9484,132.9193,34.9462
466,2026-03-09,Energy,MPC,100.3511,132.2415,132.2125,34.9462
467,2026-03-10,Energy,MPC,100.373,131.5702,131.5413,34.9462
468,2026-03-11,Energy,MPC,100.395,130.9327,130.904,34.9462
469,2026-03-12,Energy,MPC,100.417,130.3274,130.2989,34.9462
470,2026-03-13,Energy,MPC,100.439,129.7528,129.7244,34.9462
471,2026-03-14,Energy,MPC,100.461,129.2074,129.1791,34.9462
472,2026-03-15,Energy,MPC,100.483,128.6897,128.6615,34.9462
473,2026-03-16,Energy,MPC,100.505,128.1984,128.1703,34.9462
474,2026-03-17,Energy,MPC,100.5271,127.7322,127.7043,34.9462
475,2026-03-18,Energy,MPC,100.5491,127.29,127.2621,34.9462
476,2026-03-19,Energy,MPC,100.5711,126.8704,126.8426,34.9462
477,2026-03-20,Energy,MPC,100.5931,126.4725,126.4448,34.9462
478,2026-03-21,Energy,MPC,100.6152,126.0952,126.0676,34.9462
479,2026-03-22,Energy,MPC,100.6372,125.7375,125.71,34.9462
480,2026-03-23,Energy,MPC,100.6592,125.3984,125.3709,34.9462
481,2026-03-24,Energy,MPC,100.6813,125.077,125.0497,34.9462
482,2026-03-25,Energy,MPC,100.7034,124.7726,124.7452,34.9462
483,2026-03-26,Energy,MPC,100.7254,124.4841,124.4569,34.9462
484,2026-03-27,Energy,MPC,100.7475,124.2109,124.1837,34.9462
485,2026-03-28,Energy,MPC,100.7695,123.9523,123.9252,34.9462
486,2026-03-29,Energy,MPC,100.7916,123.7075,123.6804,34.9462
487,2026-03-30,Energy,MPC,100.8137,123.4758,123.4488,34.9462
488,2026-03-31,Energy,MPC,100.8358,123.2567,123.2297,34.9462
489,2026-04-01,Energy,MPC,100.8579,123.0495,123.0225,34.9462
490,2026-04-02,Energy,MPC,100.88,122.8535,122.8266,34.9462
491,2026-04-03,Energy,MPC,100.9021,122.6684,122.6416,34.9462
492,2026-04-04,Energy,MPC,100.9242,122.4935,122.4667,34.9462
493,2026-04-05,Energy,MPC,100.9463,122.3284,122.3016,34.9462
494,2026-04-06,Energy,MPC,100.9684,122.1726,122.1459,34.9462
495,2026-04-07,Energy,MPC,100.9905,122.0256,121.9989,34.9462
496,2026-04-08,Energy,MPC,101.0126,121.887,121.8603,34.9462
497,2026-04-09,Energy,MPC,101.0347,121.7564,121.7298,34.9462
498,2026-04-10,Energy,MPC,101.0569,121.6335,121.6068,34.9462
499,2026-04-11,Energy,MPC,101.079,121.5177,121.4911,34.9462
500,2026-04-12,Energy,MPC,101.1012,121.4089,121.3823,34.9462
501,2026-04-13,Energy,MPC,101.1233,121.3066,121.28,34.9462
502,2026-04-14,Energy,MPC,101.1455,121.2105,121.184,34.9462
503,2026-04-15,Energy,MPC,101.1676,121.1204,121.0939,34.9462
504,2026-04-16,Energy,MPC,101.1898,121.0359,121.0094,34.9462
505,2026-04-17,Energy,MPC,101.2119,120.9568,120.9303,34.9462
506,2026-04-18,Energy,MPC,101.2341,120.8828,120.8563,34.9462
507,2026-04-19,Energy,MPC,101.2563,120.8137,120.7872,34.9462
508,2026-04-20,Energy,MPC,101.2785,120.7492,120.7227,34.9462
509,2026-04-21,Energy,MPC,101.3007,120.6891,120.6627,34.9462
510,2026-04-22,Energy,MPC,101.3228,120.6332,120.6068,34.9462
511,2026-04-23,Energy,MPC,101.345,120.5813,120.5548,34.9462
512,2026-04-24,Energy,MPC,101.3672,120.5331,120.5067,34.9462
513,2026-04-25,Energy,MPC,101.3894,120.4886,120.4622,34.9462
514,2026-04-26,Energy,MPC,101.4117,120.4475,120.4211,34.9462
515,2026-04-27,Energy,MPC,101.4339,120.4097,120.3833,34.9462
516,2026-04-28,Energy,MPC,101.4561,120.375,120.3486,34.9462
517,2026-04-29,Energy,MPC,101.4783,120.3432,120.3169,34.9462
518,2026-04-30,Energy,MPC,101.5005,120.3143,120.288,34.9462
519,2026-05-01,Energy,MPC,101.5228,120.2881,120.2617,34.9462
520,2026-05-02,Energy,MPC,101.545,120.2644,120.238,34.9462
521,2026-05-03,Energy,MPC,101.5673,120.2431,120.2167,34.9462
522,2026-05-04,Energy,MPC,101.5895,120.2241,120.1978,34.9462
523,2026-05-05,Energy,MPC,101.6118,120.2073,120.181,34.9462
524,2026-05-06,Energy,MPC,101.634,120.1926,120.1663,34.9462
525,2026-05-07,Energy,MPC,101.6563,120.1799,120.1536,34.9462
526,2026-05-08,Energy,MPC,101.6785,120.1691,120.1428,34.9462
527,2026-05-09,Energy,MPC,101.7008,120.1601,120.1338,34.9462
528,2026-05-10,Energy,MPC,101.7231,120.1528,120.1265,34.9462
529,2026-05-11,Energy,MPC,101.7454,120.1472,120.1209,34.9462
530,2026-05-12,Energy,MPC,101.7677,120.1431,120.1168,34.9462
531,2026-05-13,Energy,MPC,101.79,120.1404,120.1141,34.9462
532,2026-05-14,Energy,MPC,101.8123,120.1392,120.1129,34.9462
533,2026-05-15,Energy,MPC,101.8346,120.1393,120.113,34.9462
534,2026-05-16,Energy,MPC,101.8569,120.1407,120.1144,34.9462
535,2026-05-17,Energy,MPC,101.8792,120.1433,120.117,34.9462
536,2026-05-18,Energy,MPC,101.9015,120.1471,120.1207,34.9462
537,2026-05-19,Energy,MPC,101.9238,120.1519,120.1256,34.9462
538,2026-05-20,Energy,MPC,101.9461,120.1578,120.1315,34.9462
539,2026-05-21,Energy,MPC,101.9685,120.1647,120.1384,34.9462
540,2026-05-22,Energy,MPC,101.9908,120.1725,120.1462,34.9462
541,2026-02-22,Energy,VLO,100.0219,102.9347,102.9122,34.9462
542,2026-02-23,Energy,VLO,100.0438,105.8707,105.8475,34.9462
543,2026-02-24,Energy,VLO,100.0657,108.808,108.7842,34.9462
544,2026-02-25,Energy,VLO,100.0876,111.7466,111.7221,34.9462
545,2026-02-26,Energy,VLO,100.1096,114.6864,114.6613,34.9462
546,2026-02-27,Energy,VLO,100.1315,117.6276,117.6018,34.9462
547,2026-02-28,Energy,VLO,100.1534,120.57,120.5436,34.9462
548,2026-03-01,Energy,VLO,100.1754,123.5137,123.4867,34.9462
549,2026-03-02,Energy,VLO,100.1973,126.4587,126.431,34.9462
550,2026-03-03,Energy,VLO,100.2193,129.405,129.3766,34.9462
551,2026-03-04,Energy,VLO,100.2412,132.3525,132.3235,34.9462
552,2026-03-05,Energy,VLO,100.2632,135.3014,135.2717,34.9462
553,2026-03-06,Energy,VLO,100.2851,134.4764,134.4469,34.9462
554,2026-03-07,Energy,VLO,100.3071,133.6927,133.6635,34.9462
555,2026-03-08,Energy,VLO,100.3291,132.9484,132.9193,34.9462
556,2026-03-09,Energy,VLO,100.3511,132.2415,132.2125,34.9462
557,2026-03-10,Energy,VLO,100.373,131.5702,131.5413,34.9462
558,2026-03-11,Energy,VLO,100.395,130.9327,130.904,34.9462
559,2026-03-12,Energy,VLO,100.417,130.3274,130.2989,34.9462
560,2026-03-13,Energy,VLO,100.439,129.7528,129.7244,34.9462
561,2026-03-14,Energy,VLO,100.461,129.2074,129.1791,34.9462
562,2026-03-15,Energy,VLO,100.483,128.6897,128.6615,34.9462
563,2026-03-16,Energy,VLO,100.505,128.1984,128.1703,34.9462
564,2026-03-17,Energy,VLO,100.5271,127.7322,127.7043,34.9462
565,2026-03-18,Energy,VLO,100.5491,127.29,127.2621,34.9462
566,2026-03-19,Energy,VLO,100.5711,126.8704,126.8426,34.9462
567,2026-03-20,Energy,VLO,100.5931,126.4725,126.4448,34.9462
568,2026-03-21,Energy,VLO,100.6152,126.0952,126.0676,34.9462
569,2026-03-22,Energy,VLO,100.6372,125.7375,125.71,34.9462
570,2026-03-23,Energy,VLO,100.6592,125.3984,125.3709,34.9462
571,2026-03-24,Energy,VLO,100.6813,125.077,125.0497,34.9462
572,2026-03-25,Energy,VLO,100.7034,124.7726,124.7452,34.9462
573,2026-03-26,Energy,VLO,100.7254,124.4841,124.4569,34.9462
574,2026-03-27,Energy,VLO,100.7475,124.2109,124.1837,34.9462
575,2026-03-28,Energy,VLO,100.7695,123.9523,123.9252,34.9462
576,2026-03-29,Energy,VLO,100.7916,123.7075,123.6804,34.9462
577,2026-03-30,Energy,VLO,100.8137,123.4758,123.4488,34.9462
578,2026-03-31,Energy,VLO,100.8358,123.2567,123.2297,34.9462
579,2026-04-01,Energy,VLO,100.8579,123.0495,123.0225,34.9462
580,2026-04-02,Energy,VLO,100.88,122.8535,122.8266,34.9462
581,2026-04-03,Energy,VLO,100.9021,122.6684,122.6416,34.9462
582,2026-04-04,Energy,VLO,100.9242,122.4935,122.4667,34.9462
583,2026-04-05,Energy,VLO,100.9463,122.3284,122.3016,34.9462
584,2026-04-06,Energy,VLO,100.9684,122.1726,122.1459,34.9462
585,2026-04-07,Energy,VLO,100.9905,122.0256,121.9989,34.9462
586,2026-04-08,Energy,VLO,101.0126,121.887,121.8603,34.9462
587,2026-04-09,Energy,VLO,101.0347,121.7564,121.7298,34.9462
588,2026-04-10,Energy,VLO,101.0569,121.6335,121.6068,34.9462
589,2026-04-11,Energy,VLO,101.079,121.5177,121.4911,34.9462
590,2026-04-12,Energy,VLO,101.1012,121.4089,121.3823,34.9462
591,2026-04-13,Energy,VLO,101.1233,121.3066,121.28,34.9462
592,2026-04-14,Energy,VLO,101.1455,121.2105,121.184,34.9462
593,2026-04-15,Energy,VLO,101.1676,121.1204,121.0939,34.9462
594,2026-04-16,Energy,VLO,101.1898,121.0359,121.0094,34.9462
595,2026-04-17,Energy,VLO,101.2119,120.9568,120.9303,34.9462
596,2026-04-18,Energy,VLO,101.2341,120.8828,120.8563,34.9462
597,2026-04-19,Energy,VLO,101.2563,120.8137,120.7872,34.9462
598,2026-04-20,Energy,VLO,101.2785,120.7492,120.7227,34.9462
599,2026-04-21,Energy,VLO,101.3007,120.6891,120.6627,34.9462
600,2026-04-22,Energy,VLO,101.3228,120.6332,120.6068,34.9462
601,2026-04-23,Energy,VLO,101.345,120.5813,120.5548,34.9462
602,2026-04-24,Energy,VLO,101.3672,120.5331,120.5067,34.9462
603,2026-04-25,Energy,VLO,101.3894,120.4886,120.4622,34.9462
604,2026-04-26,Energy,VLO,101.4117,120.4475,120.4211,34.9462
605,2026-04-27,Energy,VLO,101.4339,120.4097,120.3833,34.9462
606,2026-04-28,Energy,VLO,101.4561,120.375,120.3486,34.9462
607,2026-04-29,Energy,VLO,101.4783,120.3432,120.3169,34.9462
608,2026-04-30,Energy,VLO,101.5005,120.3143,120.288,34.9462
609,2026-05-01,Energy,VLO,101.5228,120.2881,120.2617,34.9462
610,2026-05-02,Energy,VLO,101.545,120.2644,120.238,34.9462
611,2026-05-03,Energy,VLO,101.5673,120.2431,120.2167,34.9462
612,2026-05-04,Energy,VLO,101.5895,120.2241,120.1978,34.9462
613,2026-05-05,Energy,VLO,101.6118,120.2073,120.181,34.9462
614,2026-05-06,Energy,VLO,101.634,120.1926,120.1663,34.9462
615,2026-05-07,Energy,VLO,101.6563,120.1799,120.1536,34.9462
616,2026-05-08,Energy,VLO,101.6785,120.1691,120.1428,34.9462
617,2026-05-09,Energy,VLO,101.7008,120.1601,120.1338,34.9462
618,2026-05-10,Energy,VLO,101.7231,120.1528,120.1265,34.9462
619,2026-05-11,Energy,VLO,101.7454,120.1472,120.1209,34.9462
620,2026-05-12,Energy,VLO,101.7677,120.1431,120.1168,34.9462
621,2026-05-13,Energy,VLO,101.79,120.1404,120.1141,34.9462
622,2026-05-14,Energy,VLO,101.8123,120.1392,120.1129,34.9462
623,2026-05-15,Energy,VLO,101.8346,120.1393,120.113,34.9462
624,2026-05-16,Energy,VLO,101.8569,120.1407,120.1144,34.9462
625,2026-05-17,Energy,VLO,101.8792,120.1433,120.117,34.9462
626,2026-05-18,Energy,VLO,101.9015,120.1471,120.1207,34.9462
627,2026-05-19,Energy,VLO,101.9238,120.1519,120.1256,34.9462
628,2026-05-20,Energy,VLO,101.9461,120.1578,120.1315,34.9462
629,2026-05-21,Energy,VLO,101.9685,120.1647,120.1384,34.9462
630,2026-05-22,Energy,VLO,101.9908,120.1725,120.1462,34.9462
631,2026-02-22,Energy,PSX,100.0219,102.9347,102.9122,34.9462
632,2026-02-23,Energy,PSX,100.0438,105.8707,105.8475,34.9462
633,2026-02-24,Energy,PSX,100.0657,108.808,108.7842,34.9462
634,2026-02-25,Energy,PSX,100.0876,111.7466,111.7221,34.9462
635,2026-02-26,Energy,PSX,100.1096,114.6864,114.6613,34.9462
636,2026-02-27,Energy,PSX,100.1315,117.6276,117.6018,34.9462
637,2026-02-28,Energy,PSX,100.1534,120.57,120.5436,34.9462
638,2026-03-01,Energy,PSX,100.1754,123.5137,123.4867,34.9462
639,2026-03-02,Energy,PSX,100.1973,126.4587,126.431,34.9462
640,2026-03-03,Energy,PSX,100.2193,129.405,129.3766,34.9462
641,2026-03-04,Energy,PSX,100.2412,132.3525,132.3235,34.9462
642,2026-03-05,Energy,PSX,100.2632,135.3014,135.2717,34.9462
643,2026-03-06,Energy,PSX,100.2851,134.4764,134.4469,34.9462
644,2026-03-07,Energy,PSX,100.3071,133.6927,133.6635,34.9462
645,2026-03-08,Energy,PSX,100.3291,132.9484,132.9193,34.9462
646,2026-03-09,Energy,PSX,100.3511,132.2415,132.2125,34.9462
647,2026-03-10,Energy,PSX,100.373,131.5702,131.5413,34.9462
648,2026-03-11,Energy,PSX,100.395,130.9327,130.904,34.9462
649,2026-03-12,Energy,PSX,100.417,130.3274,130.2989,34.9462
650,2026-03-13,Energy,PSX,100.439,129.7528,129.7244,34.9462
651,2026-03-14,Energy,PSX,100.461,129.2074,129.1791,34.9462
652,2026-03-15,Energy,PSX,100.483,128.6897,128.6615,34.9462
653,2026-03-16,Energy,PSX,100.505,128.1984,128.1703,34.9462
654,2026-03-17,Energy,PSX,100.5271,127.7322,127.7043,34.9462
655,2026-03-18,Energy,PSX,100.5491,127.29,127.2621,34.9462
656,2026-03-19,Energy,PSX,100.5711,126.8704,126.8426,34.9462
657,2026-03-20,Energy,PSX,100.5931,126.4725,126.4448,34.9462
658,2026-03-21,Energy,PSX,100.6152,126.0952,126.0676,34.9462
659,2026-03-22,Energy,PSX,100.6372,125.7375,125.71,34.9462
660,2026-03-23,Energy,PSX,100.6592,125.3984,125.3709,34.9462
661,2026-03-24,Energy,PSX,100.6813,125.077,125.0497,34.9462
662,2026-03-25,Energy,PSX,100.7034,124.7726,124.7452,34.9462
663,2026-03-26,Energy,PSX,100.7254,124.4841,124.4569,34.9462
664,2026-03-27,Energy,PSX,100.7475,124.2109,124.1837,34.9462
665,2026-03-28,Energy,PSX,100.7695,123.9523,123.9252,34.9462
666,2026-03-29,Energy,PSX,100.7916,123.7075,123.6804,34.9462
667,2026-03-30,Energy,PSX,100.8137,123.4758,123.4488,34.9462
668,2026-03-31,Energy,PSX,100.8358,123.2567,123.2297,34.9462
669,2026-04-01,Energy,PSX,100.8579,123.0495,123.0225,34.9462
670,2026-04-02,Energy,PSX,100.88,122.8535,122.8266,34.9462
671,2026-04-03,Energy,PSX,100.9021,122.6684,122.6416,34.9462
672,2026-04-04,Energy,PSX,100.9242,122.4935,122.4667,34.9462
673,2026-04-05,Energy,PSX,100.9463,122.3284,122.3016,34.9462
674,2026-04-06,Energy,PSX,100.9684,122.1726,122.1459,34.9462
675,2026-04-07,Energy,PSX,100.9905,122.0256,121.9989,34.9462
676,2026-04-08,Energy,PSX,101.0126,121.887,121.8603,34.9462
677,2026-04-09,Energy,PSX,101.0347,121.7564,121.7298,34.9462
678,2026-04-10,Energy,PSX,101.0569,121.6335,121.6068,34.9462
679,2026-04-11,Energy,PSX,101.079,121.5177,121.4911,34.9462
680,2026-04-12,Energy,PSX,101.1012,121.4089,121.3823,34.9462
681,2026-04-13,Energy,PSX,101.1233,121.3066,121.28,34.9462
682,2026-04-14,Energy,PSX,101.1455,121.2105,121.184,34.9462
683,2026-04-15,Energy,PSX,101.1676,121.1204,121.0939,34.9462
684,2026-04-16,Energy,PSX,101.1898,121.0359,121.0094,34.9462
685,2026-04-17,Energy,PSX,101.2119,120.9568,120.9303,34.9462
686,2026-04-18,Energy,PSX,101.2341,120.8828,120.8563,34.9462
687,2026-04-19,Energy,PSX,101.2563,120.8137,120.7872,34.9462
688,2026-04-20,Energy,PSX,101.2785,120.7492,120.7227,34.9462
689,2026-04-21,Energy,PSX,101.3007,120.6891,120.6627,34.9462
690,2026-04-22,Energy,PSX,101.3228,120.6332,120.6068,34.9462
691,2026-04-23,Energy,PSX,101.345,120.5813,120.5548,34.9462
692,2026-04-24,Energy,PSX,101.3672,120.5331,120.5067,34.9462
693,2026-04-25,Energy,PSX,101.3894,120.4886,120.4622,34.9462
694,2026-04-26,Energy,PSX,101.4117,120.4475,120.4211,34.9462
695,2026-04-27,Energy,PSX,101.4339,120.4097,120.3833,34.9462
696,2026-04-28,Energy,PSX,101.4561,120.375,120.3486,34.9462
697,2026-04-29,Energy,PSX,101.4783,120.3432,120.3169,34.9462
698,2026-04-30,Energy,PSX,101.5005,120.3143,120.288,34.9462
699,2026-05-01,Energy,PSX,101.5228,120.2881,120.2617,34.9462
700,2026-05-02,Energy,PSX,101.545,120.2644,120.238,34.9462
701,2026-05-03,Energy,PSX,101.5673,120.2431,120.2167,34.9462
702,2026-05-04,Energy,PSX,101.5895,120.2241,120.1978,34.9462
703,2026-05-05,Energy,PSX,101.6118,120.2073,120.181,34.9462
704,2026-05-06,Energy,PSX,101.634,120.1926,120.1663,34.9462
705,2026-05-07,Energy,PSX,101.6563,120.1799,120.1536,34.9462
706,2026-05-08,Energy,PSX,101.6785,120.1691,120.1428,34.9462
707,2026-05-09,Energy,PSX,101.7008,120.1601,120.1338,34.9462
708,2026-05-10,Energy,PSX,101.7231,120.1528,120.1265,34.9462
709,2026-05-11,Energy,PSX,101.7454,120.1472,120.1209,34.9462
710,2026-05-12,Energy,PSX,101.7677,120.1431,120.1168,34.9462
711,2026-05-13,Energy,PSX,101.79,120.1404,120.1141,34.9462
712,2026-05-14,Energy,PSX,101.8123,120.1392,120.1129,34.9462
713,2026-05-15,Energy,PSX,101.8346,120.1393,120.113,34.9462
714,2026-05-16,Energy,PSX,101.8569,120.1407,120.1144,34.9462
715,2026-05-17,Energy,PSX,101.8792,120.1433,120.117,34.9462
716,2026-05-18,Energy,PSX,101.9015,120.1471,120.1207,34.9462
717,2026-05-19,Energy,PSX,101.9238,120.1519,120.1256,34.9462
718,2026-05-20,Energy,PSX,101.9461,120.1578,120.1315,34.9462
719,2026-05-21,Energy,PSX,101.9685,120.1647,120.1384,34.9462
720,2026-05-22,Energy,PSX,101.9908,120.1725,120.1462,34.9462
721,2026-02-22,Energy,SLB,100.0219,102.9347,102.9122,34.9462
722,2026-02-23,Energy,SLB,100.0438,105.8707,105.8475,34.9462
723,2026-02-24,Energy,SLB,100.0657,108.808,108.7842,34.9462
724,2026-02-25,Energy,SLB,100.0876,111.7466,111.7221,34.9462
725,2026-02-26,Energy,SLB,100.1096,114.6864,114.6613,34.9462
726,2026-02-27,Energy,SLB,100.1315,117.6276,117.6018,34.9462
727,2026-02-28,Energy,SLB,100.1534,120.57,120.5436,34.9462
728,2026-03-01,Energy,SLB,100.1754,123.5137,123.4867,34.9462
729,2026-03-02,Energy,SLB,100.1973,126.4587,126.431,34.9462
730,2026-03-03,Energy,SLB,100.2193,129.405,129.3766,34.9462
731,2026-03-04,Energy,SLB,100.2412,132.3525,132.3235,34.9462
732,2026-03-05,Energy,SLB,100.2632,135.3014,135.2717,34.9462
733,2026-03-06,Energy,SLB,100.2851,134.4764,134.4469,34.9462
734,2026-03-07,Energy,SLB,100.3071,133.6927,133.6635,34.9462
735,2026-03-08,Energy,SLB,100.3291,132.9484,132.9193,34.9462
736,2026-03-09,Energy,SLB,100.3511,132.2415,132.2125,34.9462
737,2026-03-10,Energy,SLB,100.373,131.5702,131.5413,34.9462
738,2026-03-11,Energy,SLB,100.395,130.9327,130.904,34.9462
739,2026-03-12,Energy,SLB,100.417,130.3274,130.2989,34.9462
740,2026-03-13,Energy,SLB,100.439,129.7528,129.7244,34.9462
741,2026-03-14,Energy,SLB,100.461,129.2074,129.1791,34.9462
742,2026-03-15,Energy,SLB,100.483,128.6897,128.6615,34.9462
743,2026-03-16,Energy,SLB,100.505,128.1984,128.1703,34.9462
744,2026-03-17,Energy,SLB,100.5271,127.7322,127.7043,34.9462
745,2026-03-18,Energy,SLB,100.5491,127.29,127.2621,34.9462
746,2026-03-19,Energy,SLB,100.5711,126.8704,126.8426,34.9462
747,2026-03-20,Energy,SLB,100.5931,126.4725,126.4448,34.9462
748,2026-03-21,Energy,SLB,100.6152,126.0952,126.0676,34.9462
749,2026-03-22,Energy,SLB,100.6372,125.7375,125.71,34.9462
750,2026-03-23,Energy,SLB,100.6592,125.3984,125.3709,34.9462
751,2026-03-24,Energy,SLB,100.6813,125.077,125.0497,34.9462
752,2026-03-25,Energy,SLB,100.7034,124.7726,124.7452,34.9462
753,2026-03-26,Energy,SLB,100.7254,124.4841,124.4569,34.9462
754,2026-03-27,Energy,SLB,100.7475,124.2109,124.1837,34.9462
755,2026-03-28,Energy,SLB,100.7695,123.9523,123.9252,34.9462
756,2026-03-29,Energy,SLB,100.7916,123.7075,123.6804,34.9462
757,2026-03-30,Energy,SLB,100.8137,123.4758,123.4488,34.9462
758,2026-03-31,Energy,SLB,100.8358,123.2567,123.2297,34.9462
759,2026-04-01,Energy,SLB,100.8579,123.0495,123.0225,34.9462
760,2026-04-02,Energy,SLB,100.88,122.8535,122.8266,34.9462
761,2026-04-03,Energy,SLB,100.9021,122.6684,122.6416,34.9462
762,2026-04-04,Energy,SLB,100.9242,122.4935,122.4667,34.9462
763,2026-04-05,Energy,SLB,100.9463,122.3284,122.3016,34.9462
764,2026-04-06,Energy,SLB,100.9684,122.1726,122.1459,34.9462
765,2026-04-07,Energy,SLB,100.9905,122.0256,121.9989,34.9462
766,2026-04-08,Energy,SLB,101.0126,121.887,121.8603,34.9462
767,2026-04-09,Energy,SLB,101.0347,121.7564,121.7298,34.9462
768,2026-04-10,Energy,SLB,101.0569,121.6335,121.6068,34.9462
769,2026-04-11,Energy,SLB,101.079,121.5177,121.4911,34.9462
770,2026-04-12,Energy,SLB,101.1012,121.4089,121.3823,34.9462
771,2026-04-13,Energy,SLB,101.1233,121.3066,121.28,34.9462
772,2026-04-14,Energy,SLB,101.1455,121.2105,121.184,34.9462
773,2026-04-15,Energy,SLB,101.1676,121.1204,121.0939,34.9462
774,2026-04-16,Energy,SLB,101.1898,121.0359,121.0094,34.9462
775,2026-04-17,Energy,SLB,101.2119,120.9568,120.9303,34.9462
776,2026-04-18,Energy,SLB,101.2341,120.8828,120.8563,34.9462
777,2026-04-19,Energy,SLB,101.2563,120.8137,120.7872,34.9462
778,2026-04-20,Energy,SLB,101.2785,120.7492,120.7227,34.9462
779,2026-04-21,Energy,SLB,101.3007,120.6891,120.6627,34.9462
780,2026-04-22,Energy,SLB,101.3228,120.6332,120.6068,34.9462
781,2026-04-23,Energy,SLB,101.345,120.5813,120.5548,34.9462
782,2026-04-24,Energy,SLB,101.3672,120.5331,120.5067,34.9462
783,2026-04-25,Energy,SLB,101.3894,120.4886,120.4622,34.9462
784,2026-04-26,Energy,SLB,101.4117,120.4475,120.4211,34.9462
785,2026-04-27,Energy,SLB,101.4339,120.4097,120.3833,34.9462
786,2026-04-28,Energy,SLB,101.4561,120.375,120.3486,34.9462
787,2026-04-29,Energy,SLB,101.4783,120.3432,120.3169,34.9462
788,2026-04-30,Energy,SLB,101.5005,120.3143,120.288,34.9462
789,2026-05-01,Energy,SLB,101.5228,120.2881,120.2617,34.9462
790,2026-05-02,Energy,SLB,101.545,120.2644,120.238,34.9462
791,2026-05-03,Energy,SLB,101.5673,120.2431,120.2167,34.9462
792,2026-05-04,Energy,SLB,101.5895,120.2241,120.1978,34.9462
793,2026-05-05,Energy,SLB,101.6118,120.2073,120.181,34.9462
794,2026-05-06,Energy,SLB,101.634,120.1926,120.1663,34.9462
795,2026-05-07,Energy,SLB,101.6563,120.1799,120.1536,34.9462
796,2026-05-08,Energy,SLB,101.6785,120.1691,120.1428,34.9462
797,2026-05-09,Energy,SLB,101.7008,120.1601,120.1338,34.9462
798,2026-05-10,Energy,SLB,101.7231,120.1528,120.1265,34.9462
799,2026-05-11,Energy,SLB,101.7454,120.1472,120.1209,34.9462
800,2026-05-12,Energy,SLB,101.7677,120.1431,120.1168,34.9462
801,2026-05-13,Energy,SLB,101.79,120.1404,120.1141,34.9462
802,2026-05-14,Energy,SLB,101.8123,120.1392,120.1129,34.9462
803,2026-05-15,Energy,SLB,101.8346,120.1393,120.113,34.9462
804,2026-05-16,Energy,SLB,101.8569,120.1407,120.1144,34.9462
805,2026-05-17,Energy,SLB,101.8792,120.1433,120.117,34.9462
806,2026-05-18,Energy,SLB,101.9015,120.1471,120.1207,34.9462
807,2026-05-19,Energy,SLB,101.9238,120.1519,120.1256,34.9462
808,2026-05-20,Energy,SLB,101.9461,120.1578,120.1315,34.9462
809,2026-05-21,Energy,SLB,101.9685,120.1647,120.1384,34.9462
810,2026-05-22,Energy,SLB,101.9908,120.1725,120.1462,34.9462
811,2026-02-22,Energy,HAL,100.0219,102.9347,102.9122,34.9462
812,2026-02-23,Energy,HAL,100.0438,105.8707,105.8475,34.9462
813,2026-02-24,Energy,HAL,100.0657,108.808,108.7842,34.9462
814,2026-02-25,Energy,HAL,100.0876,111.7466,111.7221,34.9462
815,2026-02-26,Energy,HAL,100.1096,114.6864,114.6613,34.9462
816,2026-02-27,Energy,HAL,100.1315,117.6276,117.6018,34.9462
817,2026-02-28,Energy,HAL,100.1534,120.57,120.5436,34.9462
818,2026-03-01,Energy,HAL,100.1754,123.5137,123.4867,34.9462
819,2026-03-02,Energy,HAL,100.1973,126.4587,126.431,34.9462
820,2026-03-03,Energy,HAL,100.2193,129.405,129.3766,34.9462
821,2026-03-04,Energy,HAL,100.2412,132.3525,132.3235,34.9462
822,2026-03-05,Energy,HAL,100.2632,135.3014,135.2717,34.9462
823,2026-03-06,Energy,HAL,100.2851,134.4764,134.4469,34.9462
824,2026-03-07,Energy,HAL,100.3071,133.6927,133.6635,34.9462
825,2026-03-08,Energy,HAL,100.3291,132.9484,132.9193,34.9462
826,2026-03-09,Energy,HAL,100.3511,132.2415,132.2125,34.9462
827,2026-03-10,Energy,HAL,100.373,131.5702,131.5413,34.9462
828,2026-03-11,Energy,HAL,100.395,130.9327,130.904,34.9462
829,2026-03-12,Energy,HAL,100.417,130.3274,130.2989,34.9462
830,2026-03-13,Energy,HAL,100.439,129.7528,129.7244,34.9462
831,2026-03-14,Energy,HAL,100.461,129.2074,129.1791,34.9462
832,2026-03-15,Energy,HAL,100.483,128.6897,128.6615,34.9462
833,2026-03-16,Energy,HAL,100.505,128.1984,128.1703,34.9462
834,2026-03-17,Energy,HAL,100.5271,127.7322,127.7043,34.9462
835,2026-03-18,Energy,HAL,100.5491,127.29,127.2621,34.9462
836,2026-03-19,Energy,HAL,100.5711,126.8704,126.8426,34.9462
837,2026-03-20,Energy,HAL,100.5931,126.4725,126.4448,34.9462
838,2026-03-21,Energy,HAL,100.6152,126.0952,126.0676,34.9462
839,2026-03-22,Energy,HAL,100.6372,125.7375,125.71,34.9462
840,2026-03-23,Energy,HAL,100.6592,125.3984,125.3709,34.9462
841,2026-03-24,Energy,HAL,100.6813,125.077,125.0497,34.9462
842,2026-03-25,Energy,HAL,100.7034,124.7726,124.7452,34.9462
843,2026-03-26,Energy,HAL,100.7254,124.4841,124.4569,34.9462
844,2026-03-27,Energy,HAL,100.7475,124.2109,124.1837,34.9462
845,2026-03-28,Energy,HAL,100.7695,123.9523,123.9252,34.9462
846,2026-03-29,Energy,HAL,100.7916,123.7075,123.6804,34.9462
847,2026-03-30,Energy,HAL,100.8137,123.4758,123.4488,34.9462
848,2026-03-31,Energy,HAL,100.8358,123.2567,123.2297,34.9462
849,2026-04-01,Energy,HAL,100.8579,123.0495,123.0225,34.9462
850,2026-04-02,Energy,HAL,100.88,122.8535,122.8266,34.9462
851,2026-04-03,Energy,HAL,100.9021,122.6684,122.6416,34.9462
852,2026-04-04,Energy,HAL,100.9242,122.4935,122.4667,34.9462
853,2026-04-05,Energy,HAL,100.9463,122.3284,122.3016,34.9462
854,2026-04-06,Energy,HAL,100.9684,122.1726,122.1459,34.9462
855,2026-04-07,Energy,HAL,100.9905,122.0256,121.9989,34.9462
856,2026-04-08,Energy,HAL,101.0126,121.887,121.8603,34.9462
857,2026-04-09,Energy,HAL,101.0347,121.7564,121.7298,34.9462
858,2026-04-10,Energy,HAL,101.0569,121.6335,121.6068,34.9462
859,2026-04-11,Energy,HAL,101.079,121.5177,121.4911,34.9462
860,2026-04-12,Energy,HAL,101.1012,121.4089,121.3823,34.9462
861,2026-04-13,Energy,HAL,101.1233,121.3066,121.28,34.9462
862,2026-04-14,Energy,HAL,101.1455,121.2105,121.184,34.9462
863,2026-04-15,Energy,HAL,101.1676,121.1204,121.0939,34.9462
864,2026-04-16,Energy,HAL,101.1898,121.0359,121.0094,34.9462
865,2026-04-17,Energy,HAL,101.2119,120.9568,120.9303,34.9462
866,2026-04-18,Energy,HAL,101.2341,120.8828,120.8563,34.9462
867,2026-04-19,Energy,HAL,101.2563,120.8137,120.7872,34.9462
868,2026-04-20,Energy,HAL,101.2785,120.7492,120.7227,34.9462
869,2026-04-21,Energy,HAL,101.3007,120.6891,120.6627,34.9462
870,2026-04-22,Energy,HAL,101.3228,120.6332,120.6068,34.9462
871,2026-04-23,Energy,HAL,101.345,120.5813,120.5548,34.9462
872,2026-04-24,Energy,HAL,101.3672,120.5331,120.5067,34.9462
873,2026-04-25,Energy,HAL,101.3894,120.4886,120.4622,34.9462
874,2026-04-26,Energy,HAL,101.4117,120.4475,120.4211,34.9462
875,2026-04-27,Energy,HAL,101.4339,120.4097,120.3833,34.9462
876,2026-04-28,Energy,HAL,101.4561,120.375,120.3486,34.9462
877,2026-04-29,Energy,HAL,101.4783,120.3432,120.3169,34.9462
878,2026-04-30,Energy,HAL,101.5005,120.3143,120.288,34.9462
879,2026-05-01,Energy,HAL,101.5228,120.2881,120.2617,34.9462
880,2026-05-02,Energy,HAL,101.545,120.2644,120.238,34.9462
881,2026-05-03,Energy,HAL,101.5673,120.2431,120.2167,34.9462
882,2026-05-04,Energy,HAL,101.5895,120.2241,120.1978,34.9462
883,2026-05-05,Energy,HAL,101.6118,120.2073,120.181,34.9462
884,2026-05-06,Energy,HAL,101.634,120.1926,120.1663,34.9462
885,2026-05-07,Energy,HAL,101.6563,120.1799,120.1536,34.9462
886,2026-05-08,Energy,HAL,101.6785,120.1691,120.1428,34.9462
887,2026-05-09,Energy,HAL,101.7008,120.1601,120.1338,34.9462
888,2026-05-10,Energy,HAL,101.7231,120.1528,120.1265,34.9462
889,2026-05-11,Energy,HAL,101.7454,120.1472,120.1209,34.9462
890,2026-05-12,Energy,HAL,101.7677,120.1431,120.1168,34.9462
891,2026-05-13,Energy,HAL,101.79,120.1404,120.1141,34.9462
892,2026-05-14,Energy,HAL,101.8123,120.1392,120.1129,34.9462
893,2026-05-15,Energy,HAL,101.8346,120.1393,120.113,34.9462
894,2026-05-16,Energy,HAL,101.8569,120.1407,120.1144,34.9462
895,2026-05-17,Energy,HAL,101.8792,120.1433,120.117,34.9462
896,2026-05-18,Energy,HAL,101.9015,120.1471,120.1207,34.9462
897,2026-05-19,Energy,HAL,101.9238,120.1519,120.1256,34.9462
898,2026-05-20,Energy,HAL,101.9461,120.1578,120.1315,34.9462
899,2026-05-21,Energy,HAL,101.9685,120.1647,120.1384,34.9462
900,2026-05-22,Energy,HAL,101.9908,120.1725,120.1462,34.9462
