date,sector,baseline_proxy,impacted_proxy,sector_total_impact_pct
2026-02-22,Minerals,64.4139,62.1761,-52.1123
2026-02-23,Minerals,64.5457,60.0608,-52.1123
2026-02-24,Minerals,64.6778,57.9367,-52.1123
2026-02-25,Minerals,64.8102,55.8038,-52.1123
2026-02-26,Minerals,64.943,53.6619,-52.1123
2026-02-27,Minerals,65.0762,51.5111,-52.1123
2026-02-28,Minerals,65.2097,49.3513,-52.1123
2026-03-01,Minerals,65.3435,47.1825,-52.1123
2026-03-02,Minerals,65.4778,45.0046,-52.1123
2026-03-03,Minerals,65.6123,42.8176,-52.1123
2026-03-04,Minerals,65.7473,40.6215,-52.1123
2026-03-05,Minerals,65.8826,38.4162,-52.1123
2026-03-06,Minerals,66.0182,36.2018,-52.1123
2026-03-07,Minerals,66.1543,33.9781,-52.1123
2026-03-08,Minerals,66.2906,31.7451,-52.1123
2026-03-09,Minerals,66.4274,32.2077,-52.1123
2026-03-10,Minerals,66.5645,32.6592,-52.1123
2026-03-11,Minerals,66.702,33.0998,-52.1123
2026-03-12,Minerals,66.8398,33.5298,-52.1123
2026-03-13,Minerals,66.978,33.9497,-52.1123
2026-03-14,Minerals,67.1166,34.3596,-52.1123
2026-03-15,Minerals,67.2555,34.76,-52.1123
2026-03-16,Minerals,67.3948,35.1511,-52.1123
2026-03-17,Minerals,67.5345,35.5333,-52.1123
2026-03-18,Minerals,67.6746,35.9067,-52.1123
2026-03-19,Minerals,67.815,36.2718,-52.1123
2026-03-20,Minerals,67.9558,36.6287,-52.1123
2026-03-21,Minerals,68.097,36.9778,-52.1123
2026-03-22,Minerals,68.2385,37.3192,-52.1123
2026-03-23,Minerals,68.3805,37.6532,-52.1123
2026-03-24,Minerals,68.5228,37.9801,-52.1123
2026-03-25,Minerals,68.6655,38.3001,-52.1123
2026-03-26,Minerals,68.8085,38.6133,-52.1123
2026-03-27,Minerals,68.952,38.9201,-52.1123
2026-03-28,Minerals,69.0958,39.2206,-52.1123
2026-03-29,Minerals,69.2401,39.515,-52.1123
2026-03-30,Minerals,69.3847,39.8036,-52.1123
2026-03-31,Minerals,69.5297,40.0865,-52.1123
2026-04-01,Minerals,69.675,40.3638,-52.1123
2026-04-02,Minerals,69.8208,40.6359,-52.1123
2026-04-03,Minerals,69.967,40.9028,-52.1123
2026-04-04,Minerals,70.1135,41.1647,-52.1123
2026-04-05,Minerals,70.2605,41.4217,-52.1123
2026-04-06,Minerals,70.4078,41.6742,-52.1123
2026-04-07,Minerals,70.5555,41.9221,-52.1123
2026-04-08,Minerals,70.7036,42.1656,-52.1123
2026-04-09,Minerals,70.8522,42.4049,-52.1123
2026-04-10,Minerals,71.0011,42.6402,-52.1123
2026-04-11,Minerals,71.1504,42.8715,-52.1123
2026-04-12,Minerals,71.3001,43.0989,-52.1123
2026-04-13,Minerals,71.4502,43.3227,-52.1123
2026-04-14,Minerals,71.6007,43.5429,-52.1123
2026-04-15,Minerals,71.7517,43.7597,-52.1123
2026-04-16,Minerals,71.903,43.9731,-52.1123
2026-04-17,Minerals,72.0547,44.1834,-52.1123
2026-04-18,Minerals,72.2068,44.3905,-52.1123
2026-04-19,Minerals,72.3594,44.5945,-52.1123
2026-04-20,Minerals,72.5123,44.7957,-52.1123
2026-04-21,Minerals,72.6657,44.9941,-52.1123
2026-04-22,Minerals,72.8195,45.1898,-52.1123
2026-04-23,Minerals,72.9737,45.3828,-52.1123
2026-04-24,Minerals,73.1283,45.5733,-52.1123
2026-04-25,Minerals,73.2833,45.7614,-52.1123
2026-04-26,Minerals,73.4387,45.9471,-52.1123
2026-04-27,Minerals,73.5946,46.1306,-52.1123
2026-04-28,Minerals,73.7508,46.3118,-52.1123
2026-04-29,Minerals,73.9075,46.4909,-52.1123
2026-04-30,Minerals,74.0646,46.668,-52.1123
2026-05-01,Minerals,74.2221,46.8431,-52.1123
2026-05-02,Minerals,74.3801,47.0163,-52.1123
2026-05-03,Minerals,74.5385,47.1877,-52.1123
2026-05-04,Minerals,74.6973,47.3573,-52.1123
2026-05-05,Minerals,74.8565,47.5252,-52.1123
2026-05-06,Minerals,75.0161,47.6914,-52.1123
2026-05-07,Minerals,75.1762,47.8561,-52.1123
2026-05-08,Minerals,75.3367,48.0193,-52.1123
2026-05-09,Minerals,75.4977,48.1809,-52.1123
2026-05-10,Minerals,75.659,48.3412,-52.1123
2026-05-11,Minerals,75.8208,48.5001,-52.1123
2026-05-12,Minerals,75.9831,48.6577,-52.1123
2026-05-13,Minerals,76.1458,48.814,-52.1123
2026-05-14,Minerals,76.3089,48.9692,-52.1123
2026-05-15,Minerals,76.4724,49.1231,-52.1123
2026-05-16,Minerals,76.6364,49.276,-52.1123
2026-05-17,Minerals,76.8009,49.4277,-52.1123
2026-05-18,Minerals,76.9658,49.5785,-52.1123
2026-05-19,Minerals,77.1311,49.7282,-52.1123
2026-05-20,Minerals,77.2969,49.877,-52.1123
2026-05-21,Minerals,77.4631,50.0249,-52.1123
2026-05-22,Minerals,77.6297,50.172,-52.1123
2026-02-22,Maritime,58.5987,56.7081,-48.3955
2026-02-23,Maritime,58.6445,54.8603,-48.3955
2026-02-24,Maritime,58.6904,53.0097,-48.3955
2026-02-25,Maritime,58.7362,51.1561,-48.3955
2026-02-26,Maritime,58.7822,49.2995,-48.3955
2026-02-27,Maritime,58.8282,47.4401,-48.3955
2026-02-28,Maritime,58.8743,45.5778,-48.3955
2026-03-01,Maritime,58.9204,43.7125,-48.3955
2026-03-02,Maritime,58.9665,41.8442,-48.3955
2026-03-03,Maritime,59.0128,39.9731,-48.3955
2026-03-04,Maritime,59.059,38.099,-48.3955
2026-03-05,Maritime,59.1054,36.2219,-48.3955
2026-03-06,Maritime,59.1517,34.3419,-48.3955
2026-03-07,Maritime,59.1982,32.4589,-48.3955
2026-03-08,Maritime,59.2447,30.5729,-48.3955
2026-03-09,Maritime,59.2912,30.9262,-48.3955
2026-03-10,Maritime,59.3378,31.2692,-48.3955
2026-03-11,Maritime,59.3845,31.6023,-48.3955
2026-03-12,Maritime,59.4312,31.9258,-48.3955
2026-03-13,Maritime,59.478,32.24,-48.3955
2026-03-14,Maritime,59.5248,32.5452,-48.3955
2026-03-15,Maritime,59.5717,32.8416,-48.3955
2026-03-16,Maritime,59.6187,33.1297,-48.3955
2026-03-17,Maritime,59.6657,33.4096,-48.3955
2026-03-18,Maritime,59.7127,33.6816,-48.3955
2026-03-19,Maritime,59.7598,33.9459,-48.3955
2026-03-20,Maritime,59.807,34.2029,-48.3955
2026-03-21,Maritime,59.8542,34.4527,-48.3955
2026-03-22,Maritime,59.9015,34.6956,-48.3955
2026-03-23,Maritime,59.9488,34.9317,-48.3955
2026-03-24,Maritime,59.9962,35.1614,-48.3955
2026-03-25,Maritime,60.0437,35.3848,-48.3955
2026-03-26,Maritime,60.0912,35.6022,-48.3955
2026-03-27,Maritime,60.1387,35.8136,-48.3955
2026-03-28,Maritime,60.1864,36.0194,-48.3955
2026-03-29,Maritime,60.234,36.2197,-48.3955
2026-03-30,Maritime,60.2818,36.4146,-48.3955
2026-03-31,Maritime,60.3296,36.6044,-48.3955
2026-04-01,Maritime,60.3774,36.7892,-48.3955
2026-04-02,Maritime,60.4253,36.9691,-48.3955
2026-04-03,Maritime,60.4733,37.1444,-48.3955
2026-04-04,Maritime,60.5213,37.3152,-48.3955
2026-04-05,Maritime,60.5694,37.4816,-48.3955
2026-04-06,Maritime,60.6175,37.6437,-48.3955
2026-04-07,Maritime,60.6657,37.8018,-48.3955
2026-04-08,Maritime,60.714,37.9559,-48.3955
2026-04-09,Maritime,60.7623,38.1062,-48.3955
2026-04-10,Maritime,60.8107,38.2527,-48.3955
2026-04-11,Maritime,60.8591,38.3957,-48.3955
2026-04-12,Maritime,60.9076,38.5352,-48.3955
2026-04-13,Maritime,60.9561,38.6713,-48.3955
2026-04-14,Maritime,61.0047,38.8041,-48.3955
2026-04-15,Maritime,61.0534,38.9339,-48.3955
2026-04-16,Maritime,61.1021,39.0605,-48.3955
2026-04-17,Maritime,61.1509,39.1843,-48.3955
2026-04-18,Maritime,61.1997,39.3051,-48.3955
2026-04-19,Maritime,61.2486,39.4233,-48.3955
2026-04-20,Maritime,61.2976,39.5387,-48.3955
2026-04-21,Maritime,61.3466,39.6516,-48.3955
2026-04-22,Maritime,61.3957,39.762,-48.3955
2026-04-23,Maritime,61.4448,39.8699,-48.3955
2026-04-24,Maritime,61.494,39.9755,-48.3955
2026-04-25,Maritime,61.5432,40.0789,-48.3955
2026-04-26,Maritime,61.5926,40.18,-48.3955
2026-04-27,Maritime,61.6419,40.2791,-48.3955
2026-04-28,Maritime,61.6914,40.3761,-48.3955
2026-04-29,Maritime,61.7408,40.4711,-48.3955
2026-04-30,Maritime,61.7904,40.5642,-48.3955
2026-05-01,Maritime,61.84,40.6555,-48.3955
2026-05-02,Maritime,61.8897,40.745,-48.3955
2026-05-03,Maritime,61.9394,40.8327,-48.3955
2026-05-04,Maritime,61.9892,40.9187,-48.3955
2026-05-05,Maritime,62.0391,41.0032,-48.3955
2026-05-06,Maritime,62.089,41.086,-48.3955
2026-05-07,Maritime,62.1389,41.1674,-48.3955
2026-05-08,Maritime,62.189,41.2473,-48.3955
2026-05-09,Maritime,62.2391,41.3257,-48.3955
2026-05-10,Maritime,62.2892,41.4028,-48.3955
2026-05-11,Maritime,62.3394,41.4786,-48.3955
2026-05-12,Maritime,62.3897,41.5531,-48.3955
2026-05-13,Maritime,62.44,41.6263,-48.3955
2026-05-14,Maritime,62.4904,41.6984,-48.3955
2026-05-15,Maritime,62.5409,41.7693,-48.3955
2026-05-16,Maritime,62.5914,41.839,-48.3955
2026-05-17,Maritime,62.642,41.9077,-48.3955
2026-05-18,Maritime,62.6926,41.9754,-48.3955
2026-05-19,Maritime,62.7434,42.042,-48.3955
2026-05-20,Maritime,62.7941,42.1077,-48.3955
2026-05-21,Maritime,62.8449,42.1724,-48.3955
2026-05-22,Maritime,62.8958,42.2361,-48.3955
2026-02-22,Lumber,94.7057,91.6515,-48.3754
2026-02-23,Lumber,94.7171,88.6078,-48.3754
2026-02-24,Lumber,94.7284,85.5634,-48.3754
2026-02-25,Lumber,94.7398,82.5183,-48.3754
2026-02-26,Lumber,94.7513,79.4725,-48.3754
2026-02-27,Lumber,94.7628,76.426,-48.3754
2026-02-28,Lumber,94.7744,73.3789,-48.3754
2026-03-01,Lumber,94.786,70.331,-48.3754
2026-03-02,Lumber,94.7977,67.2824,-48.3754
2026-03-03,Lumber,94.8094,64.2331,-48.3754
2026-03-04,Lumber,94.8212,61.1831,-48.3754
2026-03-05,Lumber,94.833,58.1323,-48.3754
2026-03-06,Lumber,94.8449,55.0808,-48.3754
2026-03-07,Lumber,94.8568,52.0286,-48.3754
2026-03-08,Lumber,94.8688,48.9757,-48.3754
2026-03-09,Lumber,94.8809,49.5085,-48.3754
2026-03-10,Lumber,94.893,50.0243,-48.3754
2026-03-11,Lumber,94.9052,50.5236,-48.3754
2026-03-12,Lumber,94.9174,51.0068,-48.3754
2026-03-13,Lumber,94.9296,51.4745,-48.3754
2026-03-14,Lumber,94.942,51.9273,-48.3754
2026-03-15,Lumber,94.9543,52.3656,-48.3754
2026-03-16,Lumber,94.9668,52.7899,-48.3754
2026-03-17,Lumber,94.9792,53.2006,-48.3754
2026-03-18,Lumber,94.9918,53.5983,-48.3754
2026-03-19,Lumber,95.0044,53.9832,-48.3754
2026-03-20,Lumber,95.017,54.3559,-48.3754
2026-03-21,Lumber,95.0297,54.7168,-48.3754
2026-03-22,Lumber,95.0425,55.0662,-48.3754
2026-03-23,Lumber,95.0553,55.4045,-48.3754
2026-03-24,Lumber,95.0681,55.732,-48.3754
2026-03-25,Lumber,95.0811,56.0492,-48.3754
2026-03-26,Lumber,95.094,56.3564,-48.3754
2026-03-27,Lumber,95.107,56.6538,-48.3754
2026-03-28,Lumber,95.1201,56.9419,-48.3754
2026-03-29,Lumber,95.1333,57.2209,-48.3754
2026-03-30,Lumber,95.1464,57.4911,-48.3754
2026-03-31,Lumber,95.1597,57.7528,-48.3754
2026-04-01,Lumber,95.173,58.0062,-48.3754
2026-04-02,Lumber,95.1863,58.2518,-48.3754
2026-04-03,Lumber,95.1997,58.4896,-48.3754
2026-04-04,Lumber,95.2132,58.7201,-48.3754
2026-04-05,Lumber,95.2267,58.9433,-48.3754
2026-04-06,Lumber,95.2403,59.1596,-48.3754
2026-04-07,Lumber,95.2539,59.3692,-48.3754
2026-04-08,Lumber,95.2676,59.5722,-48.3754
2026-04-09,Lumber,95.2813,59.769,-48.3754
2026-04-10,Lumber,95.2951,59.9597,-48.3754
2026-04-11,Lumber,95.3089,60.1445,-48.3754
2026-04-12,Lumber,95.3228,60.3236,-48.3754
2026-04-13,Lumber,95.3368,60.4973,-48.3754
2026-04-14,Lumber,95.3508,60.6656,-48.3754
2026-04-15,Lumber,95.3649,60.8287,-48.3754
2026-04-16,Lumber,95.379,60.9869,-48.3754
2026-04-17,Lumber,95.3931,61.1403,-48.3754
2026-04-18,Lumber,95.4074,61.289,-48.3754
2026-04-19,Lumber,95.4217,61.4332,-48.3754
2026-04-20,Lumber,95.436,61.573,-48.3754
2026-04-21,Lumber,95.4504,61.7087,-48.3754
2026-04-22,Lumber,95.4648,61.8403,-48.3754
2026-04-23,Lumber,95.4793,61.9679,-48.3754
2026-04-24,Lumber,95.4939,62.0918,-48.3754
2026-04-25,Lumber,95.5085,62.2119,-48.3754
2026-04-26,Lumber,95.5232,62.3285,-48.3754
2026-04-27,Lumber,95.5379,62.4417,-48.3754
2026-04-28,Lumber,95.5527,62.5515,-48.3754
2026-04-29,Lumber,95.5675,62.6582,-48.3754
2026-04-30,Lumber,95.5824,62.7617,-48.3754
2026-05-01,Lumber,95.5973,62.8622,-48.3754
2026-05-02,Lumber,95.6123,62.9598,-48.3754
2026-05-03,Lumber,95.6274,63.0545,-48.3754
2026-05-04,Lumber,95.6425,63.1466,-48.3754
2026-05-05,Lumber,95.6577,63.236,-48.3754
2026-05-06,Lumber,95.6729,63.3229,-48.3754
2026-05-07,Lumber,95.6881,63.4073,-48.3754
2026-05-08,Lumber,95.7035,63.4894,-48.3754
2026-05-09,Lumber,95.7189,63.5692,-48.3754
2026-05-10,Lumber,95.7343,63.6467,-48.3754
2026-05-11,Lumber,95.7498,63.7221,-48.3754
2026-05-12,Lumber,95.7654,63.7954,-48.3754
2026-05-13,Lumber,95.781,63.8667,-48.3754
2026-05-14,Lumber,95.7966,63.9361,-48.3754
2026-05-15,Lumber,95.8124,64.0036,-48.3754
2026-05-16,Lumber,95.8281,64.0692,-48.3754
2026-05-17,Lumber,95.844,64.1332,-48.3754
2026-05-18,Lumber,95.8599,64.1954,-48.3754
2026-05-19,Lumber,95.8758,64.256,-48.3754
2026-05-20,Lumber,95.8918,64.315,-48.3754
2026-05-21,Lumber,95.9079,64.3725,-48.3754
2026-05-22,Lumber,95.924,64.4285,-48.3754
2026-02-22,Metals,101.4526,99.6667,-26.4046
2026-02-23,Metals,101.6416,98.0632,-26.4046
2026-02-24,Metals,101.8311,96.4534,-26.4046
2026-02-25,Metals,102.0209,94.8374,-26.4046
2026-02-26,Metals,102.2112,93.2151,-26.4046
2026-02-27,Metals,102.4019,91.5864,-26.4046
2026-02-28,Metals,102.5931,89.9514,-26.4046
2026-03-01,Metals,102.7846,88.31,-26.4046
2026-03-02,Metals,102.9766,86.6623,-26.4046
2026-03-03,Metals,103.169,85.0081,-26.4046
2026-03-04,Metals,103.3618,83.3475,-26.4046
2026-03-05,Metals,103.5551,81.6804,-26.4046
2026-03-06,Metals,103.7488,80.0069,-26.4046
2026-03-07,Metals,103.9429,78.3269,-26.4046
2026-03-08,Metals,104.1375,76.6404,-26.4046
2026-03-09,Metals,104.3325,77.1,-26.4046
2026-03-10,Metals,104.5279,77.5507,-26.4046
2026-03-11,Metals,104.7237,77.9929,-26.4046
2026-03-12,Metals,104.92,78.4267,-26.4046
2026-03-13,Metals,105.1168,78.8525,-26.4046
2026-03-14,Metals,105.3139,79.2705,-26.4046
2026-03-15,Metals,105.5116,79.6809,-26.4046
2026-03-16,Metals,105.7096,80.0841,-26.4046
2026-03-17,Metals,105.9081,80.4803,-26.4046
2026-03-18,Metals,106.107,80.8696,-26.4046
2026-03-19,Metals,106.3064,81.2523,-26.4046
2026-03-20,Metals,106.5062,81.6287,-26.4046
2026-03-21,Metals,106.7065,81.9989,-26.4046
2026-03-22,Metals,106.9072,82.3631,-26.4046
2026-03-23,Metals,107.1084,82.7216,-26.4046
2026-03-24,Metals,107.31,83.0745,-26.4046
2026-03-25,Metals,107.5121,83.4221,-26.4046
2026-03-26,Metals,107.7146,83.7644,-26.4046
2026-03-27,Metals,107.9176,84.1016,-26.4046
2026-03-28,Metals,108.121,84.4341,-26.4046
2026-03-29,Metals,108.3249,84.7618,-26.4046
2026-03-30,Metals,108.5292,85.0849,-26.4046
2026-03-31,Metals,108.734,85.4037,-26.4046
2026-04-01,Metals,108.9392,85.7183,-26.4046
2026-04-02,Metals,109.1449,86.0287,-26.4046
2026-04-03,Metals,109.3511,86.3352,-26.4046
2026-04-04,Metals,109.5577,86.6379,-26.4046
2026-04-05,Metals,109.7648,86.9368,-26.4046
2026-04-06,Metals,109.9724,87.2322,-26.4046
2026-04-07,Metals,110.1804,87.5242,-26.4046
2026-04-08,Metals,110.3889,87.8129,-26.4046
2026-04-09,Metals,110.5978,88.0983,-26.4046
2026-04-10,Metals,110.8072,88.3807,-26.4046
2026-04-11,Metals,111.0171,88.66,-26.4046
2026-04-12,Metals,111.2275,88.9365,-26.4046
2026-04-13,Metals,111.4383,89.2102,-26.4046
2026-04-14,Metals,111.6496,89.4813,-26.4046
2026-04-15,Metals,111.8614,89.7497,-26.4046
2026-04-16,Metals,112.0736,90.0157,-26.4046
2026-04-17,Metals,112.2864,90.2793,-26.4046
2026-04-18,Metals,112.4996,90.5406,-26.4046
2026-04-19,Metals,112.7132,90.7996,-26.4046
2026-04-20,Metals,112.9274,91.0565,-26.4046
2026-04-21,Metals,113.142,91.3113,-26.4046
2026-04-22,Metals,113.3572,91.5642,-26.4046
2026-04-23,Metals,113.5728,91.8151,-26.4046
2026-04-24,Metals,113.7889,92.0642,-26.4046
2026-04-25,Metals,114.0054,92.3115,-26.4046
2026-04-26,Metals,114.2225,92.5572,-26.4046
2026-04-27,Metals,114.4401,92.8012,-26.4046
2026-04-28,Metals,114.6581,93.0436,-26.4046
2026-04-29,Metals,114.8766,93.2845,-26.4046
2026-04-30,Metals,115.0957,93.524,-26.4046
2026-05-01,Metals,115.3152,93.7621,-26.4046
2026-05-02,Metals,115.5352,93.9988,-26.4046
2026-05-03,Metals,115.7557,94.2343,-26.4046
2026-05-04,Metals,115.9767,94.4685,-26.4046
2026-05-05,Metals,116.1982,94.7016,-26.4046
2026-05-06,Metals,116.4202,94.9336,-26.4046
2026-05-07,Metals,116.6427,95.1644,-26.4046
2026-05-08,Metals,116.8657,95.3943,-26.4046
2026-05-09,Metals,117.0892,95.6232,-26.4046
2026-05-10,Metals,117.3132,95.8511,-26.4046
2026-05-11,Metals,117.5377,96.0781,-26.4046
2026-05-12,Metals,117.7627,96.3043,-26.4046
2026-05-13,Metals,117.9882,96.5297,-26.4046
2026-05-14,Metals,118.2142,96.7543,-26.4046
2026-05-15,Metals,118.4408,96.9782,-26.4046
2026-05-16,Metals,118.6678,97.2014,-26.4046
2026-05-17,Metals,118.8954,97.4239,-26.4046
2026-05-18,Metals,119.1235,97.6458,-26.4046
2026-05-19,Metals,119.3521,97.8671,-26.4046
2026-05-20,Metals,119.5812,98.0878,-26.4046
2026-05-21,Metals,119.8108,98.308,-26.4046
2026-05-22,Metals,120.0409,98.5277,-26.4046
2026-02-22,Steel_Aluminum,132.9297,131.6477,-14.4666
2026-02-23,Steel_Aluminum,133.0466,130.4803,-14.4666
2026-02-24,Steel_Aluminum,133.1636,129.3107,-14.4666
2026-02-25,Steel_Aluminum,133.2808,128.1391,-14.4666
2026-02-26,Steel_Aluminum,133.3981,126.9654,-14.4666
2026-02-27,Steel_Aluminum,133.5156,125.7896,-14.4666
2026-02-28,Steel_Aluminum,133.6333,124.6116,-14.4666
2026-03-01,Steel_Aluminum,133.7511,123.4315,-14.4666
2026-03-02,Steel_Aluminum,133.8691,122.2493,-14.4666
2026-03-03,Steel_Aluminum,133.9872,121.065,-14.4666
2026-03-04,Steel_Aluminum,134.1055,119.8785,-14.4666
2026-03-05,Steel_Aluminum,134.224,118.6899,-14.4666
2026-03-06,Steel_Aluminum,134.3426,117.4991,-14.4666
2026-03-07,Steel_Aluminum,134.4614,116.3062,-14.4666
2026-03-08,Steel_Aluminum,134.5804,115.1112,-14.4666
2026-03-09,Steel_Aluminum,134.6995,115.4366,-14.4666
2026-03-10,Steel_Aluminum,134.8188,115.7553,-14.4666
2026-03-11,Steel_Aluminum,134.9382,116.0674,-14.4666
2026-03-12,Steel_Aluminum,135.0578,116.3731,-14.4666
2026-03-13,Steel_Aluminum,135.1776,116.6727,-14.4666
2026-03-14,Steel_Aluminum,135.2975,116.9663,-14.4666
2026-03-15,Steel_Aluminum,135.4176,117.2542,-14.4666
2026-03-16,Steel_Aluminum,135.5379,117.5365,-14.4666
2026-03-17,Steel_Aluminum,135.6583,117.8134,-14.4666
2026-03-18,Steel_Aluminum,135.7789,118.0851,-14.4666
2026-03-19,Steel_Aluminum,135.8996,118.3518,-14.4666
2026-03-20,Steel_Aluminum,136.0205,118.6135,-14.4666
2026-03-21,Steel_Aluminum,136.1416,118.8706,-14.4666
2026-03-22,Steel_Aluminum,136.2629,119.1231,-14.4666
2026-03-23,Steel_Aluminum,136.3843,119.3713,-14.4666
2026-03-24,Steel_Aluminum,136.5059,119.6151,-14.4666
2026-03-25,Steel_Aluminum,136.6276,119.8548,-14.4666
2026-03-26,Steel_Aluminum,136.7496,120.0906,-14.4666
2026-03-27,Steel_Aluminum,136.8716,120.3225,-14.4666
2026-03-28,Steel_Aluminum,136.9939,120.5507,-14.4666
2026-03-29,Steel_Aluminum,137.1163,120.7753,-14.4666
2026-03-30,Steel_Aluminum,137.2389,120.9964,-14.4666
2026-03-31,Steel_Aluminum,137.3617,121.2141,-14.4666
2026-04-01,Steel_Aluminum,137.4846,121.4286,-14.4666
2026-04-02,Steel_Aluminum,137.6077,121.64,-14.4666
2026-04-03,Steel_Aluminum,137.731,121.8483,-14.4666
2026-04-04,Steel_Aluminum,137.8544,122.0537,-14.4666
2026-04-05,Steel_Aluminum,137.978,122.2563,-14.4666
2026-04-06,Steel_Aluminum,138.1018,122.4561,-14.4666
2026-04-07,Steel_Aluminum,138.2258,122.6533,-14.4666
2026-04-08,Steel_Aluminum,138.3499,122.8479,-14.4666
2026-04-09,Steel_Aluminum,138.4742,123.0401,-14.4666
2026-04-10,Steel_Aluminum,138.5987,123.2299,-14.4666
2026-04-11,Steel_Aluminum,138.7233,123.4173,-14.4666
2026-04-12,Steel_Aluminum,138.8481,123.6026,-14.4666
2026-04-13,Steel_Aluminum,138.9731,123.7857,-14.4666
2026-04-14,Steel_Aluminum,139.0983,123.9667,-14.4666
2026-04-15,Steel_Aluminum,139.2236,124.1457,-14.4666
2026-04-16,Steel_Aluminum,139.3491,124.3228,-14.4666
2026-04-17,Steel_Aluminum,139.4748,124.498,-14.4666
2026-04-18,Steel_Aluminum,139.6007,124.6715,-14.4666
2026-04-19,Steel_Aluminum,139.7267,124.8432,-14.4666
2026-04-20,Steel_Aluminum,139.8529,125.0132,-14.4666
2026-04-21,Steel_Aluminum,139.9793,125.1816,-14.4666
2026-04-22,Steel_Aluminum,140.1058,125.3484,-14.4666
2026-04-23,Steel_Aluminum,140.2326,125.5137,-14.4666
2026-04-24,Steel_Aluminum,140.3595,125.6776,-14.4666
2026-04-25,Steel_Aluminum,140.4866,125.8401,-14.4666
2026-04-26,Steel_Aluminum,140.6138,126.0012,-14.4666
2026-04-27,Steel_Aluminum,140.7413,126.161,-14.4666
2026-04-28,Steel_Aluminum,140.8689,126.3196,-14.4666
2026-04-29,Steel_Aluminum,140.9967,126.4769,-14.4666
2026-04-30,Steel_Aluminum,141.1247,126.6331,-14.4666
2026-05-01,Steel_Aluminum,141.2528,126.7882,-14.4666
2026-05-02,Steel_Aluminum,141.3812,126.9422,-14.4666
2026-05-03,Steel_Aluminum,141.5097,127.0951,-14.4666
2026-05-04,Steel_Aluminum,141.6384,127.2471,-14.4666
2026-05-05,Steel_Aluminum,141.7672,127.398,-14.4666
2026-05-06,Steel_Aluminum,141.8963,127.5481,-14.4666
2026-05-07,Steel_Aluminum,142.0255,127.6972,-14.4666
2026-05-08,Steel_Aluminum,142.155,127.8455,-14.4666
2026-05-09,Steel_Aluminum,142.2845,127.993,-14.4666
2026-05-10,Steel_Aluminum,142.4143,128.1397,-14.4666
2026-05-11,Steel_Aluminum,142.5443,128.2856,-14.4666
2026-05-12,Steel_Aluminum,142.6744,128.4308,-14.4666
2026-05-13,Steel_Aluminum,142.8048,128.5752,-14.4666
2026-05-14,Steel_Aluminum,142.9353,128.719,-14.4666
2026-05-15,Steel_Aluminum,143.066,128.8622,-14.4666
2026-05-16,Steel_Aluminum,143.1968,129.0047,-14.4666
2026-05-17,Steel_Aluminum,143.3279,129.1466,-14.4666
2026-05-18,Steel_Aluminum,143.4591,129.288,-14.4666
2026-05-19,Steel_Aluminum,143.5906,129.4288,-14.4666
2026-05-20,Steel_Aluminum,143.7222,129.569,-14.4666
2026-05-21,Steel_Aluminum,143.854,129.7088,-14.4666
2026-05-22,Steel_Aluminum,143.986,129.8481,-14.4666
2026-02-22,Pharmaceuticals,230.1774,233.9474,24.568
2026-02-23,Pharmaceuticals,230.3369,237.8821,24.568
2026-02-24,Pharmaceuticals,230.4967,241.8223,24.568
2026-02-25,Pharmaceuticals,230.6566,245.7679,24.568
2026-02-26,Pharmaceuticals,230.8166,249.719,24.568
2026-02-27,Pharmaceuticals,230.9769,253.6755,24.568
2026-02-28,Pharmaceuticals,231.1374,257.6374,24.568
2026-03-01,Pharmaceuticals,231.298,261.6048,24.568
2026-03-02,Pharmaceuticals,231.4588,265.5776,24.568
2026-03-03,Pharmaceuticals,231.6198,269.556,24.568
2026-03-04,Pharmaceuticals,231.7809,273.5398,24.568
2026-03-05,Pharmaceuticals,231.9423,277.5291,24.568
2026-03-06,Pharmaceuticals,232.1038,281.5239,24.568
2026-03-07,Pharmaceuticals,232.2655,285.5243,24.568
2026-03-08,Pharmaceuticals,232.4273,289.5301,24.568
2026-03-09,Pharmaceuticals,232.5894,289.0763,24.568
2026-03-10,Pharmaceuticals,232.7516,288.6433,24.568
2026-03-11,Pharmaceuticals,232.9141,288.2305,24.568
2026-03-12,Pharmaceuticals,233.0767,287.8372,24.568
2026-03-13,Pharmaceuticals,233.2394,287.4628,24.568
2026-03-14,Pharmaceuticals,233.4024,287.1067,24.568
2026-03-15,Pharmaceuticals,233.5655,286.7683,24.568
2026-03-16,Pharmaceuticals,233.7289,286.447,24.568
2026-03-17,Pharmaceuticals,233.8924,286.1424,24.568
2026-03-18,Pharmaceuticals,234.056,285.8538,24.568
2026-03-19,Pharmaceuticals,234.2199,285.5808,24.568
2026-03-20,Pharmaceuticals,234.3839,285.3229,24.568
2026-03-21,Pharmaceuticals,234.5482,285.0797,24.568
2026-03-22,Pharmaceuticals,234.7126,284.8505,24.568
2026-03-23,Pharmaceuticals,234.8772,284.635,24.568
2026-03-24,Pharmaceuticals,235.0419,284.4328,24.568
2026-03-25,Pharmaceuticals,235.2069,284.2435,24.568
2026-03-26,Pharmaceuticals,235.372,284.0665,24.568
2026-03-27,Pharmaceuticals,235.5373,283.9016,24.568
2026-03-28,Pharmaceuticals,235.7028,283.7484,24.568
2026-03-29,Pharmaceuticals,235.8685,283.6065,24.568
2026-03-30,Pharmaceuticals,236.0344,283.4755,24.568
2026-03-31,Pharmaceuticals,236.2004,283.3551,24.568
2026-04-01,Pharmaceuticals,236.3666,283.245,24.568
2026-04-02,Pharmaceuticals,236.533,283.1448,24.568
2026-04-03,Pharmaceuticals,236.6996,283.0542,24.568
2026-04-04,Pharmaceuticals,236.8664,282.9729,24.568
2026-04-05,Pharmaceuticals,237.0333,282.9007,24.568
2026-04-06,Pharmaceuticals,237.2005,282.8372,24.568
2026-04-07,Pharmaceuticals,237.3678,282.7823,24.568
2026-04-08,Pharmaceuticals,237.5353,282.7355,24.568
2026-04-09,Pharmaceuticals,237.703,282.6966,24.568
2026-04-10,Pharmaceuticals,237.8709,282.6655,24.568
2026-04-11,Pharmaceuticals,238.0389,282.6418,24.568
2026-04-12,Pharmaceuticals,238.2072,282.6254,24.568
2026-04-13,Pharmaceuticals,238.3756,282.616,24.568
2026-04-14,Pharmaceuticals,238.5442,282.6133,24.568
2026-04-15,Pharmaceuticals,238.713,282.6173,24.568
2026-04-16,Pharmaceuticals,238.882,282.6276,24.568
2026-04-17,Pharmaceuticals,239.0511,282.6441,24.568
2026-04-18,Pharmaceuticals,239.2205,282.6665,24.568
2026-04-19,Pharmaceuticals,239.39,282.6948,24.568
2026-04-20,Pharmaceuticals,239.5597,282.7287,24.568
2026-04-21,Pharmaceuticals,239.7296,282.768,24.568
2026-04-22,Pharmaceuticals,239.8997,282.8126,24.568
2026-04-23,Pharmaceuticals,240.07,282.8623,24.568
2026-04-24,Pharmaceuticals,240.2404,282.917,24.568
2026-04-25,Pharmaceuticals,240.4111,282.9765,24.568
2026-04-26,Pharmaceuticals,240.5819,283.0407,24.568
2026-04-27,Pharmaceuticals,240.7529,283.1093,24.568
2026-04-28,Pharmaceuticals,240.9241,283.1824,24.568
2026-04-29,Pharmaceuticals,241.0955,283.2597,24.568
2026-04-30,Pharmaceuticals,241.2671,283.3411,24.568
2026-05-01,Pharmaceuticals,241.4389,283.4265,24.568
2026-05-02,Pharmaceuticals,241.6108,283.5157,24.568
2026-05-03,Pharmaceuticals,241.7829,283.6087,24.568
2026-05-04,Pharmaceuticals,241.9553,283.7054,24.568
2026-05-05,Pharmaceuticals,242.1278,283.8056,24.568
2026-05-06,Pharmaceuticals,242.3005,283.9092,24.568
2026-05-07,Pharmaceuticals,242.4733,284.0161,24.568
2026-05-08,Pharmaceuticals,242.6464,284.1262,24.568
2026-05-09,Pharmaceuticals,242.8197,284.2395,24.568
2026-05-10,Pharmaceuticals,242.9931,284.3558,24.568
2026-05-11,Pharmaceuticals,243.1667,284.4751,24.568
2026-05-12,Pharmaceuticals,243.3406,284.5972,24.568
2026-05-13,Pharmaceuticals,243.5146,284.722,24.568
2026-05-14,Pharmaceuticals,243.6888,284.8496,24.568
2026-05-15,Pharmaceuticals,243.8631,284.9798,24.568
2026-05-16,Pharmaceuticals,244.0377,285.1125,24.568
2026-05-17,Pharmaceuticals,244.2125,285.2476,24.568
2026-05-18,Pharmaceuticals,244.3874,285.3852,24.568
2026-05-19,Pharmaceuticals,244.5626,285.525,24.568
2026-05-20,Pharmaceuticals,244.7379,285.6671,24.568
2026-05-21,Pharmaceuticals,244.9134,285.8114,24.568
2026-05-22,Pharmaceuticals,245.0891,285.9578,24.568
2026-02-22,Energy,99.5051,101.8233,34.9462
2026-02-23,Energy,99.5537,104.1924,34.9462
2026-02-24,Energy,99.6024,106.5639,34.9462
2026-02-25,Energy,99.6511,108.9376,34.9462
2026-02-26,Energy,99.6999,111.3136,34.9462
2026-02-27,Energy,99.7487,113.692,34.9462
2026-02-28,Energy,99.7975,116.0727,34.9462
2026-03-01,Energy,99.8463,118.4557,34.9462
2026-03-02,Energy,99.8952,120.841,34.9462
2026-03-03,Energy,99.9442,123.2286,34.9462
2026-03-04,Energy,99.9932,125.6186,34.9462
2026-03-05,Energy,100.0422,128.0109,34.9462
2026-03-06,Energy,100.0912,130.4055,34.9462
2026-03-07,Energy,100.1403,132.8025,34.9462
2026-03-08,Energy,100.1894,135.2018,34.9462
2026-03-09,Energy,100.2386,134.8662,34.9462
2026-03-10,Energy,100.2878,134.5435,34.9462
2026-03-11,Energy,100.337,134.2331,34.9462
2026-03-12,Energy,100.3863,133.9348,34.9462
2026-03-13,Energy,100.4356,133.6481,34.9462
2026-03-14,Energy,100.4849,133.3727,34.9462
2026-03-15,Energy,100.5343,133.1082,34.9462
2026-03-16,Energy,100.5838,132.8543,34.9462
2026-03-17,Energy,100.6332,132.6105,34.9462
2026-03-18,Energy,100.6827,132.3767,34.9462
2026-03-19,Energy,100.7323,132.1524,34.9462
2026-03-20,Energy,100.7818,131.9374,34.9462
2026-03-21,Energy,100.8314,131.7313,34.9462
2026-03-22,Energy,100.8811,131.5339,34.9462
2026-03-23,Energy,100.9308,131.3449,34.9462
2026-03-24,Energy,100.9805,131.164,34.9462
2026-03-25,Energy,101.0303,130.991,34.9462
2026-03-26,Energy,101.0801,130.8256,34.9462
2026-03-27,Energy,101.1299,130.6675,34.9462
2026-03-28,Energy,101.1798,130.5166,34.9462
2026-03-29,Energy,101.2297,130.3726,34.9462
2026-03-30,Energy,101.2797,130.2353,34.9462
2026-03-31,Energy,101.3297,130.1044,34.9462
2026-04-01,Energy,101.3797,129.9798,34.9462
2026-04-02,Energy,101.4298,129.8612,34.9462
2026-04-03,Energy,101.4799,129.7485,34.9462
2026-04-04,Energy,101.53,129.6415,34.9462
2026-04-05,Energy,101.5802,129.54,34.9462
2026-04-06,Energy,101.6305,129.4438,34.9462
2026-04-07,Energy,101.6807,129.3527,34.9462
2026-04-08,Energy,101.731,129.2667,34.9462
2026-04-09,Energy,101.7814,129.1854,34.9462
2026-04-10,Energy,101.8317,129.1088,34.9462
2026-04-11,Energy,101.8822,129.0368,34.9462
2026-04-12,Energy,101.9326,128.9691,34.9462
2026-04-13,Energy,101.9831,128.9056,34.9462
2026-04-14,Energy,102.0336,128.8463,34.9462
2026-04-15,Energy,102.0842,128.7909,34.9462
2026-04-16,Energy,102.1348,128.7393,34.9462
2026-04-17,Energy,102.1855,128.6915,34.9462
2026-04-18,Energy,102.2362,128.6473,34.9462
2026-04-19,Energy,102.2869,128.6065,34.9462
2026-04-20,Energy,102.3377,128.5692,34.9462
2026-04-21,Energy,102.3885,128.5351,34.9462
2026-04-22,Energy,102.4393,128.5041,34.9462
2026-04-23,Energy,102.4902,128.4763,34.9462
2026-04-24,Energy,102.5411,128.4514,34.9462
2026-04-25,Energy,102.5921,128.4293,34.9462
2026-04-26,Energy,102.6431,128.4101,34.9462
2026-04-27,Energy,102.6941,128.3935,34.9462
2026-04-28,Energy,102.7452,128.3796,34.9462
2026-04-29,Energy,102.7963,128.3681,34.9462
2026-04-30,Energy,102.8475,128.3591,34.9462
2026-05-01,Energy,102.8987,128.3525,34.9462
2026-05-02,Energy,102.9499,128.3482,34.9462
2026-05-03,Energy,103.0012,128.3461,34.9462
2026-05-04,Energy,103.0525,128.3461,34.9462
2026-05-05,Energy,103.1038,128.3483,34.9462
2026-05-06,Energy,103.1552,128.3524,34.9462
2026-05-07,Energy,103.2067,128.3585,34.9462
2026-05-08,Energy,103.2581,128.3665,34.9462
2026-05-09,Energy,103.3097,128.3763,34.9462
2026-05-10,Energy,103.3612,128.3879,34.9462
2026-05-11,Energy,103.4128,128.4012,34.9462
2026-05-12,Energy,103.4644,128.4161,34.9462
2026-05-13,Energy,103.5161,128.4327,34.9462
2026-05-14,Energy,103.5678,128.4509,34.9462
2026-05-15,Energy,103.6196,128.4705,34.9462
2026-05-16,Energy,103.6713,128.4916,34.9462
2026-05-17,Energy,103.7232,128.5142,34.9462
2026-05-18,Energy,103.775,128.5381,34.9462
2026-05-19,Energy,103.827,128.5633,34.9462
2026-05-20,Energy,103.8789,128.5899,34.9462
2026-05-21,Energy,103.9309,128.6177,34.9462
2026-05-22,Energy,103.9829,128.6467,34.9462
2026-02-22,Aerospace,285.1906,295.8666,56.1523
2026-02-23,Aerospace,285.3939,306.7612,56.1523
2026-02-24,Aerospace,285.5974,317.6713,56.1523
2026-02-25,Aerospace,285.8012,328.5969,56.1523
2026-02-26,Aerospace,286.0052,339.538,56.1523
2026-02-27,Aerospace,286.2094,350.4946,56.1523
2026-02-28,Aerospace,286.4138,361.4669,56.1523
2026-03-01,Aerospace,286.6185,372.4547,56.1523
2026-03-02,Aerospace,286.8235,383.4582,56.1523
2026-03-03,Aerospace,287.0286,394.4774,56.1523
2026-03-04,Aerospace,287.234,405.5122,56.1523
2026-03-05,Aerospace,287.4396,416.5628,56.1523
2026-03-06,Aerospace,287.6455,427.6291,56.1523
2026-03-07,Aerospace,287.8516,438.7112,56.1523
2026-03-08,Aerospace,288.0579,449.8091,56.1523
2026-03-09,Aerospace,288.2645,448.2743,56.1523
2026-03-10,Aerospace,288.4713,446.7982,56.1523
2026-03-11,Aerospace,288.6783,445.3788,56.1523
2026-03-12,Aerospace,288.8856,444.0144,56.1523
2026-03-13,Aerospace,289.0931,442.7032,56.1523
2026-03-14,Aerospace,289.3009,441.4435,56.1523
2026-03-15,Aerospace,289.5089,440.2337,56.1523
2026-03-16,Aerospace,289.7171,439.0721,56.1523
2026-03-17,Aerospace,289.9255,437.9572,56.1523
2026-03-18,Aerospace,290.1342,436.8876,56.1523
2026-03-19,Aerospace,290.3432,435.8618,56.1523
2026-03-20,Aerospace,290.5523,434.8784,56.1523
2026-03-21,Aerospace,290.7618,433.9361,56.1523
2026-03-22,Aerospace,290.9714,433.0335,56.1523
2026-03-23,Aerospace,291.1813,432.1693,56.1523
2026-03-24,Aerospace,291.3914,431.3425,56.1523
2026-03-25,Aerospace,291.6018,430.5517,56.1523
2026-03-26,Aerospace,291.8124,429.7958,56.1523
2026-03-27,Aerospace,292.0233,429.0738,56.1523
2026-03-28,Aerospace,292.2344,428.3844,56.1523
2026-03-29,Aerospace,292.4457,427.7268,56.1523
2026-03-30,Aerospace,292.6573,427.0999,56.1523
2026-03-31,Aerospace,292.8691,426.5027,56.1523
2026-04-01,Aerospace,293.0812,425.9343,56.1523
2026-04-02,Aerospace,293.2935,425.3937,56.1523
2026-04-03,Aerospace,293.506,424.8801,56.1523
2026-04-04,Aerospace,293.7188,424.3927,56.1523
2026-04-05,Aerospace,293.9319,423.9305,56.1523
2026-04-06,Aerospace,294.1451,423.4928,56.1523
2026-04-07,Aerospace,294.3587,423.0789,56.1523
2026-04-08,Aerospace,294.5724,422.6879,56.1523
2026-04-09,Aerospace,294.7864,422.3192,56.1523
2026-04-10,Aerospace,295.0007,421.972,56.1523
2026-04-11,Aerospace,295.2152,421.6456,56.1523
2026-04-12,Aerospace,295.4299,421.3395,56.1523
2026-04-13,Aerospace,295.6449,421.0529,56.1523
2026-04-14,Aerospace,295.8602,420.7853,56.1523
2026-04-15,Aerospace,296.0757,420.5361,56.1523
2026-04-16,Aerospace,296.2914,420.3046,56.1523
2026-04-17,Aerospace,296.5074,420.0903,56.1523
2026-04-18,Aerospace,296.7236,419.8927,56.1523
2026-04-19,Aerospace,296.9401,419.7112,56.1523
2026-04-20,Aerospace,297.1568,419.5454,56.1523
2026-04-21,Aerospace,297.3738,419.3948,56.1523
2026-04-22,Aerospace,297.591,419.2588,56.1523
2026-04-23,Aerospace,297.8085,419.137,56.1523
2026-04-24,Aerospace,298.0262,419.029,56.1523
2026-04-25,Aerospace,298.2441,418.9344,56.1523
2026-04-26,Aerospace,298.4624,418.8527,56.1523
2026-04-27,Aerospace,298.6808,418.7835,56.1523
2026-04-28,Aerospace,298.8995,418.7264,56.1523
2026-04-29,Aerospace,299.1185,418.6811,56.1523
2026-04-30,Aerospace,299.3377,418.6471,56.1523
2026-05-01,Aerospace,299.5572,418.6242,56.1523
2026-05-02,Aerospace,299.7769,418.612,56.1523
2026-05-03,Aerospace,299.9969,418.6101,56.1523
2026-05-04,Aerospace,300.2171,418.6183,56.1523
2026-05-05,Aerospace,300.4376,418.6362,56.1523
2026-05-06,Aerospace,300.6584,418.6636,56.1523
2026-05-07,Aerospace,300.8794,418.7,56.1523
2026-05-08,Aerospace,301.1006,418.7454,56.1523
2026-05-09,Aerospace,301.3221,418.7993,56.1523
2026-05-10,Aerospace,301.5439,418.8615,56.1523
2026-05-11,Aerospace,301.7659,418.9318,56.1523
2026-05-12,Aerospace,301.9881,419.0099,56.1523
2026-05-13,Aerospace,302.2106,419.0956,56.1523
2026-05-14,Aerospace,302.4334,419.1886,56.1523
2026-05-15,Aerospace,302.6564,419.2887,56.1523
2026-05-16,Aerospace,302.8797,419.3958,56.1523
2026-05-17,Aerospace,303.1033,419.5095,56.1523
2026-05-18,Aerospace,303.3271,419.6298,56.1523
2026-05-19,Aerospace,303.5511,419.7563,56.1523
2026-05-20,Aerospace,303.7755,419.8889,56.1523
2026-05-21,Aerospace,304.0,420.0275,56.1523
2026-05-22,Aerospace,304.2249,420.1718,56.1523
2026-02-22,Automotive,73.6062,77.2719,74.7021
2026-02-23,Automotive,73.637,80.9714,74.7021
2026-02-24,Automotive,73.6678,84.674,74.7021
2026-02-25,Automotive,73.6986,88.3798,74.7021
2026-02-26,Automotive,73.7295,92.0886,74.7021
2026-02-27,Automotive,73.7604,95.8006,74.7021
2026-02-28,Automotive,73.7913,99.5157,74.7021
2026-03-01,Automotive,73.8223,103.234,74.7021
2026-03-02,Automotive,73.8533,106.9553,74.7021
2026-03-03,Automotive,73.8844,110.6799,74.7021
2026-03-04,Automotive,73.9155,114.4076,74.7021
2026-03-05,Automotive,73.9467,118.1384,74.7021
2026-03-06,Automotive,73.9778,121.8724,74.7021
2026-03-07,Automotive,74.009,125.6096,74.7021
2026-03-08,Automotive,74.0403,129.35,74.7021
2026-03-09,Automotive,74.0716,128.7697,74.7021
2026-03-10,Automotive,74.1029,128.2098,74.7021
2026-03-11,Automotive,74.1343,127.6696,74.7021
2026-03-12,Automotive,74.1657,127.1485,74.7021
2026-03-13,Automotive,74.1972,126.6458,74.7021
2026-03-14,Automotive,74.2286,126.161,74.7021
2026-03-15,Automotive,74.2602,125.6934,74.7021
2026-03-16,Automotive,74.2917,125.2426,74.7021
2026-03-17,Automotive,74.3233,124.8079,74.7021
2026-03-18,Automotive,74.355,124.3889,74.7021
2026-03-19,Automotive,74.3866,123.985,74.7021
2026-03-20,Automotive,74.4184,123.5958,74.7021
2026-03-21,Automotive,74.4501,123.2208,74.7021
2026-03-22,Automotive,74.4819,122.8595,74.7021
2026-03-23,Automotive,74.5138,122.5115,74.7021
2026-03-24,Automotive,74.5456,122.1763,74.7021
2026-03-25,Automotive,74.5775,121.8536,74.7021
2026-03-26,Automotive,74.6095,121.5429,74.7021
2026-03-27,Automotive,74.6415,121.2439,74.7021
2026-03-28,Automotive,74.6735,120.9562,74.7021
2026-03-29,Automotive,74.7056,120.6794,74.7021
2026-03-30,Automotive,74.7377,120.4131,74.7021
2026-03-31,Automotive,74.7698,120.1571,74.7021
2026-04-01,Automotive,74.802,119.9109,74.7021
2026-04-02,Automotive,74.8342,119.6744,74.7021
2026-04-03,Automotive,74.8665,119.4471,74.7021
2026-04-04,Automotive,74.8988,119.2287,74.7021
2026-04-05,Automotive,74.9312,119.0191,74.7021
2026-04-06,Automotive,74.9635,118.8178,74.7021
2026-04-07,Automotive,74.996,118.6247,74.7021
2026-04-08,Automotive,75.0284,118.4395,74.7021
2026-04-09,Automotive,75.0609,118.2619,74.7021
2026-04-10,Automotive,75.0935,118.0916,74.7021
2026-04-11,Automotive,75.126,117.9285,74.7021
2026-04-12,Automotive,75.1586,117.7723,74.7021
2026-04-13,Automotive,75.1913,117.6227,74.7021
2026-04-14,Automotive,75.224,117.4797,74.7021
2026-04-15,Automotive,75.2567,117.3429,74.7021
2026-04-16,Automotive,75.2895,117.2121,74.7021
2026-04-17,Automotive,75.3223,117.0873,74.7021
2026-04-18,Automotive,75.3552,116.9681,74.7021
2026-04-19,Automotive,75.3881,116.8544,74.7021
2026-04-20,Automotive,75.421,116.746,74.7021
2026-04-21,Automotive,75.454,116.6428,74.7021
2026-04-22,Automotive,75.487,116.5446,74.7021
2026-04-23,Automotive,75.52,116.4512,74.7021
2026-04-24,Automotive,75.5531,116.3624,74.7021
2026-04-25,Automotive,75.5863,116.2782,74.7021
2026-04-26,Automotive,75.6194,116.1984,74.7021
2026-04-27,Automotive,75.6527,116.1228,74.7021
2026-04-28,Automotive,75.6859,116.0513,74.7021
2026-04-29,Automotive,75.7192,115.9838,74.7021
2026-04-30,Automotive,75.7525,115.9201,74.7021
2026-05-01,Automotive,75.7859,115.8602,74.7021
2026-05-02,Automotive,75.8193,115.8038,74.7021
2026-05-03,Automotive,75.8528,115.7509,74.7021
2026-05-04,Automotive,75.8863,115.7015,74.7021
2026-05-05,Automotive,75.9198,115.6553,74.7021
2026-05-06,Automotive,75.9534,115.6122,74.7021
2026-05-07,Automotive,75.987,115.5723,74.7021
2026-05-08,Automotive,76.0206,115.5353,74.7021
2026-05-09,Automotive,76.0543,115.5011,74.7021
2026-05-10,Automotive,76.0881,115.4698,74.7021
2026-05-11,Automotive,76.1218,115.4411,74.7021
2026-05-12,Automotive,76.1557,115.4151,74.7021
2026-05-13,Automotive,76.1895,115.3916,74.7021
2026-05-14,Automotive,76.2234,115.3705,74.7021
2026-05-15,Automotive,76.2573,115.3518,74.7021
2026-05-16,Automotive,76.2913,115.3355,74.7021
2026-05-17,Automotive,76.3253,115.3213,74.7021
2026-05-18,Automotive,76.3594,115.3093,74.7021
2026-05-19,Automotive,76.3935,115.2993,74.7021
2026-05-20,Automotive,76.4276,115.2914,74.7021
2026-05-21,Automotive,76.4618,115.2855,74.7021
2026-05-22,Automotive,76.496,115.2814,74.7021
2026-02-22,Agriculture,94.9908,101.9009,109.1177
2026-02-23,Agriculture,95.0427,108.8705,109.1177
2026-02-24,Agriculture,95.0946,115.8476,109.1177
2026-02-25,Agriculture,95.1467,122.8325,109.1177
2026-02-26,Agriculture,95.1987,129.825,109.1177
2026-02-27,Agriculture,95.2509,136.8252,109.1177
2026-02-28,Agriculture,95.3032,143.833,109.1177
2026-03-01,Agriculture,95.3555,150.8486,109.1177
2026-03-02,Agriculture,95.4079,157.872,109.1177
2026-03-03,Agriculture,95.4603,164.903,109.1177
2026-03-04,Agriculture,95.5128,171.9419,109.1177
2026-03-05,Agriculture,95.5654,178.9885,109.1177
2026-03-06,Agriculture,95.6181,186.0429,109.1177
2026-03-07,Agriculture,95.6709,193.1051,109.1177
2026-03-08,Agriculture,95.7237,200.1752,109.1177
2026-03-09,Agriculture,95.7766,199.0866,109.1177
2026-03-10,Agriculture,95.8296,198.0362,109.1177
2026-03-11,Agriculture,95.8826,197.0228,109.1177
2026-03-12,Agriculture,95.9357,196.045,109.1177
2026-03-13,Agriculture,95.9889,195.1019,109.1177
2026-03-14,Agriculture,96.0422,194.1923,109.1177
2026-03-15,Agriculture,96.0955,193.3151,109.1177
2026-03-16,Agriculture,96.1489,192.4692,109.1177
2026-03-17,Agriculture,96.2024,191.6537,109.1177
2026-03-18,Agriculture,96.2559,190.8676,109.1177
2026-03-19,Agriculture,96.3096,190.1099,109.1177
2026-03-20,Agriculture,96.3633,189.3797,109.1177
2026-03-21,Agriculture,96.4171,188.6762,109.1177
2026-03-22,Agriculture,96.4709,187.9984,109.1177
2026-03-23,Agriculture,96.5248,187.3456,109.1177
2026-03-24,Agriculture,96.5788,186.717,109.1177
2026-03-25,Agriculture,96.6329,186.1118,109.1177
2026-03-26,Agriculture,96.687,185.5292,109.1177
2026-03-27,Agriculture,96.7413,184.9684,109.1177
2026-03-28,Agriculture,96.7955,184.4289,109.1177
2026-03-29,Agriculture,96.8499,183.9099,109.1177
2026-03-30,Agriculture,96.9043,183.4108,109.1177
2026-03-31,Agriculture,96.9589,182.9309,109.1177
2026-04-01,Agriculture,97.0134,182.4696,109.1177
2026-04-02,Agriculture,97.0681,182.0263,109.1177
2026-04-03,Agriculture,97.1228,181.6005,109.1177
2026-04-04,Agriculture,97.1776,181.1915,109.1177
2026-04-05,Agriculture,97.2325,180.7989,109.1177
2026-04-06,Agriculture,97.2875,180.4221,109.1177
2026-04-07,Agriculture,97.3425,180.0605,109.1177
2026-04-08,Agriculture,97.3976,179.7139,109.1177
2026-04-09,Agriculture,97.4528,179.3815,109.1177
2026-04-10,Agriculture,97.5081,179.0631,109.1177
2026-04-11,Agriculture,97.5634,178.758,109.1177
2026-04-12,Agriculture,97.6188,178.466,109.1177
2026-04-13,Agriculture,97.6743,178.1866,109.1177
2026-04-14,Agriculture,97.7298,177.9194,109.1177
2026-04-15,Agriculture,97.7854,177.664,109.1177
2026-04-16,Agriculture,97.8411,177.4201,109.1177
2026-04-17,Agriculture,97.8969,177.1871,109.1177
2026-04-18,Agriculture,97.9528,176.9649,109.1177
2026-04-19,Agriculture,98.0087,176.7531,109.1177
2026-04-20,Agriculture,98.0647,176.5513,109.1177
2026-04-21,Agriculture,98.1208,176.3593,109.1177
2026-04-22,Agriculture,98.1769,176.1766,109.1177
2026-04-23,Agriculture,98.2331,176.0031,109.1177
2026-04-24,Agriculture,98.2894,175.8384,109.1177
2026-04-25,Agriculture,98.3458,175.6822,109.1177
2026-04-26,Agriculture,98.4023,175.5343,109.1177
2026-04-27,Agriculture,98.4588,175.3944,109.1177
2026-04-28,Agriculture,98.5154,175.2622,109.1177
2026-04-29,Agriculture,98.5721,175.1376,109.1177
2026-04-30,Agriculture,98.6288,175.0202,109.1177
2026-05-01,Agriculture,98.6856,174.9099,109.1177
2026-05-02,Agriculture,98.7425,174.8064,109.1177
2026-05-03,Agriculture,98.7995,174.7095,109.1177
2026-05-04,Agriculture,98.8566,174.6189,109.1177
2026-05-05,Agriculture,98.9137,174.5346,109.1177
2026-05-06,Agriculture,98.9709,174.4563,109.1177
2026-05-07,Agriculture,99.0282,174.3838,109.1177
2026-05-08,Agriculture,99.0855,174.3169,109.1177
2026-05-09,Agriculture,99.1429,174.2554,109.1177
2026-05-10,Agriculture,99.2004,174.1992,109.1177
2026-05-11,Agriculture,99.258,174.1481,109.1177
2026-05-12,Agriculture,99.3157,174.102,109.1177
2026-05-13,Agriculture,99.3734,174.0607,109.1177
2026-05-14,Agriculture,99.4312,174.024,109.1177
2026-05-15,Agriculture,99.4891,173.9918,109.1177
2026-05-16,Agriculture,99.5471,173.964,109.1177
2026-05-17,Agriculture,99.6051,173.9404,109.1177
2026-05-18,Agriculture,99.6632,173.9208,109.1177
2026-05-19,Agriculture,99.7214,173.9053,109.1177
2026-05-20,Agriculture,99.7797,173.8935,109.1177
2026-05-21,Agriculture,99.838,173.8855,109.1177
2026-05-22,Agriculture,99.8964,173.8811,109.1177
